state,time_s,field,relative_l2_vs_L0
L0,0.0,rho,0.0
L0,0.0,p,0.0
L0,0.0,T,0.0
L0,0.0,U,0.0
L0,0.0,epsilonS,0.0
L0,0.0,Us,0.0
L0,0.0,theta,0.0
L0,0.0025,rho,0.0
L0,0.0025,p,0.0
L0,0.0025,T,0.0
L0,0.0025,U,0.0
L0,0.0025,epsilonS,0.0
L0,0.0025,Us,0.0
L0,0.0025,theta,0.0
L0,0.005,rho,0.0
L0,0.005,p,0.0
L0,0.005,T,0.0
L0,0.005,U,0.0
L0,0.005,epsilonS,0.0
L0,0.005,Us,0.0
L0,0.005,theta,0.0
L0,0.0075,rho,0.0
L0,0.0075,p,0.0
L0,0.0075,T,0.0
L0,0.0075,U,0.0
L0,0.0075,epsilonS,0.0
L0,0.0075,Us,0.0
L0,0.0075,theta,0.0
L0,0.01,rho,0.0
L0,0.01,p,0.0
L0,0.01,T,0.0
L0,0.01,U,0.0
L0,0.01,epsilonS,0.0
L0,0.01,Us,0.0
L0,0.01,theta,0.0
L0,0.0125,rho,0.0
L0,0.0125,p,0.0
L0,0.0125,T,0.0
L0,0.0125,U,0.0
L0,0.0125,epsilonS,0.0
L0,0.0125,Us,0.0
L0,0.0125,theta,0.0
L0,0.015,rho,0.0
L0,0.015,p,0.0
L0,0.015,T,0.0
L0,0.015,U,0.0
L0,0.015,epsilonS,0.0
L0,0.015,Us,0.0
L0,0.015,theta,0.0
L0,0.0175,rho,0.0
L0,0.0175,p,0.0
L0,0.0175,T,0.0
L0,0.0175,U,0.0
L0,0.0175,epsilonS,0.0
L0,0.0175,Us,0.0
L0,0.0175,theta,0.0
L0,0.02,rho,0.0
L0,0.02,p,0.0
L0,0.02,T,0.0
L0,0.02,U,0.0
L0,0.02,epsilonS,0.0
L0,0.02,Us,0.0
L0,0.02,theta,0.0
L0,0.0225,rho,0.0
L0,0.0225,p,0.0
L0,0.0225,T,0.0
L0,0.0225,U,0.0
L0,0.0225,epsilonS,0.0
L0,0.0225,Us,0.0
L0,0.0225,theta,0.0
L0,0.025,rho,0.0
L0,0.025,p,0.0
L0,0.025,T,0.0
L0,0.025,U,0.0
L0,0.025,epsilonS,0.0
L0,0.025,Us,0.0
L0,0.025,theta,0.0
L0,0.0275,rho,0.0
L0,0.0275,p,0.0
L0,0.0275,T,0.0
L0,0.0275,U,0.0
L0,0.0275,epsilonS,0.0
L0,0.0275,Us,0.0
L0,0.0275,theta,0.0
L0,0.03,rho,0.0
L0,0.03,p,0.0
L0,0.03,T,0.0
L0,0.03,U,0.0
L0,0.03,epsilonS,0.0
L0,0.03,Us,0.0
L0,0.03,theta,0.0
L0,0.0325,rho,0.0
L0,0.0325,p,0.0
L0,0.0325,T,0.0
L0,0.0325,U,0.0
L0,0.0325,epsilonS,0.0
L0,0.0325,Us,0.0
L0,0.0325,theta,0.0
L0,0.035,rho,0.0
L0,0.035,p,0.0
L0,0.035,T,0.0
L0,0.035,U,0.0
L0,0.035,epsilonS,0.0
L0,0.035,Us,0.0
L0,0.035,theta,0.0
L0,0.0375,rho,0.0
L0,0.0375,p,0.0
L0,0.0375,T,0.0
L0,0.0375,U,0.0
L0,0.0375,epsilonS,0.0
L0,0.0375,Us,0.0
L0,0.0375,theta,0.0
L0,0.04,rho,0.0
L0,0.04,p,0.0
L0,0.04,T,0.0
L0,0.04,U,0.0
L0,0.04,epsilonS,0.0
L0,0.04,Us,0.0
L0,0.04,theta,0.0
L0,0.0425,rho,0.0
L0,0.0425,p,0.0
L0,0.0425,T,0.0
L0,0.0425,U,0.0
L0,0.0425,epsilonS,0.0
L0,0.0425,Us,0.0
L0,0.0425,theta,0.0
L0,0.045,rho,0.0
L0,0.045,p,0.0
L0,0.045,T,0.0
L0,0.045,U,0.0
L0,0.045,epsilonS,0.0
L0,0.045,Us,0.0
L0,0.045,theta,0.0
L0,0.0475,rho,0.0
L0,0.0475,p,0.0
L0,0.0475,T,0.0
L0,0.0475,U,0.0
L0,0.0475,epsilonS,0.0
L0,0.0475,Us,0.0
L0,0.0475,theta,0.0
L0,0.05,rho,0.0
L0,0.05,p,0.0
L0,0.05,T,0.0
L0,0.05,U,0.0
L0,0.05,epsilonS,0.0
L0,0.05,Us,0.0
L0,0.05,theta,0.0
L1,0.0,rho,0.0
L1,0.0,p,0.0
L1,0.0,T,0.0
L1,0.0,U,0.0
L1,0.0,epsilonS,0.0
L1,0.0,Us,0.0
L1,0.0,theta,0.0
L1,0.0025,rho,2.2052434341442494e-16
L1,0.0025,p,2.097797864931826e-16
L1,0.0025,T,2.187786775014649e-16
L1,0.0025,U,4.916611948374173e-14
L1,0.0025,epsilonS,1.8634355221552615e-16
L1,0.0025,Us,3.5089905956814324e-11
L1,0.0025,theta,5.749319101754922e-10
L1,0.005,rho,5.73930393162859e-16
L1,0.005,p,7.560069924188699e-16
L1,0.005,T,3.3966275228353763e-16
L1,0.005,U,1.9614431914870068e-13
L1,0.005,epsilonS,1.8637082430276646e-16
L1,0.005,Us,8.675829962202983e-11
L1,0.005,theta,1.4416046170107473e-09
L1,0.0075,rho,9.537231003297708e-16
L1,0.0075,p,1.3739922186897264e-15
L1,0.0075,T,5.612012011804281e-16
L1,0.0075,U,4.1475257542654736e-13
L1,0.0075,epsilonS,1.8882649194761676e-16
L1,0.0075,Us,1.3811451524262898e-10
L1,0.0075,theta,2.1488413118307124e-09
L1,0.01,rho,1.4583856504225796e-15
L1,0.01,p,2.1237008225652743e-15
L1,0.01,T,8.4703408793835e-16
L1,0.01,U,7.128472024548776e-13
L1,0.01,epsilonS,1.905570192273964e-16
L1,0.01,Us,1.8092804907240562e-10
L1,0.01,theta,2.687177555630312e-09
L1,0.0125,rho,2.0290501312735695e-15
L1,0.0125,p,2.939794594646797e-15
L1,0.0125,T,1.1606777096599138e-15
L1,0.0125,U,1.042225092018264e-12
L1,0.0125,epsilonS,1.9369219529483316e-16
L1,0.0125,Us,2.1901386533640223e-10
L1,0.0125,theta,3.3592851943348112e-09
L1,0.015,rho,2.445430584918442e-15
L1,0.015,p,3.5823135118537e-15
L1,0.015,T,1.3941702072659729e-15
L1,0.015,U,1.4196114274127855e-12
L1,0.015,epsilonS,1.9598741528969776e-16
L1,0.015,Us,2.49429394357756e-10
L1,0.015,theta,3.734387405054959e-09
L1,0.0175,rho,3.072717007899509e-15
L1,0.0175,p,4.343803540101159e-15
L1,0.0175,T,1.6875493294832536e-15
L1,0.0175,U,1.838911446187599e-12
L1,0.0175,epsilonS,1.9926971437283984e-16
L1,0.0175,Us,2.817310646507393e-10
L1,0.0175,theta,4.049131720704e-09
L1,0.02,rho,3.408318963716297e-15
L1,0.02,p,4.973653814736016e-15
L1,0.02,T,1.9730722753368936e-15
L1,0.02,U,2.29314806394893e-12
L1,0.02,epsilonS,2.0215717865670443e-16
L1,0.02,Us,3.0720936605273176e-10
L1,0.02,theta,4.350316982711081e-09
L1,0.0225,rho,4.14669005617688e-15
L1,0.0225,p,5.780398853687867e-15
L1,0.0225,T,2.209726055276301e-15
L1,0.0225,U,2.79030118832518e-12
L1,0.0225,epsilonS,2.0320614034245103e-16
L1,0.0225,Us,3.3310191167392523e-10
L1,0.0225,theta,4.723665198320592e-09
L1,0.025,rho,4.380437300379167e-15
L1,0.025,p,6.29649198719715e-15
L1,0.025,T,2.508515079737413e-15
L1,0.025,U,3.2947332825461247e-12
L1,0.025,epsilonS,2.0489587055720282e-16
L1,0.025,Us,3.5396474379743e-10
L1,0.025,theta,4.948084380430034e-09
L1,0.0275,rho,4.9785616978989746e-15
L1,0.0275,p,7.0815655846804155e-15
L1,0.0275,T,2.718596109041615e-15
L1,0.0275,U,3.828709206442469e-12
L1,0.0275,epsilonS,2.0503891317311176e-16
L1,0.0275,Us,3.7434534463629065e-10
L1,0.0275,theta,5.1039088680368995e-09
L1,0.03,rho,5.46044537660921e-15
L1,0.03,p,7.821556115329796e-15
L1,0.03,T,3.0781865502275172e-15
L1,0.03,U,4.3960739517831875e-12
L1,0.03,epsilonS,2.0544239254322685e-16
L1,0.03,Us,3.9701511702019834e-10
L1,0.03,theta,5.349918610692792e-09
L1,0.0325,rho,6.056861842779778e-15
L1,0.0325,p,8.392122940352031e-15
L1,0.0325,T,3.158680501076014e-15
L1,0.0325,U,4.9837695230383186e-12
L1,0.0325,epsilonS,2.0537826180496164e-16
L1,0.0325,Us,4.173059763959571e-10
L1,0.0325,theta,5.569685092889307e-09
L1,0.035,rho,6.5735345521686095e-15
L1,0.035,p,9.10498789545207e-15
L1,0.035,T,3.536878696998979e-15
L1,0.035,U,5.615282747140386e-12
L1,0.035,epsilonS,2.0794770650962638e-16
L1,0.035,Us,4.340281388573899e-10
L1,0.035,theta,5.765704018365792e-09
L1,0.0375,rho,7.069313921895217e-15
L1,0.0375,p,9.622740380163597e-15
L1,0.0375,T,3.886894942790522e-15
L1,0.0375,U,6.247834351919036e-12
L1,0.0375,epsilonS,2.0889484728725298e-16
L1,0.0375,Us,4.4988426143808586e-10
L1,0.0375,theta,5.9377269153391436e-09
L1,0.04,rho,7.385885446157667e-15
L1,0.04,p,1.0162020011791888e-14
L1,0.04,T,3.964664553517697e-15
L1,0.04,U,6.873108037522899e-12
L1,0.04,epsilonS,2.0891395395077736e-16
L1,0.04,Us,4.66932612731109e-10
L1,0.04,theta,6.060784990320622e-09
L1,0.0425,rho,7.938715219143286e-15
L1,0.0425,p,1.0747343391473034e-14
L1,0.0425,T,4.331309304898754e-15
L1,0.0425,U,7.492715874736132e-12
L1,0.0425,epsilonS,2.0882179835348728e-16
L1,0.0425,Us,4.817560810803178e-10
L1,0.0425,theta,6.205168975335238e-09
L1,0.045,rho,8.334353558965648e-15
L1,0.045,p,1.1375031988550606e-14
L1,0.045,T,4.492316828247659e-15
L1,0.045,U,8.129253482966866e-12
L1,0.045,epsilonS,2.087208998744976e-16
L1,0.045,Us,4.981966345578948e-10
L1,0.045,theta,6.357531682632598e-09
L1,0.0475,rho,8.679650483202563e-15
L1,0.0475,p,1.1820038910804138e-14
L1,0.0475,T,4.63201585782952e-15
L1,0.0475,U,8.75295798947519e-12
L1,0.0475,epsilonS,2.093301206761193e-16
L1,0.0475,Us,5.110249955942329e-10
L1,0.0475,theta,6.549016705786314e-09
L1,0.05,rho,9.220483370313574e-15
L1,0.05,p,1.2545528519488848e-14
L1,0.05,T,4.8963811277546375e-15
L1,0.05,U,9.396773804308729e-12
L1,0.05,epsilonS,2.0766542967766405e-16
L1,0.05,Us,5.27065507940061e-10
L1,0.05,theta,6.648166616693633e-09
T1,0.0,rho,0.0
T1,0.0,p,0.0
T1,0.0,T,0.0
T1,0.0,U,0.0
T1,0.0,epsilonS,0.0
T1,0.0,Us,0.0
T1,0.0,theta,0.0
T1,0.0025,rho,2.2052434341442494e-16
T1,0.0025,p,2.097797864931826e-16
T1,0.0025,T,2.187786775014649e-16
T1,0.0025,U,4.916611948374173e-14
T1,0.0025,epsilonS,1.8634355221552615e-16
T1,0.0025,Us,3.5089905956814324e-11
T1,0.0025,theta,5.749319101754922e-10
T1,0.005,rho,5.738972651845005e-16
T1,0.005,p,7.560627738506274e-16
T1,0.005,T,3.3974499683901804e-16
T1,0.005,U,1.961449309334263e-13
T1,0.005,epsilonS,1.8637082430276646e-16
T1,0.005,Us,8.67582997156792e-11
T1,0.005,theta,1.4416046169854023e-09
T1,0.0075,rho,9.53823909831892e-16
T1,0.0075,p,1.3736075793695285e-15
T1,0.0075,T,5.610039832417059e-16
T1,0.0075,U,4.1450975882043107e-13
T1,0.0075,epsilonS,1.8882649194761676e-16
T1,0.0075,Us,1.3870798830687367e-10
T1,0.0075,theta,2.156536898439883e-09
T1,0.01,rho,1.464783086663415e-15
T1,0.01,p,2.1387088277494215e-15
T1,0.01,T,8.561155723662492e-16
T1,0.01,U,7.160524391780119e-13
T1,0.01,epsilonS,1.905570192273964e-16
T1,0.01,Us,1.833737985007543e-10
T1,0.01,theta,2.7836807168688575e-09
T1,0.0125,rho,2.0772494848379562e-15
T1,0.0125,p,3.01052802672495e-15
T1,0.0125,T,1.1868338161387997e-15
T1,0.0125,U,1.0523389339332276e-12
T1,0.0125,epsilonS,1.9369219529483316e-16
T1,0.0125,Us,2.2170789398409395e-10
T1,0.0125,theta,3.411920190556385e-09
T1,0.015,rho,2.415712238341089e-15
T1,0.015,p,3.557577117050766e-15
T1,0.015,T,1.3919696027052359e-15
T1,0.015,U,1.4191221280680999e-12
T1,0.015,epsilonS,1.9598741528969776e-16
T1,0.015,Us,2.51645464509753e-10
T1,0.015,theta,3.7876132851323745e-09
T1,0.0175,rho,3.090450242383437e-15
T1,0.0175,p,4.395881781092246e-15
T1,0.0175,T,1.709855827564276e-15
T1,0.0175,U,1.8256121833315275e-12
T1,0.0175,epsilonS,1.9926971437283984e-16
T1,0.0175,Us,2.85671270766498e-10
T1,0.0175,theta,4.1480972356783e-09
T1,0.02,rho,3.4255332465607677e-15
T1,0.02,p,5.011169689910858e-15
T1,0.02,T,1.990677677459961e-15
T1,0.02,U,2.2651479066111686e-12
T1,0.02,epsilonS,2.0215717865670443e-16
T1,0.02,Us,3.1078420889673827e-10
T1,0.02,theta,4.361464388618717e-09
T1,0.0225,rho,4.107441502519315e-15
T1,0.0225,p,5.7502022695982724e-15
T1,0.0225,T,2.2146903866463023e-15
T1,0.0225,U,2.733930886476782e-12
T1,0.0225,epsilonS,2.0320614034245103e-16
T1,0.0225,Us,3.358885994087773e-10
T1,0.0225,theta,4.6718101241271895e-09
T1,0.025,rho,4.3258449054581815e-15
T1,0.025,p,6.3031615945154605e-15
T1,0.025,T,2.5597728426747205e-15
T1,0.025,U,3.2256047744964625e-12
T1,0.025,epsilonS,2.0489587055720282e-16
T1,0.025,Us,3.560704712351087e-10
T1,0.025,theta,4.948452898158877e-09
T1,0.0275,rho,4.968922142113602e-15
T1,0.0275,p,7.064963815175063e-15
T1,0.0275,T,2.711272099729495e-15
T1,0.0275,U,3.734320106828314e-12
T1,0.0275,epsilonS,2.0503891317311176e-16
T1,0.0275,Us,3.7785563885994705e-10
T1,0.0275,theta,5.074323957054788e-09
T1,0.03,rho,5.399618144403962e-15
T1,0.03,p,7.80507105570274e-15
T1,0.03,T,3.1513022761932004e-15
T1,0.03,U,4.268968965811125e-12
T1,0.03,epsilonS,2.0544239254322685e-16
T1,0.03,Us,3.9880921842573166e-10
T1,0.03,theta,5.331631917758826e-09
T1,0.0325,rho,5.9246730322323e-15
T1,0.0325,p,8.239884632030842e-15
T1,0.0325,T,3.182449559935721e-15
T1,0.0325,U,4.831404078398718e-12
T1,0.0325,epsilonS,2.0537826180496164e-16
T1,0.0325,Us,4.1885232388639375e-10
T1,0.0325,theta,5.580675350301797e-09
T1,0.035,rho,6.480941950431328e-15
T1,0.035,p,8.992161280722756e-15
T1,0.035,T,3.5406061229458043e-15
T1,0.035,U,5.443427130358649e-12
T1,0.035,epsilonS,2.0794770650962638e-16
T1,0.035,Us,4.3649198170213917e-10
T1,0.035,theta,5.815327952240427e-09
T1,0.0375,rho,7.118201184851612e-15
T1,0.0375,p,9.55821579877979e-15
T1,0.0375,T,3.926729526628645e-15
T1,0.0375,U,6.043220435184329e-12
T1,0.0375,epsilonS,2.0889484728725298e-16
T1,0.0375,Us,4.544802037263104e-10
T1,0.0375,theta,5.972191935574023e-09
T1,0.04,rho,7.437616783193368e-15
T1,0.04,p,1.019916582471103e-14
T1,0.04,T,4.024067362812152e-15
T1,0.04,U,6.686084517306645e-12
T1,0.04,epsilonS,2.0891395395077736e-16
T1,0.04,Us,4.704128395081161e-10
T1,0.04,theta,6.036434585278447e-09
T1,0.0425,rho,8.023125767126546e-15
T1,0.0425,p,1.0817792746475096e-14
T1,0.0425,T,4.3893150982463435e-15
T1,0.0425,U,7.309201743046112e-12
T1,0.0425,epsilonS,2.0882179835348728e-16
T1,0.0425,Us,4.869395816170151e-10
T1,0.0425,theta,6.1885493106923635e-09
T1,0.045,rho,8.376198836855955e-15
T1,0.045,p,1.1415010004313155e-14
T1,0.045,T,4.557221324050887e-15
T1,0.045,U,7.951653291156134e-12
T1,0.045,epsilonS,2.087208998744976e-16
T1,0.045,Us,5.005068091408108e-10
T1,0.045,theta,6.378035039409826e-09
T1,0.0475,rho,8.79320539901119e-15
T1,0.0475,p,1.199622872571352e-14
T1,0.0475,T,4.8176377338433914e-15
T1,0.0475,U,8.598352608399204e-12
T1,0.0475,epsilonS,2.093301206761193e-16
T1,0.0475,Us,5.167750975473579e-10
T1,0.0475,theta,6.533835500314058e-09
T1,0.05,rho,9.229889311063457e-15
T1,0.05,p,1.2601911284063708e-14
T1,0.05,T,5.023418198222691e-15
T1,0.05,U,9.255067520292878e-12
T1,0.05,epsilonS,2.0766542967766405e-16
T1,0.05,Us,5.296173067071301e-10
T1,0.05,theta,6.670736034082313e-09
S1,0.0,rho,0.0
S1,0.0,p,0.0
S1,0.0,T,0.0
S1,0.0,U,0.0
S1,0.0,epsilonS,0.0
S1,0.0,Us,0.0
S1,0.0,theta,0.0
S1,0.0025,rho,2.2052434341442494e-16
S1,0.0025,p,2.097797864931826e-16
S1,0.0025,T,2.187786775014649e-16
S1,0.0025,U,4.916611948374173e-14
S1,0.0025,epsilonS,1.8634355221552615e-16
S1,0.0025,Us,3.5089905956814324e-11
S1,0.0025,theta,5.749319101754922e-10
S1,0.005,rho,5.739351255751002e-16
S1,0.005,p,7.560278068672828e-16
S1,0.005,T,3.397046833684802e-16
S1,0.005,U,1.9614478809940835e-13
S1,0.005,epsilonS,1.8637082430276646e-16
S1,0.005,Us,8.675829971592861e-11
S1,0.005,theta,1.441604616989935e-09
S1,0.0075,rho,9.471457472933989e-16
S1,0.0075,p,1.3660519452874418e-15
S1,0.0075,T,5.591308624383722e-16
S1,0.0075,U,4.1308510452118536e-13
S1,0.0075,epsilonS,1.8882649194761676e-16
S1,0.0075,Us,1.3818152551846598e-10
S1,0.0075,theta,2.1525162142958626e-09
S1,0.01,rho,1.4316248902274454e-15
S1,0.01,p,2.0861494144918157e-15
S1,0.01,T,8.320495815728684e-16
S1,0.01,U,7.072772737820028e-13
S1,0.01,epsilonS,1.905570192273964e-16
S1,0.01,Us,1.8240051708877736e-10
S1,0.01,theta,2.7376574324658045e-09
S1,0.0125,rho,2.0077612876184986e-15
S1,0.0125,p,2.931846648227411e-15
S1,0.0125,T,1.1656723338223889e-15
S1,0.0125,U,1.0371900213885658e-12
S1,0.0125,epsilonS,1.9369219529483316e-16
S1,0.0125,Us,2.194921401103772e-10
S1,0.0125,theta,3.4085637784681607e-09
S1,0.015,rho,2.3679042319187883e-15
S1,0.015,p,3.481049388847883e-15
S1,0.015,T,1.356733593617043e-15
S1,0.015,U,1.3924804901425428e-12
S1,0.015,epsilonS,1.9598741528969776e-16
S1,0.015,Us,2.482141979704926e-10
S1,0.015,theta,3.798222263080425e-09
S1,0.0175,rho,3.0099779933766974e-15
S1,0.0175,p,4.2535651441710566e-15
S1,0.0175,T,1.6489330027742106e-15
S1,0.0175,U,1.782928310018049e-12
S1,0.0175,epsilonS,1.9926971437283984e-16
S1,0.0175,Us,2.803174555439133e-10
S1,0.0175,theta,4.079842445544607e-09
S1,0.02,rho,3.346219260554016e-15
S1,0.02,p,4.905110027623168e-15
S1,0.02,T,1.941721931160048e-15
S1,0.02,U,2.208060888564773e-12
S1,0.02,epsilonS,2.0215717865670443e-16
S1,0.02,Us,3.076570010079964e-10
S1,0.02,theta,4.322430363130448e-09
S1,0.0225,rho,4.102588576630385e-15
S1,0.0225,p,5.752209820250297e-15
S1,0.0225,T,2.2002234545071196e-15
S1,0.0225,U,2.672477262170825e-12
S1,0.0225,epsilonS,2.0320614034245103e-16
S1,0.0225,Us,3.3423874609596873e-10
S1,0.0225,theta,4.658213277792592e-09
S1,0.025,rho,4.320603649323414e-15
S1,0.025,p,6.288967531994606e-15
S1,0.025,T,2.505052615125109e-15
S1,0.025,U,3.1470317851826046e-12
S1,0.025,epsilonS,2.0489587055720282e-16
S1,0.025,Us,3.534250733750633e-10
S1,0.025,theta,4.85351120162739e-09
S1,0.0275,rho,4.911823270760441e-15
S1,0.0275,p,7.023422560229065e-15
S1,0.0275,T,2.6850789782262577e-15
S1,0.0275,U,3.663192145009739e-12
S1,0.0275,epsilonS,2.0503891317311176e-16
S1,0.0275,Us,3.761030254740687e-10
S1,0.0275,theta,5.025491428723505e-09
S1,0.03,rho,5.3775737272921715e-15
S1,0.03,p,7.7631084944339e-15
S1,0.03,T,3.0349288910101857e-15
S1,0.03,U,4.2352356187019025e-12
S1,0.03,epsilonS,2.0544239254322685e-16
S1,0.03,Us,3.9756695966016474e-10
S1,0.03,theta,5.30908807850484e-09
S1,0.0325,rho,6.0134047913035944e-15
S1,0.0325,p,8.417196772455618e-15
S1,0.0325,T,3.1749494613125282e-15
S1,0.0325,U,4.824755033820939e-12
S1,0.0325,epsilonS,2.0537826180496164e-16
S1,0.0325,Us,4.1849014678336546e-10
S1,0.0325,theta,5.531356158151483e-09
S1,0.035,rho,6.517164277838574e-15
S1,0.035,p,9.035286457009258e-15
S1,0.035,T,3.4960834040397843e-15
S1,0.035,U,5.4473503490298456e-12
S1,0.035,epsilonS,2.0794770650962638e-16
S1,0.035,Us,4.3578683273426407e-10
S1,0.035,theta,5.7653825874892665e-09
S1,0.0375,rho,7.030611198835586e-15
S1,0.0375,p,9.522662083827557e-15
S1,0.0375,T,3.923607298152044e-15
S1,0.0375,U,6.09509825326228e-12
S1,0.0375,epsilonS,2.0889484728725298e-16
S1,0.0375,Us,4.5544845433773626e-10
S1,0.0375,theta,5.90452182679896e-09
S1,0.04,rho,7.365750720547709e-15
S1,0.04,p,1.0084470115853859e-14
S1,0.04,T,3.96781757065155e-15
S1,0.04,U,6.772646686432664e-12
S1,0.04,epsilonS,2.0891395395077736e-16
S1,0.04,Us,4.715668591408857e-10
S1,0.04,theta,6.109592075565739e-09
S1,0.0425,rho,7.840394168228387e-15
S1,0.0425,p,1.0665611250688467e-14
S1,0.0425,T,4.323869999532456e-15
S1,0.0425,U,7.44874141910738e-12
S1,0.0425,epsilonS,2.0882179835348728e-16
S1,0.0425,Us,4.848716078253862e-10
S1,0.0425,theta,6.187372849292645e-09
S1,0.045,rho,8.268923063814228e-15
S1,0.045,p,1.1326887165258232e-14
S1,0.045,T,4.4270042716779446e-15
S1,0.045,U,8.159213815314882e-12
S1,0.045,epsilonS,2.087208998744976e-16
S1,0.045,Us,5.012906919562078e-10
S1,0.045,theta,6.3850872336116374e-09
S1,0.0475,rho,8.635061617890451e-15
S1,0.0475,p,1.1934608973476775e-14
S1,0.0475,T,4.707471995951786e-15
S1,0.0475,U,8.866528009344042e-12
S1,0.0475,epsilonS,2.093301206761193e-16
S1,0.0475,Us,5.161068197319962e-10
S1,0.0475,theta,6.57775745160569e-09
S1,0.05,rho,9.156525058189799e-15
S1,0.05,p,1.253818484274119e-14
S1,0.05,T,4.8575611919611175e-15
S1,0.05,U,9.579137132304332e-12
S1,0.05,epsilonS,2.0766542967766405e-16
S1,0.05,Us,5.291990630210613e-10
S1,0.05,theta,6.708778763672701e-09
