case,mean_ppc,particles,comparison,median,ci95_low,ci95_high,estimate_kind
Nozzle,0.9975,7581,E1_over_L1,1.0008837373906696,0.9923835070673716,1.0037061499925284,direct_paired
Nozzle,0.9975,7581,L1_over_L0,0.327207119282155,0.3179666286052388,0.3307127107675432,direct_paired
Nozzle,0.9975,7581,S1_over_E1,0.9921848900577552,0.9912109538096128,0.995872832304269,direct_paired
Nozzle,0.9975,7581,S1_over_L0,0.3241494694855564,0.3146681460250446,0.3283025542888636,direct_paired
Nozzle,9.975,75810,E1_over_L1,0.9931536627141604,0.9840008499715106,0.9987067846626448,direct_paired
Nozzle,9.975,75810,L1_over_L0,0.3618143991033066,0.3516033952880747,0.3644980378126351,direct_paired
Nozzle,9.975,75810,S1_over_E1,0.9919568074002988,0.9862840199837782,1.0074756086808248,direct_paired
Nozzle,9.975,75810,S1_over_L0,0.3570373414090526,0.3477427628679735,0.3604870193824344,direct_paired
Nozzle,99.75,758100,E1_over_L1,1.0313826659164147,1.02691814003745,1.0343231384385856,direct_paired
Nozzle,99.75,758100,L1_over_L0,0.9924667358759796,0.9920303815247312,0.9933906181781664,direct_paired
Nozzle,99.75,758100,S1_over_E1,0.9992289153491576,0.997512592720231,1.0030301158368893,direct_paired
Nozzle,99.75,758100,S1_over_L0,1.023775837061389,1.0161999879025587,1.0295274162749597,direct_paired
Nozzle,498.75,3790500,E1_over_L1,1.0462267270559165,1.040053977439138,1.0514876134239288,direct_paired
Nozzle,498.75,3790500,L1_over_L0,1.4945135653251118,1.489586770140732,1.500352057797032,direct_paired
Nozzle,498.75,3790500,S1_over_E1,1.0136803265924528,1.0070497533046583,1.01900266186651,direct_paired
Nozzle,498.75,3790500,S1_over_L0,1.582540925000246,1.5772109406550947,1.5915202019222312,direct_paired
Nozzle,997.5,7581000,E1_over_L1,1.0533515470223511,1.047087417728594,1.054655608628602,direct_paired
Nozzle,997.5,7581000,L1_over_L0,1.5994618901169084,1.5980051272411997,1.6068570842198977,direct_paired
Nozzle,997.5,7581000,S1_over_E1,1.0170045474248053,1.0147604215699797,1.0176686446779748,direct_paired
Nozzle,997.5,7581000,S1_over_L0,1.713876471460825,1.6995568368272536,1.7213670441352829,direct_paired
Nozzle,1246.875,9476250,E1_over_L1,1.047025920828464,1.0391953999553325,1.0538786588766116,direct_paired
Nozzle,1246.875,9476250,L1_over_L0,1.600089642495914,1.5963577716883357,1.6149614690600231,direct_paired
Nozzle,1246.875,9476250,S1_over_E1,1.0172749436315949,1.009168149882576,1.028725506939748,direct_paired
Nozzle,1246.875,9476250,S1_over_L0,1.712978663909413,1.701797363403254,1.7210691731094776,direct_paired
Taylor-Green,4.0,131072,E1_over_L1,1.0021588924839202,0.9999230661131684,1.0126974849413133,direct_paired
Taylor-Green,4.0,131072,L1_over_L0,0.3961531239220878,0.3918384515011109,0.3964900194790447,direct_paired
Taylor-Green,4.0,131072,S1_over_E1,0.9979188345395136,0.996956293043248,0.9988817186439446,direct_paired_repaired
Taylor-Green,4.0,131072,S1_over_L0,0.3961821358043082,0.39061575617981004,0.40107542822932335,E1_anchor_chained
Taylor-Green,8.0,262144,E1_over_L1,1.0004369992778843,0.9900644617381288,1.0090819313877746,direct_paired
Taylor-Green,8.0,262144,L1_over_L0,0.437063194984086,0.4341068568987564,0.4375009925216172,direct_paired
Taylor-Green,8.0,262144,S1_over_E1,0.9993835395989354,0.996785046483298,1.007452316243441,direct_paired_repaired
Taylor-Green,8.0,262144,S1_over_L0,0.43698464139055737,0.42841200461479656,0.4447643529613988,E1_anchor_chained
Taylor-Green,16.0,524288,E1_over_L1,1.0032425588190748,1.0026286443749828,1.004136587358046,direct_paired
Taylor-Green,16.0,524288,L1_over_L0,0.5245131703480667,0.5242424181062252,0.524580668112866,direct_paired
Taylor-Green,16.0,524288,S1_over_E1,1.000882422957878,1.0004457315933553,1.0061397856763925,direct_paired_repaired
Taylor-Green,16.0,524288,S1_over_L0,0.5266782784114351,0.5258547506370674,0.5299847779188585,E1_anchor_chained
Taylor-Green,32.0,1048576,E1_over_L1,1.0071033492079031,1.0010868934667625,1.0127088099564283,direct_paired
Taylor-Green,32.0,1048576,L1_over_L0,0.6762568160874306,0.6733877150897659,0.6771160190743242,direct_paired
Taylor-Green,32.0,1048576,S1_over_E1,1.0048573618470416,1.0020086708432498,1.0077519622296902,direct_paired_repaired
Taylor-Green,32.0,1048576,S1_over_L0,0.6843686617159546,0.6754737002150112,0.6910370439455644,E1_anchor_chained
Taylor-Green,64.0,2097152,E1_over_L1,1.0163118246336835,1.0143235339668344,1.02037284996624,direct_paired
Taylor-Green,64.0,2097152,L1_over_L0,0.8746467426232001,0.8741093432960849,0.8761911495179412,direct_paired
Taylor-Green,64.0,2097152,S1_over_E1,1.008280654482388,1.005987101054602,1.0100335377251717,direct_paired_repaired
Taylor-Green,64.0,2097152,S1_over_L0,0.8962746151705122,0.8919380196466999,0.9030120610758025,E1_anchor_chained
Taylor-Green,96.0,3145728,E1_over_L1,1.022166493882974,1.0170801291845095,1.0454381239265396,direct_paired
Taylor-Green,96.0,3145728,L1_over_L0,0.98502561532348,0.9663879259997444,0.999564748639488,direct_paired
Taylor-Green,96.0,3145728,S1_over_E1,1.010837155023576,1.006296278047334,1.014113731732074,direct_paired_repaired
Taylor-Green,96.0,3145728,S1_over_L0,1.0177716794535128,0.9890825302600824,1.0597317066360663,E1_anchor_chained
Taylor-Green,192.0,6291456,E1_over_L1,1.0172219812538377,1.0146509429882946,1.0255954357128343,direct_paired
Taylor-Green,192.0,6291456,L1_over_L0,1.18221102259083,1.169645777767824,1.195136240605413,direct_paired
Taylor-Green,192.0,6291456,S1_over_E1,1.0139270147629025,1.003445701047308,1.0196140064610122,direct_paired_repaired
Taylor-Green,192.0,6291456,S1_over_L0,1.219319263268826,1.190871488014145,1.2497676764661978,E1_anchor_chained
Taylor-Green,384.0,12582912,E1_over_L1,1.0237685103528158,0.96302654816511,1.034006517286412,direct_paired
Taylor-Green,384.0,12582912,L1_over_L0,1.3470722787583065,1.301631498184674,1.3875582080332023,direct_paired
Taylor-Green,384.0,12582912,S1_over_E1,1.0169866525961455,1.0106926021255218,1.0253487272077737,direct_paired_repaired
Taylor-Green,384.0,12582912,S1_over_L0,1.4025163059511314,1.2669089262708984,1.471113170325375,E1_anchor_chained
Taylor-Green,768.0,25165824,E1_over_L1,1.0189434607773828,1.0074575035550235,1.0322517824997168,direct_paired
Taylor-Green,768.0,25165824,L1_over_L0,1.3344403759374177,1.3215465624663316,1.3462007888232304,direct_paired
Taylor-Green,768.0,25165824,S1_over_E1,1.0261488872769533,1.0220384322014622,1.0318052377991649,direct_paired_repaired
Taylor-Green,768.0,25165824,S1_over_L0,1.395274441428304,1.3607440133783588,1.4338153000170792,E1_anchor_chained
Taylor-Green,960.0,31457280,E1_over_L1,1.0250239313072622,1.0176593824072035,1.0260265371278308,direct_paired
Taylor-Green,960.0,31457280,L1_over_L0,1.4343719752656756,1.4256206995284515,1.4477006445880598,direct_paired
Taylor-Green,960.0,31457280,S1_over_E1,1.025098483345671,1.0174124787496024,1.0361325841607785,direct_paired_repaired
Taylor-Green,960.0,31457280,S1_over_L0,1.5071670377452966,1.4760582400355051,1.5390498709795,E1_anchor_chained
