x_m,particle_count,mean_u_p,mean_T_p,covariance_uT,selected,T_p_numerical,T_p_published
0.005,2000,1.791707758545244e-06,1.078133447989874,1.9932659940550993e-05,0,1.0781334479899,1.0851236750608702
0.015,2000,5.587888200971669e-06,1.0781329303657785,2.1306354268930613e-05,0,1.0781329303658,1.08455570611655
0.025,1999,0.0007226932237630973,1.0781463944636176,2.5136019206811527e-06,0,1.0781463944636,1.083202469985619
0.035,2000,1.2801108702519987e-05,1.078117944171008,4.220922741876103e-05,0,1.078117944171,1.0859674766979448
0.045,2000,1.7882132695639374e-05,1.0781160411428323,8.279674611756562e-05,0,1.0781160411428,1.0878484791328362
0.055,2000,2.4476300542327967e-05,1.078113475610583,8.472800496667045e-05,0,1.0781134756106,1.0852176217371998
0.065,2000,3.205593790645191e-05,1.0780967931918777,0.00010428176001930647,0,1.0780967931919,1.0838447074464188
0.075,1999,0.0006959050030759754,1.0780804743263208,0.00012136556515336358,0,1.0780804743263,1.083218764372883
0.085,2000,5.432663788246212e-05,1.0780473831583355,0.00015991839083200835,0,1.0780473831583,1.0851892964676335
0.095,1999,0.0006816904732306397,1.0780279052181017,0.00017893135172013447,0,1.0780279052181,1.0849530002263177
0.105,1999,0.0008581479432103363,1.0779960721119326,0.00020508174534153065,0,1.0779960721119,1.0855834860180185
0.115,1998,0.001268172887522121,1.077968524360459,0.00023696790126601693,0,1.0779685243605,1.0840707268737815
0.125,1999,0.0007471701646047535,1.0779016872780327,0.0003030123234226531,0,1.077901687278,1.0845838662097347
0.135,1997,0.0019534819088515994,1.0778739921311395,0.00032046142825818084,0,1.0778739921311,1.0846479394991864
0.145,1999,0.0007736753348984789,1.0777660377048872,0.0004274132047896261,0,1.0777660377049,1.084292734296054
0.155,1997,0.0020905808600468006,1.0777173674062897,0.0004540869524897067,0,1.0777173674063,1.0831302701899914
0.165,1995,0.0031592261899840587,1.0776421190325698,0.0005104715564395526,0,1.0776421190326,1.0841750612302656
0.175,1993,0.004291192119378251,1.0775437518790207,0.0005767874855301574,0,1.077543751879,1.085424553523516
0.185,1995,0.0031727366294469162,1.0773436488596246,0.0007380048194114007,0,1.0773436488596,1.0846876067451603
0.195,1992,0.004880291342511645,1.0772118935455397,0.0008030223621317521,0,1.0772118935455,1.0851978512019058
0.205,1991,0.005474680673853561,1.0769536592574174,0.0009569193068932292,0,1.0769536592574,1.0829871593106406
0.215,1989,0.006628034522209602,1.0766255547110946,0.0011127897933928379,0,1.0766255547111,1.0837302632767032
0.225,1985,0.008018349298799354,1.0761274620050951,0.0013483172261721244,0,1.0761274620051,1.083578749833706
0.235,1980,0.012709622327140626,1.075609022280027,0.0014298337722981457,0,1.07560902228,1.0816820222737729
0.245,1977,0.014247997848259416,1.074631933151647,0.0017867842444702093,0,1.0746319331516,1.0819101460610632
0.255,1962,0.01830829231600283,1.0733506375572173,0.0021101853739738732,0,1.0733506375572,1.0764304543891572
0.265,1951,0.02440176096045686,1.0715790942551298,0.002535412879587664,0,1.0715790942551,1.0718461001398405
0.275,1942,0.030907912334695618,1.0692621414240542,0.0030072222082932754,0,1.0692621414241,1.0667305395445497
0.285,1930,0.038269164376918054,1.0661650717589284,0.003717414474408161,0,1.0661650717589,1.0562781495000815
0.295,1910,0.04898545327329195,1.0625096607747417,0.0043293320900009424,0,1.0625096607747,1.0450666520067213
0.305,1897,0.0586045359637808,1.0580241332046187,0.005124212890241071,0,1.0580241332046,1.0349683351825218
0.315,1875,0.07197574978046316,1.052877378549798,0.005913627725919843,0,1.0528773785498,1.023485866015301
0.325,1847,0.08506251338378268,1.0471315839370237,0.006676040830491725,0,1.047131583937,1.0067985812290674
0.335,1824,0.09926773311255674,1.0406064869618412,0.007553268457522924,0,1.0406064869618,0.9914053364559313
0.345,1798,0.11132528551570325,1.033407049827507,0.008478714401336393,0,1.0334070498275,0.9820294400701426
0.355,1784,0.1302844190998838,1.0261069870395312,0.009236187827442954,0,1.0261069870395,0.9682290571952094
0.365,1758,0.1420811321131629,1.017976676696776,0.010015407056111786,0,1.0179766766968,0.9535452949769446
0.375,1727,0.15825821356943315,1.0098125044396218,0.010681047066601834,0,1.0098125044396,0.9425580168968516
0.385,1714,0.17373117336132263,1.0016051158732104,0.01115419863802039,0,1.0016051158732,0.9294549172666763
0.395,1702,0.1849461609191251,0.9930026441854853,0.011643094481235378,0,0.99300264418549,0.9150987995301427
0.405,1692,0.19978963586234627,0.9849225651520583,0.011786192018862746,0,0.98492256515206,0.9041395386698942
0.415,1675,0.2125879647024879,0.977070728559718,0.011643217170269005,0,0.97707072855972,0.8950444342843801
0.425,1676,0.2227284164456251,0.9697168129585002,0.011357815938427746,0,0.9697168129585,0.8917363313877736
0.435,1683,0.23076081500099788,0.9634092148722982,0.010608015390993292,0,0.9634092148723,0.8875220761093234
0.445,1690,0.24300784371895512,0.9584565600660513,0.00951276172057064,0,0.95845656006605,0.8820822855054125
0.455,1702,0.24141293983766277,0.954173925338764,0.007922535442198286,0,0.95417392533876,0.880276126793276
0.465,1716,0.25075382751356484,0.9515037270510308,0.006438661260900924,0,0.95150372705103,0.8816617265861351
0.475,1733,0.2554927787199548,0.9502282054511116,0.004493159333007618,0,0.95022820545111,0.8805876341864358
0.485,1766,0.26022831581103634,0.9498993995885266,0.002437652095768128,0,0.94989939958853,0.8808405834013292
0.495,1781,0.2628531012699066,0.9509136841994192,0.00010878123528354489,0,0.95091368419942,0.8812983043859373
0.505,1806,0.26601453891633925,0.9535007473146814,-0.002379405233003562,0,0.95350074731468,0.8806778022030247
0.515,1827,0.26948855672513583,0.957115293021744,-0.004980963679310113,0,0.95711529302175,0.8817895428575703
0.525,1864,0.2733985391071109,0.9619463810167925,-0.007508790851199876,0,0.96194638101679,0.8788524259565144
0.535,1902,0.27205419783334456,0.9693636720903284,-0.01083504079072617,0,0.96936367209033,0.8826078802377831
0.545,1929,0.27776596063363773,0.9777919706991132,-0.013592033832575123,0,0.97779197069911,0.8890353400079017
0.555,1945,0.2802924152348754,0.9882475491177777,-0.016628443451130848,0,0.98824754911778,0.8984753876256408
0.565,1985,0.27832452910336974,1.0013963946622297,-0.020066678037544028,0,1.0013963946622,0.9163546902482664
0.575,2010,0.2838203058690777,1.0164087275500129,-0.023127729040289813,0,1.01640872755,0.9451004877463669
0.585,2037,0.2827082728667426,1.0345464926903152,-0.026279318134803886,0,1.0345464926903,0.9842215082463999
0.595,2080,0.2845459277505593,1.0556974833480641,-0.029273294498306845,0,1.0556974833481,1.0276867862991135
0.605,2126,0.2897191990813797,1.0801645159361994,-0.03143798029610101,0,1.0801645159362,1.0828930869298055
0.615,2159,0.28844806619664803,1.1105565135317383,-0.033075465415343785,0,1.1105565135317,1.1378867105397654
0.625,2170,0.28694173029045406,1.145255470826547,-0.03296459089013282,0,1.1452554708265,1.209329403910411
0.635,2217,0.2873904186507313,1.1829064849835405,-0.029379792790206083,0,1.1829064849835,1.2783853485792052
0.645,2250,0.28705089990693705,1.2173308152608457,-0.023400785919212408,0,1.2173308152608,1.3456963315105601
0.655,2265,0.28331188990460016,1.2454205428268064,-0.01597102156805602,0,1.2454205428268,1.3951483093636947
0.665,2293,0.2829797796661071,1.2651072173285076,-0.008259774952640964,0,1.2651072173285,1.4257744078409458
0.675,2322,0.27558341211580917,1.2767707581399912,-0.0010913749958048613,0,1.27677075814,1.4539874142411717
0.685,2335,0.2717707136580909,1.2821133476774318,0.005135822953537705,1,1.2821133476774,1.4572421994304507
0.695,2345,0.2663546697955488,1.2818546570936928,0.009869004684473937,1,1.2818546570937,1.461789937191028
0.705,2353,0.25856827070375904,1.2780043143216009,0.01369911934585405,1,1.2780043143216,1.4683292580032419
0.715,2350,0.24970573602858956,1.2716547186182883,0.016678868299554894,1,1.2716547186183,1.4673659874622393
0.725,2364,0.24085286027872538,1.2629857810396832,0.018651294396311358,0,1.2629857810397,1.459353055149896
0.735,2343,0.2266257100239201,1.253068963649564,0.020057770395062013,0,1.2530689636496,1.4448487790544362
0.745,2331,0.2132667762389417,1.2419413366471148,0.02076552660458819,0,1.2419413366471,1.4301126529554569
0.755,2317,0.2041054942535537,1.2303719080874147,0.02101104659479608,0,1.2303719080874,1.4137797123308664
0.765,2288,0.1841624305983196,1.217733055729047,0.02058558663101076,0,1.217733055729,1.3868765081878403
0.775,2265,0.16439302515496937,1.204550865363153,0.019591158823466293,0,1.2045508653632,1.3605710368841388
0.785,2226,0.14747579889348622,1.19151078828634,0.01834573319748012,0,1.1915107882863,1.329084083432587
0.795,2196,0.12584749120540353,1.178348670510929,0.016702430053556594,0,1.1783486705109,1.2953611561731437
0.805,2155,0.10435944585595477,1.1649983716386925,0.014537828739466574,0,1.1649983716387,1.2649590321459936
0.815,2119,0.07757097216454234,1.1511981503368032,0.011284184122044946,0,1.1511981503368,1.2335783466882324
0.825,2077,0.05414643824921462,1.1384695232125832,0.007718052401892363,0,1.1384695232126,1.2060165838410057
0.835,2046,0.03145976001811947,1.128876340984857,0.004348076637814141,0,1.1288763409849,1.1842372352213795
0.845,2030,0.01751587006359227,1.1240112041761254,0.0023840341487035496,0,1.1240112041761,1.1724440380486092
0.855,2018,0.01322681180689585,1.1221097927320032,0.001613806116877399,0,1.122109792732,1.1700817473525758
0.865,2009,0.006834910757203828,1.1210832909717894,0.000981387875618217,0,1.1210832909718,1.1688876845483098
0.875,2007,0.005380189319972154,1.1206577880373323,0.0007316674155620389,0,1.1206577880373,1.1694437682742918
0.885,2005,0.0038420368601443907,1.120375995517473,0.0005417034623483889,0,1.1203759955175,1.1685088638215053
0.895,2004,0.002967027573417004,1.1202001393864724,0.0004180052223777841,0,1.1202001393865,1.1673018928237644
0.905,2004,0.003204601762761515,1.1201035199472569,0.0003835034944183512,0,1.1201035199473,1.1685882131619645
0.915,2001,0.0009676469639553878,1.1199563201775011,0.0002354658396082948,0,1.1199563201775,1.1708655911509316
0.925,2001,0.0008646670403275536,1.1198974789070537,0.00019797464980456428,0,1.1198974789071,1.168419831494191
0.935,2000,0.00014548720034111593,1.119836440265142,0.00014773762027757675,0,1.1198364402651,1.1695197402559274
0.945,2002,0.0014628431394809794,1.1198159404134898,0.000145924470614353,0,1.1198159404135,1.1695594409068468
0.955,2001,0.0007183781485512491,1.1197678265386344,9.689155892736695e-05,0,1.1197678265386,1.1661170565124028
0.965,2003,0.0007548624995427932,1.119800769883416,7.710876487164258e-05,0,1.1198007698834,1.166635736942706
0.975,2000,3.341389050562432e-05,1.1197332004472775,2.7538760642444145e-05,0,1.1197332004473,1.1702620759689673
0.985,2000,2.081098303228604e-05,1.1197279787870666,2.4260112041075746e-05,0,1.1197279787871,1.1707923655932333
0.995,2000,8.007161027311444e-06,1.1197241129838356,2.105858403928481e-05,0,1.1197241129838,1.16957195198
