state,time_s,particle_count,gas_mass,solid_mass,gas_energy,solid_resolved_energy,solid_granular_energy,solid_energy,mixture_energy,gas_momentum_x,solid_momentum_x,total_momentum_x,gas_momentum_y,solid_momentum_y,total_momentum_y,gas_momentum_z,solid_momentum_z,total_momentum_z,gas_energy_normalized,solid_energy_normalized,mixture_energy_normalized,total_momentum_relative_drift,gas_mass_relative_drift,solid_mass_relative_drift,max_field_relative_l2_vs_L0,mixture_energy_relative_difference_vs_L0
L0,0.0,524288,288.99362367340905,2480.502134423986,903.1050739794033,7751.569170074954,0.0,7751.569170074954,8654.674244054357,288.993623673403,2480.502134424031,2769.4957580974337,144.49681183670896,1240.2510672119802,1384.7478790486891,72.24840591834983,620.1255336064771,692.3739395248269,1.0,1.0,1.0,0.0,0.0,0.0,0.0,0.0
L0,0.0025,524288,288.99362367340905,2480.502134423986,886.4999801157035,7704.801642959072,46.567511262353484,7751.369154221425,8637.869134337128,288.99368097373696,2480.5021301723186,2769.4958111460555,144.49679475627642,1240.2510783293499,1384.7478730856262,72.2484026615079,620.1255373783275,692.3739400398354,0.9816133312256436,0.9999741967272509,0.9980582620161847,1.6825598346590188e-08,0.0,0.0,0.0,0.0
L0,0.005,524288,288.99362682005085,2480.502134423986,870.4338227507021,7704.29001604185,46.63157335661657,7750.9215893984665,8621.355412149169,288.9941379666131,2480.501975660972,2769.496113627585,144.4967430868274,1240.2510452384772,1384.7477883253046,72.24840127003962,620.1255686600172,692.3739699300568,0.9638234219139751,0.999916458118056,0.9961501922584692,1.160407300583753e-07,1.088827415025568e-08,0.0,0.0,0.0
L0,0.0075,524288,288.9936531456845,2480.502134423986,854.5866389754581,7702.137381904412,48.055987121157756,7750.19336902557,8604.780008001027,288.995114311364,2480.50007254966,2769.495186861024,144.49673854923304,1240.250956812126,1384.747695361359,72.24840389272632,620.1256208896593,692.3740247823856,0.946275980058272,0.9998225132203302,0.9942349954895638,1.9101719906843825e-07,1.0198244197516118e-07,0.0,0.0,0.0
L0,0.01,524288,288.99370269542413,2480.502134423986,839.201906244834,7699.42781539444,49.734018123560276,7749.161833518,8588.363739762834,288.99727019633536,2480.4955716139743,2769.4928418103095,144.49714050838904,1240.2502495094031,1384.7473900177922,72.24835081170565,620.1257817857961,692.3741325975018,0.9292406060205275,0.9996894388085644,0.9923381859996547,9.339541513716909e-07,2.734386111419582e-07,0.0,0.0,0.0
L0,0.0125,524288,288.9937680688674,2480.502134423986,824.0594156291577,7696.537891637529,51.26462951780531,7747.802521155335,8571.861936784493,289.0003990347542,2480.488695159257,2769.489094194011,144.49807203503522,1240.248792588295,1384.74686462333,72.24829776973304,620.1260285160517,692.3743262857848,0.9124734644641711,0.9995140791706846,0.9904314934410438,2.127975294635677e-06,4.996492881043369e-07,0.0,0.0,0.0
L0,0.015,524288,288.99384616114776,2480.502134423986,809.129256758305,7693.129649192635,52.96064440166183,7746.090293594297,8555.219550352604,289.0068467842023,2480.477923935574,2769.4847707197764,144.49966606573963,1240.246199293326,1384.7458653590656,72.24824624032827,620.1263462497084,692.3745924900367,0.8959414359095479,0.9992931913061154,0.9885085572377172,3.526617475735675e-06,7.698707531420485e-07,0.0,0.0,0.0
L0,0.0175,524288,288.99393145887825,2480.502134423986,794.4433389657856,7689.0869232253535,54.917930475315465,7744.004853700669,8538.448192666456,289.0146724756755,2480.4651804400437,2769.479852915719,144.50218719942225,1240.2425313983022,1384.7447185977244,72.24828440674438,620.1265748773594,692.3748592841038,0.8796798532702123,0.9990241567599645,0.9865707191154252,5.119111848768747e-06,1.0650251216323162e-06,0.0,0.0,0.0
L0,0.02,524288,288.9940341148449,2480.502134423986,779.8821545959472,7684.894788547594,56.63088049570026,7741.525669043294,8521.407823639242,289.02371017227335,2480.4519982264765,2769.4757083987497,144.50385222732805,1240.2406057139788,1384.7444579413068,72.24827754984896,620.1268758462552,692.3751533961041,0.8635563868105713,0.9987043267225902,0.9846017982124899,6.421870018969889e-06,1.4202439162623683e-06,0.0,0.0,0.0
L0,0.0225,524288,288.99413150244084,2480.502134423986,765.6374888186438,7680.8527786725945,57.79442230609668,7738.647200978691,8504.284689797334,289.03474634082926,2480.436883398099,2769.471629738928,144.5044463543989,1240.2393028527697,1384.7437492071685,72.24828718816104,620.1271325890632,692.3754197772242,0.8477833984975544,0.9983329866749886,0.9826233142905016,7.729300097478522e-06,1.7572326521764143e-06,0.0,0.0,0.0
L0,0.025,524288,288.9942202946535,2480.502134423986,751.5435600212568,7676.365853190784,58.99080137867128,7735.356654569456,8486.900214590712,289.0495127627375,2480.417958887438,2769.4674716501754,144.50509202897445,1240.2371531070148,1384.7422451359894,72.24833083821945,620.1272829054589,692.3756137436783,0.8321773198656581,0.9979084859917026,0.9806146338114455,9.105552065261934e-06,2.0644789211703425e-06,0.0,0.0,0.0
L0,0.0275,524288,288.99431773027857,2480.502134423986,737.8201738237572,7671.695536786711,59.95178608625136,7731.647322872963,8469.46749669672,289.06533868093777,2480.3983130671913,2769.463651748129,144.51011762615607,1240.2300495510783,1384.7401671772343,72.24828757255074,620.1275264440402,692.375814016591,0.8169815396703045,0.9974299594359681,0.9786003791552441,1.04236413984329e-05,2.4016338516323335e-06,0.0,0.0,0.0
L0,0.03,524288,288.9944195066035,2480.502134423986,724.3343894383247,7666.928033293912,60.57385921630866,7727.501892510221,8451.836281948546,289.08044460097796,2480.380008623902,2769.46045322488,144.5160306437233,1240.222155667108,1384.7381863108312,72.24827049583872,620.1276464798467,692.3759169756854,0.802048853791341,0.9968951734756306,0.9765631892794628,1.1555711477157685e-05,2.7538088360885904e-06,0.0,0.0,0.0
L0,0.0325,524288,288.99450896030254,2480.502134423986,711.2596442989499,7661.864272006718,61.061346089202075,7722.92561809592,8434.18526239487,289.0965705861266,2480.3604145110444,2769.456985097171,144.5223310992329,1240.21407239363,1384.7364034928628,72.24828219440985,620.1276696140989,692.3759518085087,0.7875713079153526,0.9963048059882362,0.9745237110673508,1.2759984338297462e-05,3.0633440358974193e-06,0.0,0.0,0.0
L0,0.035,524288,288.99459727090255,2480.502134423986,698.4962640881322,7656.44326518128,61.481696081536974,7717.924961262817,8416.42122535095,289.1113962010334,2480.3426283606955,2769.454024561729,144.52772765888832,1240.2070434103468,1384.7347710692352,72.24831386665038,620.1275737564707,692.3758876231211,0.7734385335809357,0.9956596905640704,0.9724711743059442,1.3800503343261755e-05,3.3689237884314226e-06,0.0,0.0,0.0
L0,0.0375,524288,288.99468354932577,2480.502134423986,686.1435542914016,7650.729845600274,61.770667135422826,7712.500512735696,8398.644067027099,289.12489188520317,2480.327421063928,2769.452312949131,144.53348508135926,1240.2001010251956,1384.7335861065549,72.24829063804755,620.127441815205,692.3757324532526,0.7597604908452217,0.9949599034102562,0.970417121452821,1.4425801887192978e-05,3.6674716322513173e-06,0.0,0.0,0.0
L0,0.04,524288,288.9947613545197,2480.502134423986,674.1657243272132,7644.797629176674,61.864308938777,7706.6619381154505,8380.827662442663,289.1350369035224,2480.3157910392206,2769.4508279427428,144.53918664482097,1240.1930490898292,1384.7322357346502,72.24815288165921,620.1273131435805,692.3754660252397,0.7464975491241549,0.9942066914486336,0.968358533910179,1.5002264245293047e-05,3.936699696698552e-06,0.0,0.0,0.0
L0,0.0425,524288,288.9948350020332,2480.502134423986,662.5900253493178,7638.416069656923,61.998093801690004,7700.414163458613,8363.004188807932,289.1416090276276,2480.308431645977,2769.4500406736047,144.54311547851185,1240.1882825563514,1384.7313980348633,72.24789862527729,620.1272381431259,692.3751367684031,0.7336798833713885,0.9934006901707302,0.9662991295776617,1.5321256028901704e-05,4.191541006179566e-06,0.0,0.0,0.0
L0,0.045,524288,288.99491405083575,2480.502134423986,651.4297667404801,7631.743020171338,62.02229966660549,7693.765319837943,8345.195086578424,289.14513471486987,2480.3043272558566,2769.4494619707266,144.54427570850217,1240.1864909629,1384.7307666714023,72.24766448162953,620.1271485566381,692.3748130382676,0.7213222309448977,0.9925429485348382,0.9642413857819616,1.5558616406664503e-05,4.465072309543579e-06,0.0,0.0,0.0
L0,0.0475,524288,288.994997724558,2480.502134423986,640.6595880562392,7624.680596979082,62.028011550299944,7686.708608529382,8327.368196585621,289.14540850895196,2480.3036023767127,2769.4490108856644,144.54522701113308,1240.1844795359991,1384.729706547132,72.24743826739315,620.1270126007046,692.3744508680977,0.709396510456158,0.9916325894638254,0.9621815867080624,1.5808401699455378e-05,4.754607148391931e-06,0.0,0.0,0.0
L0,0.05,524288,288.99507703986495,2480.502134423986,630.3229293836253,7617.134113118409,62.11978585500212,7679.253898973411,8309.576828357036,289.14113871071584,2480.3071803412836,2769.4483190519995,144.545252674999,1240.1834950658777,1384.7287477408768,72.24721290443858,620.1268363158783,692.3740492203169,0.6979508227167824,0.9906708861760898,0.9601258919786152,1.612161388908315e-05,5.0290606326587004e-06,0.0,0.0,0.0
L1,0.0,524288,288.99362367340905,2480.502134423986,903.1050739794033,7751.569170074954,0.0,7751.569170074954,8654.674244054357,288.993623673403,2480.502134424031,2769.4957580974337,144.49681183670896,1240.2510672119802,1384.7478790486891,72.24840591834983,620.1255336064771,692.3739395248269,1.0,1.0,1.0,0.0,0.0,0.0,0.0,0.0
L1,0.0025,524288,288.99362367340905,2480.502134423986,886.4999801157034,7704.801642956841,46.56751126236354,7751.369154219205,8637.869134334907,288.9936809737362,2480.502130171355,2769.4958111450915,144.49679475627696,1240.2510783301075,1384.7478730863845,72.24840266150744,620.1255373775601,692.3739400390675,0.9816133312256435,0.9999741967269644,0.9980582620159281,1.6825267387810692e-08,0.0,0.0,5.749319101754922e-10,2.571219854328031e-13
L1,0.005,524288,288.99362682005085,2480.502134423986,870.4338227506971,7704.290016035864,46.631573356613835,7750.9215893924775,8621.355412143175,288.99413796660934,2480.501975658159,2769.4961136247684,144.4967430868298,1240.2510452392112,1384.747788326041,72.24840127003937,620.12556866334,692.3739699333794,0.9638234219139695,0.9999164581172834,0.9961501922577767,1.1603990210050312e-07,1.088827415025568e-08,0.0,1.4416046170107473e-09,6.952004410162106e-13
L1,0.0075,524288,288.99365314568456,2480.502134423986,854.586638975443,7702.137381897275,48.0559871219846,7750.19336901926,8604.780007994703,288.995114311358,2480.500072551218,2769.4951868625762,144.4967385492378,1240.2509568123132,1384.747695361551,72.2484038927315,620.1256208937434,692.3740247864749,0.9462759800582552,0.9998225132195162,0.9942349954888331,1.9101690099611485e-07,1.0198244217185554e-07,0.0,2.1488413118307124e-09,7.350131148324632e-13
L1,0.01,524288,288.9937026954241,2480.502134423986,839.2019062448135,7699.427815384038,49.73401812371681,7749.161833507755,8588.363739752567,288.99727019633565,2480.495571615125,2769.4928418114605,144.49714050839475,1240.2502495063472,1384.747390014742,72.24835081171784,620.1257817936222,692.37413260534,0.9292406060205047,0.9996894388072427,0.9923381859984686,9.33954113985826e-07,2.7343861094526387e-07,0.0,2.687177555630312e-09,1.1953820896151655e-12
L1,0.0125,524288,288.99376806886744,2480.502134423986,824.0594156291323,7696.537891641296,51.264629518340925,7747.802521159637,8571.861936788768,289.00039903475914,2480.4886951622275,2769.4890941969866,144.49807203504517,1240.2487925918022,1384.7468646268474,72.24829776976217,620.1260285271263,692.3743262968885,0.912473464464143,0.9995140791712395,0.9904314934415377,2.1279744029831718e-06,4.996492883010313e-07,0.0,3.3592851943348112e-09,4.986810485116464e-13
L1,0.015,524288,288.99384616114776,2480.502134423986,809.1292567582983,7693.129649200588,52.96064440173329,7746.090293602321,8555.21955036062,289.00684678421277,2480.4779239370473,2769.4847707212602,144.49966606575862,1240.2461993016252,1384.7458653673839,72.24824624037417,620.1263462622949,692.3745925026691,0.8959414359095405,0.9992931913071506,0.9885085572386435,3.5266167770465233e-06,7.698707531420485e-07,0.0,3.734387405054959e-09,9.370053280627026e-13
L1,0.0175,524288,288.9939314588782,2480.502134423986,794.4433389657977,7689.086923235575,54.917930473267674,7744.004853708843,8538.448192674641,289.0146724756906,2480.4651804437244,2769.479852919415,144.50218719945332,1240.2425314052869,1384.7447186047402,72.24828440681665,620.1265748948191,692.3748593016358,0.8796798532702256,0.9990241567610191,0.986570719116371,5.1191105907856336e-06,1.0650251214356218e-06,0.0,4.049131720704e-09,9.586580759471862e-13
L1,0.02,524288,288.9940341148449,2480.502134423986,779.8821545959881,7684.8947885794505,56.63088049435859,7741.525669073809,8521.407823669797,289.02371017229,2480.4519982288048,2769.475708401095,144.5038522273739,1240.2406057191993,1384.7444579465732,72.24827754994595,620.1268758595618,692.3751534095077,0.8635563868106166,0.9987043267265268,0.9846017982160205,6.4218692646526e-06,1.4202439162623683e-06,0.0,4.350316982711081e-09,3.585720180648976e-12
L1,0.0225,524288,288.9941315024409,2480.502134423986,765.6374888187248,7680.852778688204,57.794422304299,7738.647200992503,8504.28468981123,289.03474634086103,2480.436883408245,2769.4716297491063,144.5044463544608,1240.239302859646,1384.7437492141066,72.24828718827808,620.1271326003096,692.3754197885876,0.8477833984976441,0.9983329866767704,0.9826233142921071,7.729296789273825e-06,1.7572326523731086e-06,0.0,4.723665198320592e-09,1.633912852230484e-12
L1,0.025,524288,288.9942202946535,2480.502134423986,751.5435600213667,7676.365853209243,58.99080137602911,7735.356654585272,8486.900214606638,289.0495127627972,2480.4179588995394,2769.4674716623367,144.50509202905207,1240.2371531147314,1384.7422451437835,72.24833083834585,620.1272829090794,692.3756137474253,0.8321773198657799,0.9979084859937429,0.9806146338132856,9.105547901891449e-06,2.0644789211703425e-06,0.0,4.948084380430034e-09,1.876450980378586e-12
L1,0.0275,524288,288.99431773027857,2480.502134423986,737.8201738239006,7671.695536806654,59.95178608494625,7731.6473228916,8469.4674967155,289.06533868102844,2480.398313082995,2769.463651764024,144.5101176262422,1240.2300495565723,1384.7401671828145,72.24828757268003,620.1275264505769,692.3758140232569,0.8169815396704634,0.9974299594383725,0.9786003791574142,1.042363624417253e-05,2.4016338516323335e-06,0.0,5.1039088680368995e-09,2.217502528811404e-12
L1,0.03,524288,288.99441950660355,2480.502134423986,724.3343894385091,7666.928033313759,60.57385921470865,7727.5018925284685,8451.836281966976,289.08044460110693,2480.380008633918,2769.460453235025,144.5160306438183,1240.222155668151,1384.7381863119692,72.24827049597577,620.1276464858421,692.3759169818179,0.8020488537915452,0.9968951734779846,0.9765631892815922,1.1555708407739176e-05,2.753808836285285e-06,0.0,5.349918610692792e-09,2.1805912966025455e-12
L1,0.0325,524288,288.99450896030254,2480.502134423986,711.2596442991535,7661.864272010899,61.06134608783349,7722.925618098732,8434.185262397887,289.09657058626976,2480.3604145163945,2769.4569851026645,144.52233109932385,1240.2140723951413,1384.736403494465,72.24828219455887,620.1276696205414,692.3759518151003,0.787571307915578,0.9963048059885989,0.9745237110676993,1.2759982640295431e-05,3.0633440358974193e-06,0.0,5.569685092889307e-09,3.5757863234589127e-13
L1,0.035,524288,288.9945972709025,2480.502134423986,698.4962640883662,7656.443265200465,61.481696080920386,7717.924961281386,8416.421225369751,289.11139620119445,2480.3426283681106,2769.454024569305,144.52772765897984,1240.2070434133889,1384.7347710723686,72.24831386680896,620.1275737591181,692.3758876259271,0.7734385335811949,0.9956596905664659,0.9724711743081166,1.380050081116652e-05,3.368923788234728e-06,0.0,5.765704018365792e-09,2.2338561689877873e-12
L1,0.0375,524288,288.9946835493258,2480.502134423986,686.1435542916979,7650.729845624877,61.770667134474735,7712.500512759352,8398.64406705105,289.1248918853849,2480.3274210710338,2769.4523129564186,144.53348508145538,1240.2001010252136,1384.733586106669,72.2482906382066,620.1274418158249,692.3757324540315,0.7597604908455496,0.994959903413308,0.9704171214555883,1.4425799705378575e-05,3.6674716324480114e-06,0.0,5.9377269153391436e-09,2.851726217392398e-12
L1,0.04,524288,288.99476135451965,2480.502134423986,674.1657243275603,7644.7976291973055,61.86430893898947,7706.661938136295,8380.827662463855,289.13503690372755,2480.315791049633,2769.4508279533607,144.53918664491135,1240.1930490895472,1384.7322357344585,72.2481528818136,620.1273131412953,692.3754660231089,0.7464975491245393,0.9942066914513227,0.9683585339126275,1.5002261084833403e-05,3.936699696501857e-06,0.0,6.060784990320622e-09,2.528536250217185e-12
L1,0.0425,524288,288.99483500203314,2480.502134423986,662.5900253497074,7638.416069666532,61.998093803298985,7700.414163469831,8363.004188819537,289.1416090278562,2480.308431654375,2769.4500406822312,144.54311547859572,1240.1882825556759,1384.7313980342715,72.24789862542735,620.1272381402398,692.3751367656671,0.7336798833718199,0.9934006901721772,0.9662991295790027,1.5321253513944627e-05,4.191541005982872e-06,0.0,6.205168975335238e-09,1.387677458078228e-12
L1,0.045,524288,288.99491405083575,2480.502134423986,651.4297667408948,7631.743020188626,62.02229967055101,7693.765319859177,8345.195086600072,289.1451347151239,2480.304327265003,2769.4494619801267,144.5442757085809,1240.186490963505,1384.730766672086,72.24766448177978,620.1271485572779,692.3748130390577,0.721322230945357,0.9925429485375774,0.9642413857844628,1.555861355790938e-05,4.465072309543579e-06,0.0,6.357531682632598e-09,2.59404275957735e-12
L1,0.0475,524288,288.994997724558,2480.502134423986,640.6595880567099,7624.680597007724,62.02801155070363,7686.708608558428,8327.368196615136,289.1454085092289,2480.3036023865207,2769.44901089575,144.54522701120683,1240.1844795369177,1384.7297065481246,72.24743826754087,620.1270125984828,692.3744508660236,0.7093965104566793,0.9916325894675724,0.9621815867114727,1.5808398616951298e-05,4.754607148391931e-06,0.0,6.549016705786314e-09,3.544327735386643e-12
L1,0.05,524288,288.99507703986495,2480.502134423986,630.3229293841817,7617.134113165355,62.11978585275966,7679.253899018115,8309.576828402296,289.14113871102984,2480.3071803535495,2769.448319064579,144.545252675061,1240.1834950653667,1384.7287477404277,72.24721290458196,620.1268363120261,692.374049216608,0.6979508227173987,0.9906708861818567,0.9601258919838447,1.6121610262489983e-05,5.0290606326587004e-06,0.0,6.648166616693633e-09,5.446738777909199e-12
E1,0.0,524288,288.99362367340905,2480.502134423986,903.1050739794033,7751.569170074954,0.0,7751.569170074954,8654.674244054357,288.993623673403,2480.502134424031,2769.4957580974337,144.49681183670896,1240.2510672119802,1384.7478790486891,72.24840591834983,620.1255336064771,692.3739395248269,1.0,1.0,1.0,0.0,0.0,0.0,0.0,0.0
E1,0.0025,524288,288.99362367340905,2480.502134423986,886.4999801157034,7704.801642956841,46.56751126236354,7751.369154219205,8637.869134334907,288.9936809737362,2480.502130171355,2769.4958111450915,144.49679475627696,1240.2510783301075,1384.7478730863845,72.24840266150744,620.1255373775601,692.3739400390675,0.9816133312256435,0.9999741967269644,0.9980582620159281,1.6825267387810692e-08,0.0,0.0,5.749319101754922e-10,2.571219854328031e-13
E1,0.005,524288,288.99362682005085,2480.502134423986,870.4338227506971,7704.290016035864,46.63157335661383,7750.9215893924775,8621.355412143175,288.99413796660934,2480.501975658159,2769.4961136247684,144.4967430868298,1240.2510452392112,1384.747788326041,72.24840127003935,620.12556866334,692.3739699333794,0.9638234219139695,0.9999164581172834,0.9961501922577767,1.1603990210050312e-07,1.088827415025568e-08,0.0,1.4416046169854023e-09,6.952004410162106e-13
E1,0.0075,524288,288.99365314568456,2480.502134423986,854.5866389754435,7702.137381896974,48.05598712218897,7750.193369019163,8604.780007994606,288.99511431135795,2480.5000725513796,2769.4951868627377,144.49673854923768,1240.2509568123585,1384.7476953615962,72.24840389273177,620.1256208948106,692.3740247875423,0.9462759800582559,0.9998225132195037,0.9942349954888219,1.910168960457101e-07,1.0198244217185554e-07,0.0,2.156536898439883e-09,7.462169385558226e-13
E1,0.01,524288,288.9937026954241,2480.502134423986,839.2019062448098,7699.427815380821,49.73401812359553,7749.161833504417,8588.363739749228,288.9972701963368,2480.4955716154345,2769.4928418117715,144.4971405083964,1240.2502495079912,1384.7473900163875,72.24835081172017,620.1257817948489,692.374132606569,0.9292406060205007,0.999689438806812,0.9923381859980827,9.339539571575062e-07,2.7343861094526387e-07,0.0,2.7836807168688575e-09,1.584241323586364e-12
E1,0.0125,524288,288.99376806886744,2480.502134423986,824.0594156291261,7696.537891627994,51.264629518712326,7747.802521146707,8571.861936775831,289.00039903476187,2480.4886951637977,2769.4890941985595,144.49807203503968,1240.2487925878434,1384.746864622883,72.24829776976365,620.1260285275415,692.3743262973052,0.9124734644641361,0.9995140791695715,0.9904314934400429,2.1279741089197963e-06,4.996492883010313e-07,0.0,3.411920190556385e-09,1.0105187885159405e-12
E1,0.015,524288,288.99384616114776,2480.502134423986,809.1292567582601,7693.129649177769,52.96064440108237,7746.090293578852,8555.219550337111,289.00684678421266,2480.4779239393556,2769.484770723568,144.49966606574742,1240.246199295568,1384.7458653613153,72.24824624037409,620.1263462614525,692.3745925018266,0.8959414359094982,0.9992931913041229,0.9885085572359272,3.526616391523336e-06,7.698707531420485e-07,0.0,3.7876132851323745e-09,1.8108632582505194e-12
E1,0.0175,524288,288.99393145887825,2480.502134423986,794.4433389657142,7689.0869232125815,54.917930472542345,7744.004853685124,8538.448192650838,289.01467247568866,2480.4651804415153,2769.479852917204,144.50218719943726,1240.2425313997032,1384.7447185991405,72.24828440681097,620.1265748904854,692.3748592972963,0.8796798532701332,0.9990241567579591,0.9865707191136206,5.119111539137093e-06,1.0650251216323162e-06,0.0,4.1480972356783e-09,1.8291196089072314e-12
E1,0.02,524288,288.9940341148449,2480.502134423986,779.8821545958524,7684.894788541514,56.630880494209336,7741.525669035723,8521.407823631575,289.0237101722872,2480.451998227484,2769.4757083997715,144.50385222734306,1240.2406057114504,1384.7444579387934,72.24827754993365,620.1268758551035,692.3751534050372,0.8635563868104663,0.9987043267216135,0.9846017982116041,6.42187000280675e-06,1.4202439162623683e-06,0.0,4.361464388618717e-09,8.997386927869647e-13
E1,0.0225,524288,288.9941315024409,2480.502134423986,765.6374888185179,7680.852778648172,57.79442230475378,7738.647200952925,8504.284689771444,289.0347463408437,2480.4368833980916,2769.4716297389355,144.50444635440928,1240.2393028515748,1384.7437492059842,72.24828718825692,620.1271325965024,692.3754197847593,0.847783398497415,0.9983329866716646,0.9826233142875103,7.729300301429023e-06,1.7572326523731086e-06,0.0,4.6718101241271895e-09,3.044309677418049e-12
E1,0.025,524288,288.9942202946534,2480.502134423986,751.5435600210936,7676.365853173907,58.99080137771206,7735.35665455162,8486.900214572712,289.0495127627507,2480.4179588922943,2769.467471655045,144.5050920289846,1240.2371531077135,1384.742245136698,72.24833083832162,620.127282910005,692.3756137483266,0.8321773198654775,0.9979084859894016,0.9806146338093656,9.105550603978786e-06,2.064478920973648e-06,0.0,4.948452898158877e-09,2.1210004456683595e-12
E1,0.0275,524288,288.99431773027857,2480.502134423986,737.8201738235784,7671.695536764782,59.95178608609665,7731.647322850879,8469.467496674457,289.06533868095005,2480.3983130719657,2769.4636517529157,144.51011762616108,1240.2300495521145,1384.7401671782754,72.24828757266278,620.1275264540354,692.3758140266982,0.8169815396701066,0.9974299594331193,0.9786003791526718,1.0423640037916353e-05,2.4016338516323335e-06,0.0,5.074323957054788e-09,2.628572731246758e-12
E1,0.03,524288,288.99441950660355,2480.502134423986,724.3343894381263,7666.92803328414,60.57385921643122,7727.501892500572,8451.836281938697,289.0804446010032,2480.380008630059,2769.4604532310623,144.51603064372136,1240.2221556634265,1384.7381863071478,72.2482704959659,620.1276464908523,692.3759169868182,0.8020488537911215,0.9968951734743857,0.9765631892783248,1.1555710097070795e-05,2.753808836285285e-06,0.0,5.331631917758826e-09,1.1654068171242385e-12
E1,0.0325,524288,288.99450896030254,2480.502134423986,711.2596442987646,7661.864272004115,61.061346089555656,7722.925618093671,8434.185262392437,289.09657058614647,2480.360414513329,2769.4569850994753,144.52233109921278,1240.2140723912785,1384.7364034904913,72.2482821945573,620.1276696224616,692.3759518170189,0.7875713079151473,0.996304805987946,0.9745237110670696,1.2759983987966812e-05,3.0633440358974193e-06,0.0,5.580675350301797e-09,2.885646622911957e-13
E1,0.035,524288,288.99459727090243,2480.502134423986,698.4962640879719,7656.443265178235,61.48169608140337,7717.924961259639,8416.42122534761,289.11139620106013,2480.3426283674994,2769.4540245685594,144.52772765885717,1240.207043408737,1384.7347710675942,72.24831386681143,620.1275737648546,692.375887631666,0.7734385335807583,0.9956596905636604,0.9724711743055584,1.3800501566129507e-05,3.368923788038034e-06,0.0,5.815327952240427e-09,3.9680339843862014e-13
E1,0.0375,524288,288.9946835493258,2480.502134423986,686.143554291261,7650.729845588,61.770667134854534,7712.500512722854,8398.644067014116,289.12489188523693,2480.3274210677805,2769.4523129530176,144.53348508132544,1240.2001010247511,1384.7335861060765,72.24829063821684,620.1274418210346,692.3757324592515,0.7597604908450659,0.9949599034085995,0.970417121451321,1.4425800845593313e-05,3.6674716324480114e-06,0.0,5.972191935574023e-09,1.545740868347349e-12
E1,0.04,524288,288.99476135451965,2480.502134423986,674.1657243270486,7644.797629150495,61.86430893653681,7706.661938087032,8380.82766241408,289.13503690356436,2480.3157910428104,2769.450827946375,144.53918664478383,1240.1930490914822,1384.732235736266,72.24815288183017,620.1273131443331,692.3754660261633,0.7464975491239726,0.9942066914449674,0.9683585339068763,1.5002263006750391e-05,3.936699696501857e-06,0.0,6.036434585278447e-09,3.410593874327283e-12
E1,0.0425,524288,288.99483500203314,2480.502134423986,662.5900253491245,7638.416069633458,61.9980937980257,7700.414163431484,8363.004188780607,289.1416090276674,2480.3084316510294,2769.450040678697,144.5431154784747,1240.1882825558912,1384.7313980343658,72.2478986254427,620.1272381438064,692.3751367692491,0.7336798833711745,0.9934006901672303,0.9662991295745045,1.5321254579252455e-05,4.191541005982872e-06,0.0,6.1885493106923635e-09,3.2673496512932824e-12
E1,0.045,524288,288.9949140508358,2480.502134423986,651.4297667402598,7631.7430201479365,62.02229966737882,7693.765319815316,8345.195086555575,289.1451347149121,2480.304327259636,2769.4494619745483,144.5442757084588,1240.1864909623353,1384.730766670794,72.24766448179564,620.127148561184,692.3748130429796,0.7213222309446538,0.992542948531919,0.9642413857793216,1.5558615369782582e-05,4.465072309740274e-06,0.0,6.378035039409826e-09,2.7379019496723886e-12
E1,0.0475,524288,288.99499772455795,2480.502134423986,640.6595880559914,7624.680596954406,62.02801154943589,7686.708608503842,8327.368196559832,289.1454085090014,2480.303602380427,2769.4490108894283,144.5452270110808,1240.1844795320412,1384.7297065431221,72.24743826756065,620.1270126061064,692.374450873667,0.7093965104558837,0.9916325894605305,0.9621815867050826,1.5808401069614767e-05,4.754607148195236e-06,0.0,6.533835500314058e-09,3.096972675478357e-12
E1,0.05,524288,288.995077039865,2480.502134423986,630.3229293833551,7617.134113104159,62.11978585182106,7679.25389895598,8309.576828339335,289.14113871077916,2480.307180348349,2769.448319059128,144.54525267493148,1240.1834950639418,1384.7287477388732,72.24721290461488,620.1268363219953,692.3740492266102,0.6979508227164833,0.990670886173841,0.96012589197657,1.612161204583536e-05,5.029060632855395e-06,0.0,6.670736034082313e-09,2.1301428762894628e-12
S1,0.0,524288,288.99362367340905,2480.502134423986,903.1050739794033,7751.569170074954,0.0,7751.569170074954,8654.674244054357,288.993623673403,2480.502134424031,2769.4957580974337,144.49681183670896,1240.2510672119802,1384.7478790486891,72.24840591834983,620.1255336064771,692.3739395248269,1.0,1.0,1.0,0.0,0.0,0.0,0.0,0.0
S1,0.0025,524288,288.99362367340905,2480.502134423986,886.4999801157034,7704.801642956841,46.56751126236354,7751.369154219205,8637.869134334907,288.9936809737362,2480.502130171355,2769.4958111450915,144.49679475627696,1240.2510783301075,1384.7478730863845,72.24840266150744,620.1255373775601,692.3739400390675,0.9816133312256435,0.9999741967269644,0.9980582620159281,1.6825267387810692e-08,0.0,0.0,5.749319101754922e-10,2.571219854328031e-13
S1,0.005,524288,288.99362682005085,2480.502134423986,870.4338227506971,7704.290016035864,46.63157335661383,7750.9215893924775,8621.355412143175,288.99413796660934,2480.501975658159,2769.4961136247684,144.4967430868298,1240.2510452392112,1384.747788326041,72.24840127003935,620.12556866334,692.3739699333794,0.9638234219139695,0.9999164581172834,0.9961501922577767,1.1603990210050312e-07,1.088827415025568e-08,0.0,1.441604616989935e-09,6.952004410162106e-13
S1,0.0075,524288,288.99365314568456,2480.502134423986,854.586638975444,7702.137381898031,48.05598712189959,7750.19336901993,8604.780007995374,288.99511431135824,2480.5000725513855,2769.4951868627436,144.49673854923793,1240.2509568125563,1384.7476953617943,72.24840389273149,620.1256208936587,692.3740247863902,0.9462759800582564,0.9998225132196027,0.9942349954889106,1.910168242892359e-07,1.0198244217185554e-07,0.0,2.1525162142958626e-09,6.570091345698291e-13
S1,0.01,524288,288.9937026954241,2480.502134423986,839.2019062448114,7699.427815383915,49.73401812381904,7749.161833507734,8588.363739752545,288.9972701963361,2480.49557161381,2769.4928418101463,144.49714050839648,1240.250249506971,1384.7473900153675,72.24835081171882,620.1257817932772,692.374132604996,0.9292406060205024,0.99968943880724,0.992338185998466,9.339544820221369e-07,2.7343861094526387e-07,0.0,2.7376574324658045e-09,1.1979236532358923e-12
S1,0.0125,524288,288.99376806886744,2480.502134423986,824.0594156291249,7696.537891635995,51.26462951847117,7747.802521154466,8571.86193678359,289.0003990347553,2480.4886951594026,2769.489094194158,144.49807203504275,1240.2487925878304,1384.746864622873,72.24829776975933,620.1260285223013,692.3743262920607,0.9124734644641349,0.9995140791705724,0.9904314934409395,2.127975383891592e-06,4.996492883010313e-07,0.0,3.4085637784681607e-09,1.0525353194118153e-13
S1,0.015,524288,288.99384616114776,2480.502134423986,809.1292567582766,7693.129649193574,52.96064440128458,7746.090293594858,8555.219550353135,289.0068467842036,2480.477923937681,2769.484770721885,144.49966606575006,1240.24619929934,1384.7458653650901,72.24824624036168,620.1263462550177,692.3745924953794,0.8959414359095164,0.9992931913061878,0.9885085572377786,3.5266165797003484e-06,7.698707531420485e-07,0.0,3.798222263080425e-09,6.208431036857482e-14
S1,0.0175,524288,288.9939314588782,2480.502134423986,794.4433389657684,7689.086923230247,54.91793047346191,7744.004853703708,8538.448192669477,289.0146724756773,2480.465180443063,2769.4798529187406,144.50218719944178,1240.2425314060774,1384.7447186055192,72.24828440678952,620.126574884295,692.3748592910845,0.879679853270193,0.9990241567603566,0.9865707191157743,5.119110562835365e-06,1.0650251214356218e-06,0.0,4.079842445544607e-09,3.5385134758850585e-13
S1,0.02,524288,288.9940341148449,2480.502134423986,779.8821545959283,7684.894788558389,56.63088049434785,7741.525669052738,8521.407823648666,289.0237101722719,2480.4519982252104,2769.4757083974823,144.50385222735912,1240.2406057190913,1384.7444579464504,72.24827754990393,620.1268758526604,692.3751534025644,0.8635563868105504,0.9987043267238085,0.9846017982135788,6.4218702611325165e-06,1.4202439162623683e-06,0.0,4.322430363130448e-09,1.1059421512050449e-12
S1,0.0225,524288,288.99413150244084,2480.502134423986,765.6374888186278,7680.852778675044,57.794422304760545,7738.647200979804,8504.284689798431,289.03474634083074,2480.436883400982,2769.4716297418126,144.50444635443762,1240.239302860796,1384.7437492152335,72.24828718822573,620.1271325965347,692.3754197847604,0.8477833984975367,0.9983329866751322,0.9826233142906284,7.729298918354856e-06,1.7572326521764143e-06,0.0,4.658213277792592e-09,1.28976233786488e-13
S1,0.025,524288,288.9942202946534,2480.502134423986,751.5435600212454,7676.365853203464,58.99080137600168,7735.356654579466,8486.900214600711,289.04951276275335,2480.4179588928173,2769.4674716555705,144.5050920290225,1240.2371531150125,1384.742245144035,72.24833083828966,620.1272829067975,692.3756137450872,0.8321773198656456,0.9979084859929939,0.9806146338126009,9.105549931658798e-06,2.064478920973648e-06,0.0,4.85351120162739e-09,1.1781668805415291e-12
S1,0.0275,524288,288.99431773027857,2480.502134423986,737.8201738237776,7671.695536806557,59.9517860846912,7731.647322891248,8469.467496715026,289.06533868096767,2480.3983130734678,2769.4636517544354,144.5101176262144,1240.2300495623663,1384.7401671885807,72.24828757262335,620.1275264486774,692.3758140213007,0.8169815396703272,0.9974299594383271,0.9786003791573593,1.0423638719151535e-05,2.4016338516323335e-06,0.0,5.025491428723505e-09,2.161447501206583e-12
S1,0.03,524288,288.99441950660355,2480.502134423986,724.3343894383831,7666.928033311102,60.57385921494431,7727.5018925260465,8451.83628196443,289.08044460102633,2480.3800086289198,2769.4604532299463,144.51603064379327,1240.2221556740012,1384.7381863177945,72.24827049591269,620.1276464817025,692.3759169776152,0.8020488537914058,0.9968951734776722,0.976563189281298,1.15557093922202e-05,2.753808836285285e-06,0.0,5.30908807850484e-09,1.879285748315577e-12
S1,0.0325,524288,288.9945089603025,2480.502134423986,711.259644299057,7661.864272035291,61.06134608832022,7722.9256181236115,8434.185262422667,289.0965705861817,2480.3604145168483,2769.45698510303,144.52233109930398,1240.2140723999692,1384.7364034992731,72.24828219448705,620.1276696134032,692.3759518078903,0.7875713079154711,0.9963048059918086,0.9745237110705625,1.2759981987462265e-05,3.0633440357007247e-06,0.0,5.531356158151483e-09,3.295632738768133e-12
S1,0.035,524288,288.9945972709025,2480.502134423986,698.4962640883031,7656.443265215865,61.481696082105145,7717.92496129797,8416.421225386272,289.11139620110544,2480.342628365474,2769.4540245665794,144.5277276589612,1240.2070434192785,1384.7347710782396,72.24831386672625,620.1275737511075,692.3758876178338,0.7734385335811249,0.9956596905686054,0.9724711743100254,1.3800500962549559e-05,3.368923788234728e-06,0.0,5.7653825874892665e-09,4.196693023355733e-12
S1,0.0375,524288,288.99468354932577,2480.502134423986,686.1435542916446,7650.729845636329,61.77066713598981,7712.500512772319,8398.644067063964,289.1248918852867,2480.32742107016,2769.452312955447,144.53348508145032,1240.2001010362374,1384.7335861176878,72.24829063811103,620.1274418085654,692.3757324466765,0.7597604908454907,0.9949599034149808,0.9704171214570806,1.442579882083426e-05,3.6674716322513173e-06,0.0,5.90452182679896e-09,4.389453576964512e-12
S1,0.04,524288,288.9947613545197,2480.502134423986,674.1657243275214,7644.797629213141,61.86430893844935,7706.66193815159,8380.827662479112,289.13503690362126,2480.315791048906,2769.450827952527,144.53918664492807,1240.1930490982597,1384.7322357431879,72.2481528817104,620.1273131394365,692.375466021147,0.7464975491244962,0.9942066914532959,0.9683585339143904,1.500226040880747e-05,3.936699696698552e-06,0.0,6.109592075565739e-09,4.3490823503735585e-12
S1,0.0425,524288,288.99483500203314,2480.502134423986,662.5900253497086,7638.416069692772,61.998093803247166,7700.414163496019,8363.004188845729,289.1416090277458,2480.3084316546974,2769.450040682443,144.54311547863242,1240.188282564729,1384.7313980433614,72.24789862531772,620.1272381365226,692.3751367618403,0.7336798833718213,0.9934006901755557,0.9662991295820289,1.5321252450135498e-05,4.191541005982872e-06,0.0,6.187372849292645e-09,4.519521928120298e-12
S1,0.045,524288,288.9949140508358,2480.502134423986,651.4297667409376,7631.743020202612,62.02229967097716,7693.765319873589,8345.195086614525,289.14513471500794,2480.304327266415,2769.4494619814227,144.54427570863234,1240.1864909728422,1384.7307666814745,72.2476644816562,620.1271485530423,692.3748130346985,0.7213222309454043,0.9925429485394367,0.9642413857861329,1.5558612124786866e-05,4.465072309740274e-06,0.0,6.3850872336116374e-09,4.326020220933675e-12
S1,0.0475,524288,288.99499772455806,2480.502134423986,640.6595880567563,7624.680597009023,62.028011554043765,7686.708608563066,8327.368196619824,289.1454085091073,2480.3036023875948,2769.449010896702,144.54522701127044,1240.1844795445945,1384.729706555865,72.24743826740803,620.1270125949914,692.3744508623994,0.7093965104567307,0.9916325894681708,0.9621815867120143,1.5808397441711152e-05,4.7546071485886255e-06,0.0,6.57775745160569e-09,4.1072349567653795e-12
S1,0.05,524288,288.99507703986495,2480.502134423986,630.3229293841935,7617.134113152306,62.11978585488205,7679.253899007188,8309.576828391382,289.1411387108942,2480.3071803540997,2769.448319064994,144.54525267513313,1240.1834950721577,1384.7287477472908,72.24721290443405,620.1268363090993,692.3740492135333,0.6979508227174117,0.9906708861804472,0.9601258919825837,1.6121609330179768e-05,5.0290606326587004e-06,0.0,6.708778763672701e-09,4.133322144702254e-12
