sequence,factor,phase,pair,order_in_pair,state,manuscript_state,run_id,case_dir,result_dir,accepted_measured
1,1,warmup,0,1,E1,T1,k1_warmup_o1_E1,/home/lss/OpenFOAM/lss-10/applications/solvers/SOURCE_STUDY_ARCHIVE/results/injectionNozzle_gpu30_four_state_tail_matrix_20260813/inputs/k1,/home/lss/OpenFOAM/lss-10/applications/solvers/SOURCE_STUDY_ARCHIVE/results/injectionNozzle_gpu30_four_state_tail_matrix_20260813/runs/k1_warmup_o1_E1,false
2,1,warmup,0,2,E2,T2,k1_warmup_o2_E2,/home/lss/OpenFOAM/lss-10/applications/solvers/SOURCE_STUDY_ARCHIVE/results/injectionNozzle_gpu30_four_state_tail_matrix_20260813/inputs/k1,/home/lss/OpenFOAM/lss-10/applications/solvers/SOURCE_STUDY_ARCHIVE/results/injectionNozzle_gpu30_four_state_tail_matrix_20260813/runs/k1_warmup_o2_E2,false
3,1,warmup,0,3,S1,S1,k1_warmup_o3_S1,/home/lss/OpenFOAM/lss-10/applications/solvers/SOURCE_STUDY_ARCHIVE/results/injectionNozzle_gpu30_four_state_tail_matrix_20260813/inputs/k1,/home/lss/OpenFOAM/lss-10/applications/solvers/SOURCE_STUDY_ARCHIVE/results/injectionNozzle_gpu30_four_state_tail_matrix_20260813/runs/k1_warmup_o3_S1,false
4,1,warmup,0,4,S2,S2,k1_warmup_o4_S2,/home/lss/OpenFOAM/lss-10/applications/solvers/SOURCE_STUDY_ARCHIVE/results/injectionNozzle_gpu30_four_state_tail_matrix_20260813/inputs/k1,/home/lss/OpenFOAM/lss-10/applications/solvers/SOURCE_STUDY_ARCHIVE/results/injectionNozzle_gpu30_four_state_tail_matrix_20260813/runs/k1_warmup_o4_S2,false
5,1,measured,1,1,E1,T1,k1_pair01_o1_E1,/home/lss/OpenFOAM/lss-10/applications/solvers/SOURCE_STUDY_ARCHIVE/results/injectionNozzle_gpu30_four_state_tail_matrix_20260813/inputs/k1,/home/lss/OpenFOAM/lss-10/applications/solvers/SOURCE_STUDY_ARCHIVE/results/injectionNozzle_gpu30_four_state_tail_matrix_20260813/runs/k1_pair01_o1_E1,true
6,1,measured,1,2,E2,T2,k1_pair01_o2_E2,/home/lss/OpenFOAM/lss-10/applications/solvers/SOURCE_STUDY_ARCHIVE/results/injectionNozzle_gpu30_four_state_tail_matrix_20260813/inputs/k1,/home/lss/OpenFOAM/lss-10/applications/solvers/SOURCE_STUDY_ARCHIVE/results/injectionNozzle_gpu30_four_state_tail_matrix_20260813/runs/k1_pair01_o2_E2,true
7,1,measured,1,3,S1,S1,k1_pair01_o3_S1,/home/lss/OpenFOAM/lss-10/applications/solvers/SOURCE_STUDY_ARCHIVE/results/injectionNozzle_gpu30_four_state_tail_matrix_20260813/inputs/k1,/home/lss/OpenFOAM/lss-10/applications/solvers/SOURCE_STUDY_ARCHIVE/results/injectionNozzle_gpu30_four_state_tail_matrix_20260813/runs/k1_pair01_o3_S1,true
8,1,measured,1,4,S2,S2,k1_pair01_o4_S2,/home/lss/OpenFOAM/lss-10/applications/solvers/SOURCE_STUDY_ARCHIVE/results/injectionNozzle_gpu30_four_state_tail_matrix_20260813/inputs/k1,/home/lss/OpenFOAM/lss-10/applications/solvers/SOURCE_STUDY_ARCHIVE/results/injectionNozzle_gpu30_four_state_tail_matrix_20260813/runs/k1_pair01_o4_S2,true
9,1,measured,2,1,E2,T2,k1_pair02_o1_E2,/home/lss/OpenFOAM/lss-10/applications/solvers/SOURCE_STUDY_ARCHIVE/results/injectionNozzle_gpu30_four_state_tail_matrix_20260813/inputs/k1,/home/lss/OpenFOAM/lss-10/applications/solvers/SOURCE_STUDY_ARCHIVE/results/injectionNozzle_gpu30_four_state_tail_matrix_20260813/runs/k1_pair02_o1_E2,true
10,1,measured,2,2,S1,S1,k1_pair02_o2_S1,/home/lss/OpenFOAM/lss-10/applications/solvers/SOURCE_STUDY_ARCHIVE/results/injectionNozzle_gpu30_four_state_tail_matrix_20260813/inputs/k1,/home/lss/OpenFOAM/lss-10/applications/solvers/SOURCE_STUDY_ARCHIVE/results/injectionNozzle_gpu30_four_state_tail_matrix_20260813/runs/k1_pair02_o2_S1,true
11,1,measured,2,3,S2,S2,k1_pair02_o3_S2,/home/lss/OpenFOAM/lss-10/applications/solvers/SOURCE_STUDY_ARCHIVE/results/injectionNozzle_gpu30_four_state_tail_matrix_20260813/inputs/k1,/home/lss/OpenFOAM/lss-10/applications/solvers/SOURCE_STUDY_ARCHIVE/results/injectionNozzle_gpu30_four_state_tail_matrix_20260813/runs/k1_pair02_o3_S2,true
12,1,measured,2,4,E1,T1,k1_pair02_o4_E1,/home/lss/OpenFOAM/lss-10/applications/solvers/SOURCE_STUDY_ARCHIVE/results/injectionNozzle_gpu30_four_state_tail_matrix_20260813/inputs/k1,/home/lss/OpenFOAM/lss-10/applications/solvers/SOURCE_STUDY_ARCHIVE/results/injectionNozzle_gpu30_four_state_tail_matrix_20260813/runs/k1_pair02_o4_E1,true
13,1,measured,3,1,S1,S1,k1_pair03_o1_S1,/home/lss/OpenFOAM/lss-10/applications/solvers/SOURCE_STUDY_ARCHIVE/results/injectionNozzle_gpu30_four_state_tail_matrix_20260813/inputs/k1,/home/lss/OpenFOAM/lss-10/applications/solvers/SOURCE_STUDY_ARCHIVE/results/injectionNozzle_gpu30_four_state_tail_matrix_20260813/runs/k1_pair03_o1_S1,true
14,1,measured,3,2,S2,S2,k1_pair03_o2_S2,/home/lss/OpenFOAM/lss-10/applications/solvers/SOURCE_STUDY_ARCHIVE/results/injectionNozzle_gpu30_four_state_tail_matrix_20260813/inputs/k1,/home/lss/OpenFOAM/lss-10/applications/solvers/SOURCE_STUDY_ARCHIVE/results/injectionNozzle_gpu30_four_state_tail_matrix_20260813/runs/k1_pair03_o2_S2,true
15,1,measured,3,3,E1,T1,k1_pair03_o3_E1,/home/lss/OpenFOAM/lss-10/applications/solvers/SOURCE_STUDY_ARCHIVE/results/injectionNozzle_gpu30_four_state_tail_matrix_20260813/inputs/k1,/home/lss/OpenFOAM/lss-10/applications/solvers/SOURCE_STUDY_ARCHIVE/results/injectionNozzle_gpu30_four_state_tail_matrix_20260813/runs/k1_pair03_o3_E1,true
16,1,measured,3,4,E2,T2,k1_pair03_o4_E2,/home/lss/OpenFOAM/lss-10/applications/solvers/SOURCE_STUDY_ARCHIVE/results/injectionNozzle_gpu30_four_state_tail_matrix_20260813/inputs/k1,/home/lss/OpenFOAM/lss-10/applications/solvers/SOURCE_STUDY_ARCHIVE/results/injectionNozzle_gpu30_four_state_tail_matrix_20260813/runs/k1_pair03_o4_E2,true
17,1,measured,4,1,S2,S2,k1_pair04_o1_S2,/home/lss/OpenFOAM/lss-10/applications/solvers/SOURCE_STUDY_ARCHIVE/results/injectionNozzle_gpu30_four_state_tail_matrix_20260813/inputs/k1,/home/lss/OpenFOAM/lss-10/applications/solvers/SOURCE_STUDY_ARCHIVE/results/injectionNozzle_gpu30_four_state_tail_matrix_20260813/runs/k1_pair04_o1_S2,true
18,1,measured,4,2,E1,T1,k1_pair04_o2_E1,/home/lss/OpenFOAM/lss-10/applications/solvers/SOURCE_STUDY_ARCHIVE/results/injectionNozzle_gpu30_four_state_tail_matrix_20260813/inputs/k1,/home/lss/OpenFOAM/lss-10/applications/solvers/SOURCE_STUDY_ARCHIVE/results/injectionNozzle_gpu30_four_state_tail_matrix_20260813/runs/k1_pair04_o2_E1,true
19,1,measured,4,3,E2,T2,k1_pair04_o3_E2,/home/lss/OpenFOAM/lss-10/applications/solvers/SOURCE_STUDY_ARCHIVE/results/injectionNozzle_gpu30_four_state_tail_matrix_20260813/inputs/k1,/home/lss/OpenFOAM/lss-10/applications/solvers/SOURCE_STUDY_ARCHIVE/results/injectionNozzle_gpu30_four_state_tail_matrix_20260813/runs/k1_pair04_o3_E2,true
20,1,measured,4,4,S1,S1,k1_pair04_o4_S1,/home/lss/OpenFOAM/lss-10/applications/solvers/SOURCE_STUDY_ARCHIVE/results/injectionNozzle_gpu30_four_state_tail_matrix_20260813/inputs/k1,/home/lss/OpenFOAM/lss-10/applications/solvers/SOURCE_STUDY_ARCHIVE/results/injectionNozzle_gpu30_four_state_tail_matrix_20260813/runs/k1_pair04_o4_S1,true
21,1,measured,5,1,S2,S2,k1_pair05_o1_S2,/home/lss/OpenFOAM/lss-10/applications/solvers/SOURCE_STUDY_ARCHIVE/results/injectionNozzle_gpu30_four_state_tail_matrix_20260813/inputs/k1,/home/lss/OpenFOAM/lss-10/applications/solvers/SOURCE_STUDY_ARCHIVE/results/injectionNozzle_gpu30_four_state_tail_matrix_20260813/runs/k1_pair05_o1_S2,true
22,1,measured,5,2,S1,S1,k1_pair05_o2_S1,/home/lss/OpenFOAM/lss-10/applications/solvers/SOURCE_STUDY_ARCHIVE/results/injectionNozzle_gpu30_four_state_tail_matrix_20260813/inputs/k1,/home/lss/OpenFOAM/lss-10/applications/solvers/SOURCE_STUDY_ARCHIVE/results/injectionNozzle_gpu30_four_state_tail_matrix_20260813/runs/k1_pair05_o2_S1,true
23,1,measured,5,3,E2,T2,k1_pair05_o3_E2,/home/lss/OpenFOAM/lss-10/applications/solvers/SOURCE_STUDY_ARCHIVE/results/injectionNozzle_gpu30_four_state_tail_matrix_20260813/inputs/k1,/home/lss/OpenFOAM/lss-10/applications/solvers/SOURCE_STUDY_ARCHIVE/results/injectionNozzle_gpu30_four_state_tail_matrix_20260813/runs/k1_pair05_o3_E2,true
24,1,measured,5,4,E1,T1,k1_pair05_o4_E1,/home/lss/OpenFOAM/lss-10/applications/solvers/SOURCE_STUDY_ARCHIVE/results/injectionNozzle_gpu30_four_state_tail_matrix_20260813/inputs/k1,/home/lss/OpenFOAM/lss-10/applications/solvers/SOURCE_STUDY_ARCHIVE/results/injectionNozzle_gpu30_four_state_tail_matrix_20260813/runs/k1_pair05_o4_E1,true
25,2,warmup,0,1,E1,T1,k2_warmup_o1_E1,/home/lss/OpenFOAM/lss-10/applications/solvers/SOURCE_STUDY_ARCHIVE/results/injectionNozzle_gpu30_four_state_tail_matrix_20260813/inputs/k2,/home/lss/OpenFOAM/lss-10/applications/solvers/SOURCE_STUDY_ARCHIVE/results/injectionNozzle_gpu30_four_state_tail_matrix_20260813/runs/k2_warmup_o1_E1,false
26,2,warmup,0,2,E2,T2,k2_warmup_o2_E2,/home/lss/OpenFOAM/lss-10/applications/solvers/SOURCE_STUDY_ARCHIVE/results/injectionNozzle_gpu30_four_state_tail_matrix_20260813/inputs/k2,/home/lss/OpenFOAM/lss-10/applications/solvers/SOURCE_STUDY_ARCHIVE/results/injectionNozzle_gpu30_four_state_tail_matrix_20260813/runs/k2_warmup_o2_E2,false
27,2,warmup,0,3,S1,S1,k2_warmup_o3_S1,/home/lss/OpenFOAM/lss-10/applications/solvers/SOURCE_STUDY_ARCHIVE/results/injectionNozzle_gpu30_four_state_tail_matrix_20260813/inputs/k2,/home/lss/OpenFOAM/lss-10/applications/solvers/SOURCE_STUDY_ARCHIVE/results/injectionNozzle_gpu30_four_state_tail_matrix_20260813/runs/k2_warmup_o3_S1,false
28,2,warmup,0,4,S2,S2,k2_warmup_o4_S2,/home/lss/OpenFOAM/lss-10/applications/solvers/SOURCE_STUDY_ARCHIVE/results/injectionNozzle_gpu30_four_state_tail_matrix_20260813/inputs/k2,/home/lss/OpenFOAM/lss-10/applications/solvers/SOURCE_STUDY_ARCHIVE/results/injectionNozzle_gpu30_four_state_tail_matrix_20260813/runs/k2_warmup_o4_S2,false
29,2,measured,1,1,E1,T1,k2_pair01_o1_E1,/home/lss/OpenFOAM/lss-10/applications/solvers/SOURCE_STUDY_ARCHIVE/results/injectionNozzle_gpu30_four_state_tail_matrix_20260813/inputs/k2,/home/lss/OpenFOAM/lss-10/applications/solvers/SOURCE_STUDY_ARCHIVE/results/injectionNozzle_gpu30_four_state_tail_matrix_20260813/runs/k2_pair01_o1_E1,true
30,2,measured,1,2,E2,T2,k2_pair01_o2_E2,/home/lss/OpenFOAM/lss-10/applications/solvers/SOURCE_STUDY_ARCHIVE/results/injectionNozzle_gpu30_four_state_tail_matrix_20260813/inputs/k2,/home/lss/OpenFOAM/lss-10/applications/solvers/SOURCE_STUDY_ARCHIVE/results/injectionNozzle_gpu30_four_state_tail_matrix_20260813/runs/k2_pair01_o2_E2,true
31,2,measured,1,3,S1,S1,k2_pair01_o3_S1,/home/lss/OpenFOAM/lss-10/applications/solvers/SOURCE_STUDY_ARCHIVE/results/injectionNozzle_gpu30_four_state_tail_matrix_20260813/inputs/k2,/home/lss/OpenFOAM/lss-10/applications/solvers/SOURCE_STUDY_ARCHIVE/results/injectionNozzle_gpu30_four_state_tail_matrix_20260813/runs/k2_pair01_o3_S1,true
32,2,measured,1,4,S2,S2,k2_pair01_o4_S2,/home/lss/OpenFOAM/lss-10/applications/solvers/SOURCE_STUDY_ARCHIVE/results/injectionNozzle_gpu30_four_state_tail_matrix_20260813/inputs/k2,/home/lss/OpenFOAM/lss-10/applications/solvers/SOURCE_STUDY_ARCHIVE/results/injectionNozzle_gpu30_four_state_tail_matrix_20260813/runs/k2_pair01_o4_S2,true
33,2,measured,2,1,E2,T2,k2_pair02_o1_E2,/home/lss/OpenFOAM/lss-10/applications/solvers/SOURCE_STUDY_ARCHIVE/results/injectionNozzle_gpu30_four_state_tail_matrix_20260813/inputs/k2,/home/lss/OpenFOAM/lss-10/applications/solvers/SOURCE_STUDY_ARCHIVE/results/injectionNozzle_gpu30_four_state_tail_matrix_20260813/runs/k2_pair02_o1_E2,true
34,2,measured,2,2,S1,S1,k2_pair02_o2_S1,/home/lss/OpenFOAM/lss-10/applications/solvers/SOURCE_STUDY_ARCHIVE/results/injectionNozzle_gpu30_four_state_tail_matrix_20260813/inputs/k2,/home/lss/OpenFOAM/lss-10/applications/solvers/SOURCE_STUDY_ARCHIVE/results/injectionNozzle_gpu30_four_state_tail_matrix_20260813/runs/k2_pair02_o2_S1,true
35,2,measured,2,3,S2,S2,k2_pair02_o3_S2,/home/lss/OpenFOAM/lss-10/applications/solvers/SOURCE_STUDY_ARCHIVE/results/injectionNozzle_gpu30_four_state_tail_matrix_20260813/inputs/k2,/home/lss/OpenFOAM/lss-10/applications/solvers/SOURCE_STUDY_ARCHIVE/results/injectionNozzle_gpu30_four_state_tail_matrix_20260813/runs/k2_pair02_o3_S2,true
36,2,measured,2,4,E1,T1,k2_pair02_o4_E1,/home/lss/OpenFOAM/lss-10/applications/solvers/SOURCE_STUDY_ARCHIVE/results/injectionNozzle_gpu30_four_state_tail_matrix_20260813/inputs/k2,/home/lss/OpenFOAM/lss-10/applications/solvers/SOURCE_STUDY_ARCHIVE/results/injectionNozzle_gpu30_four_state_tail_matrix_20260813/runs/k2_pair02_o4_E1,true
37,2,measured,3,1,S1,S1,k2_pair03_o1_S1,/home/lss/OpenFOAM/lss-10/applications/solvers/SOURCE_STUDY_ARCHIVE/results/injectionNozzle_gpu30_four_state_tail_matrix_20260813/inputs/k2,/home/lss/OpenFOAM/lss-10/applications/solvers/SOURCE_STUDY_ARCHIVE/results/injectionNozzle_gpu30_four_state_tail_matrix_20260813/runs/k2_pair03_o1_S1,true
38,2,measured,3,2,S2,S2,k2_pair03_o2_S2,/home/lss/OpenFOAM/lss-10/applications/solvers/SOURCE_STUDY_ARCHIVE/results/injectionNozzle_gpu30_four_state_tail_matrix_20260813/inputs/k2,/home/lss/OpenFOAM/lss-10/applications/solvers/SOURCE_STUDY_ARCHIVE/results/injectionNozzle_gpu30_four_state_tail_matrix_20260813/runs/k2_pair03_o2_S2,true
39,2,measured,3,3,E1,T1,k2_pair03_o3_E1,/home/lss/OpenFOAM/lss-10/applications/solvers/SOURCE_STUDY_ARCHIVE/results/injectionNozzle_gpu30_four_state_tail_matrix_20260813/inputs/k2,/home/lss/OpenFOAM/lss-10/applications/solvers/SOURCE_STUDY_ARCHIVE/results/injectionNozzle_gpu30_four_state_tail_matrix_20260813/runs/k2_pair03_o3_E1,true
40,2,measured,3,4,E2,T2,k2_pair03_o4_E2,/home/lss/OpenFOAM/lss-10/applications/solvers/SOURCE_STUDY_ARCHIVE/results/injectionNozzle_gpu30_four_state_tail_matrix_20260813/inputs/k2,/home/lss/OpenFOAM/lss-10/applications/solvers/SOURCE_STUDY_ARCHIVE/results/injectionNozzle_gpu30_four_state_tail_matrix_20260813/runs/k2_pair03_o4_E2,true
41,2,measured,4,1,S2,S2,k2_pair04_o1_S2,/home/lss/OpenFOAM/lss-10/applications/solvers/SOURCE_STUDY_ARCHIVE/results/injectionNozzle_gpu30_four_state_tail_matrix_20260813/inputs/k2,/home/lss/OpenFOAM/lss-10/applications/solvers/SOURCE_STUDY_ARCHIVE/results/injectionNozzle_gpu30_four_state_tail_matrix_20260813/runs/k2_pair04_o1_S2,true
42,2,measured,4,2,E1,T1,k2_pair04_o2_E1,/home/lss/OpenFOAM/lss-10/applications/solvers/SOURCE_STUDY_ARCHIVE/results/injectionNozzle_gpu30_four_state_tail_matrix_20260813/inputs/k2,/home/lss/OpenFOAM/lss-10/applications/solvers/SOURCE_STUDY_ARCHIVE/results/injectionNozzle_gpu30_four_state_tail_matrix_20260813/runs/k2_pair04_o2_E1,true
43,2,measured,4,3,E2,T2,k2_pair04_o3_E2,/home/lss/OpenFOAM/lss-10/applications/solvers/SOURCE_STUDY_ARCHIVE/results/injectionNozzle_gpu30_four_state_tail_matrix_20260813/inputs/k2,/home/lss/OpenFOAM/lss-10/applications/solvers/SOURCE_STUDY_ARCHIVE/results/injectionNozzle_gpu30_four_state_tail_matrix_20260813/runs/k2_pair04_o3_E2,true
44,2,measured,4,4,S1,S1,k2_pair04_o4_S1,/home/lss/OpenFOAM/lss-10/applications/solvers/SOURCE_STUDY_ARCHIVE/results/injectionNozzle_gpu30_four_state_tail_matrix_20260813/inputs/k2,/home/lss/OpenFOAM/lss-10/applications/solvers/SOURCE_STUDY_ARCHIVE/results/injectionNozzle_gpu30_four_state_tail_matrix_20260813/runs/k2_pair04_o4_S1,true
45,2,measured,5,1,S2,S2,k2_pair05_o1_S2,/home/lss/OpenFOAM/lss-10/applications/solvers/SOURCE_STUDY_ARCHIVE/results/injectionNozzle_gpu30_four_state_tail_matrix_20260813/inputs/k2,/home/lss/OpenFOAM/lss-10/applications/solvers/SOURCE_STUDY_ARCHIVE/results/injectionNozzle_gpu30_four_state_tail_matrix_20260813/runs/k2_pair05_o1_S2,true
46,2,measured,5,2,S1,S1,k2_pair05_o2_S1,/home/lss/OpenFOAM/lss-10/applications/solvers/SOURCE_STUDY_ARCHIVE/results/injectionNozzle_gpu30_four_state_tail_matrix_20260813/inputs/k2,/home/lss/OpenFOAM/lss-10/applications/solvers/SOURCE_STUDY_ARCHIVE/results/injectionNozzle_gpu30_four_state_tail_matrix_20260813/runs/k2_pair05_o2_S1,true
47,2,measured,5,3,E2,T2,k2_pair05_o3_E2,/home/lss/OpenFOAM/lss-10/applications/solvers/SOURCE_STUDY_ARCHIVE/results/injectionNozzle_gpu30_four_state_tail_matrix_20260813/inputs/k2,/home/lss/OpenFOAM/lss-10/applications/solvers/SOURCE_STUDY_ARCHIVE/results/injectionNozzle_gpu30_four_state_tail_matrix_20260813/runs/k2_pair05_o3_E2,true
48,2,measured,5,4,E1,T1,k2_pair05_o4_E1,/home/lss/OpenFOAM/lss-10/applications/solvers/SOURCE_STUDY_ARCHIVE/results/injectionNozzle_gpu30_four_state_tail_matrix_20260813/inputs/k2,/home/lss/OpenFOAM/lss-10/applications/solvers/SOURCE_STUDY_ARCHIVE/results/injectionNozzle_gpu30_four_state_tail_matrix_20260813/runs/k2_pair05_o4_E1,true
49,4,warmup,0,1,E1,T1,k4_warmup_o1_E1,/home/lss/OpenFOAM/lss-10/applications/solvers/SOURCE_STUDY_ARCHIVE/results/injectionNozzle_gpu30_four_state_tail_matrix_20260813/inputs/k4,/home/lss/OpenFOAM/lss-10/applications/solvers/SOURCE_STUDY_ARCHIVE/results/injectionNozzle_gpu30_four_state_tail_matrix_20260813/runs/k4_warmup_o1_E1,false
50,4,warmup,0,2,E2,T2,k4_warmup_o2_E2,/home/lss/OpenFOAM/lss-10/applications/solvers/SOURCE_STUDY_ARCHIVE/results/injectionNozzle_gpu30_four_state_tail_matrix_20260813/inputs/k4,/home/lss/OpenFOAM/lss-10/applications/solvers/SOURCE_STUDY_ARCHIVE/results/injectionNozzle_gpu30_four_state_tail_matrix_20260813/runs/k4_warmup_o2_E2,false
51,4,warmup,0,3,S1,S1,k4_warmup_o3_S1,/home/lss/OpenFOAM/lss-10/applications/solvers/SOURCE_STUDY_ARCHIVE/results/injectionNozzle_gpu30_four_state_tail_matrix_20260813/inputs/k4,/home/lss/OpenFOAM/lss-10/applications/solvers/SOURCE_STUDY_ARCHIVE/results/injectionNozzle_gpu30_four_state_tail_matrix_20260813/runs/k4_warmup_o3_S1,false
52,4,warmup,0,4,S2,S2,k4_warmup_o4_S2,/home/lss/OpenFOAM/lss-10/applications/solvers/SOURCE_STUDY_ARCHIVE/results/injectionNozzle_gpu30_four_state_tail_matrix_20260813/inputs/k4,/home/lss/OpenFOAM/lss-10/applications/solvers/SOURCE_STUDY_ARCHIVE/results/injectionNozzle_gpu30_four_state_tail_matrix_20260813/runs/k4_warmup_o4_S2,false
53,4,measured,1,1,E1,T1,k4_pair01_o1_E1,/home/lss/OpenFOAM/lss-10/applications/solvers/SOURCE_STUDY_ARCHIVE/results/injectionNozzle_gpu30_four_state_tail_matrix_20260813/inputs/k4,/home/lss/OpenFOAM/lss-10/applications/solvers/SOURCE_STUDY_ARCHIVE/results/injectionNozzle_gpu30_four_state_tail_matrix_20260813/runs/k4_pair01_o1_E1,true
54,4,measured,1,2,E2,T2,k4_pair01_o2_E2,/home/lss/OpenFOAM/lss-10/applications/solvers/SOURCE_STUDY_ARCHIVE/results/injectionNozzle_gpu30_four_state_tail_matrix_20260813/inputs/k4,/home/lss/OpenFOAM/lss-10/applications/solvers/SOURCE_STUDY_ARCHIVE/results/injectionNozzle_gpu30_four_state_tail_matrix_20260813/runs/k4_pair01_o2_E2,true
55,4,measured,1,3,S1,S1,k4_pair01_o3_S1,/home/lss/OpenFOAM/lss-10/applications/solvers/SOURCE_STUDY_ARCHIVE/results/injectionNozzle_gpu30_four_state_tail_matrix_20260813/inputs/k4,/home/lss/OpenFOAM/lss-10/applications/solvers/SOURCE_STUDY_ARCHIVE/results/injectionNozzle_gpu30_four_state_tail_matrix_20260813/runs/k4_pair01_o3_S1,true
56,4,measured,1,4,S2,S2,k4_pair01_o4_S2,/home/lss/OpenFOAM/lss-10/applications/solvers/SOURCE_STUDY_ARCHIVE/results/injectionNozzle_gpu30_four_state_tail_matrix_20260813/inputs/k4,/home/lss/OpenFOAM/lss-10/applications/solvers/SOURCE_STUDY_ARCHIVE/results/injectionNozzle_gpu30_four_state_tail_matrix_20260813/runs/k4_pair01_o4_S2,true
57,4,measured,2,1,E2,T2,k4_pair02_o1_E2,/home/lss/OpenFOAM/lss-10/applications/solvers/SOURCE_STUDY_ARCHIVE/results/injectionNozzle_gpu30_four_state_tail_matrix_20260813/inputs/k4,/home/lss/OpenFOAM/lss-10/applications/solvers/SOURCE_STUDY_ARCHIVE/results/injectionNozzle_gpu30_four_state_tail_matrix_20260813/runs/k4_pair02_o1_E2,true
58,4,measured,2,2,S1,S1,k4_pair02_o2_S1,/home/lss/OpenFOAM/lss-10/applications/solvers/SOURCE_STUDY_ARCHIVE/results/injectionNozzle_gpu30_four_state_tail_matrix_20260813/inputs/k4,/home/lss/OpenFOAM/lss-10/applications/solvers/SOURCE_STUDY_ARCHIVE/results/injectionNozzle_gpu30_four_state_tail_matrix_20260813/runs/k4_pair02_o2_S1,true
59,4,measured,2,3,S2,S2,k4_pair02_o3_S2,/home/lss/OpenFOAM/lss-10/applications/solvers/SOURCE_STUDY_ARCHIVE/results/injectionNozzle_gpu30_four_state_tail_matrix_20260813/inputs/k4,/home/lss/OpenFOAM/lss-10/applications/solvers/SOURCE_STUDY_ARCHIVE/results/injectionNozzle_gpu30_four_state_tail_matrix_20260813/runs/k4_pair02_o3_S2,true
60,4,measured,2,4,E1,T1,k4_pair02_o4_E1,/home/lss/OpenFOAM/lss-10/applications/solvers/SOURCE_STUDY_ARCHIVE/results/injectionNozzle_gpu30_four_state_tail_matrix_20260813/inputs/k4,/home/lss/OpenFOAM/lss-10/applications/solvers/SOURCE_STUDY_ARCHIVE/results/injectionNozzle_gpu30_four_state_tail_matrix_20260813/runs/k4_pair02_o4_E1,true
61,4,measured,3,1,S1,S1,k4_pair03_o1_S1,/home/lss/OpenFOAM/lss-10/applications/solvers/SOURCE_STUDY_ARCHIVE/results/injectionNozzle_gpu30_four_state_tail_matrix_20260813/inputs/k4,/home/lss/OpenFOAM/lss-10/applications/solvers/SOURCE_STUDY_ARCHIVE/results/injectionNozzle_gpu30_four_state_tail_matrix_20260813/runs/k4_pair03_o1_S1,true
62,4,measured,3,2,S2,S2,k4_pair03_o2_S2,/home/lss/OpenFOAM/lss-10/applications/solvers/SOURCE_STUDY_ARCHIVE/results/injectionNozzle_gpu30_four_state_tail_matrix_20260813/inputs/k4,/home/lss/OpenFOAM/lss-10/applications/solvers/SOURCE_STUDY_ARCHIVE/results/injectionNozzle_gpu30_four_state_tail_matrix_20260813/runs/k4_pair03_o2_S2,true
63,4,measured,3,3,E1,T1,k4_pair03_o3_E1,/home/lss/OpenFOAM/lss-10/applications/solvers/SOURCE_STUDY_ARCHIVE/results/injectionNozzle_gpu30_four_state_tail_matrix_20260813/inputs/k4,/home/lss/OpenFOAM/lss-10/applications/solvers/SOURCE_STUDY_ARCHIVE/results/injectionNozzle_gpu30_four_state_tail_matrix_20260813/runs/k4_pair03_o3_E1,true
64,4,measured,3,4,E2,T2,k4_pair03_o4_E2,/home/lss/OpenFOAM/lss-10/applications/solvers/SOURCE_STUDY_ARCHIVE/results/injectionNozzle_gpu30_four_state_tail_matrix_20260813/inputs/k4,/home/lss/OpenFOAM/lss-10/applications/solvers/SOURCE_STUDY_ARCHIVE/results/injectionNozzle_gpu30_four_state_tail_matrix_20260813/runs/k4_pair03_o4_E2,true
65,4,measured,4,1,S2,S2,k4_pair04_o1_S2,/home/lss/OpenFOAM/lss-10/applications/solvers/SOURCE_STUDY_ARCHIVE/results/injectionNozzle_gpu30_four_state_tail_matrix_20260813/inputs/k4,/home/lss/OpenFOAM/lss-10/applications/solvers/SOURCE_STUDY_ARCHIVE/results/injectionNozzle_gpu30_four_state_tail_matrix_20260813/runs/k4_pair04_o1_S2,true
66,4,measured,4,2,E1,T1,k4_pair04_o2_E1,/home/lss/OpenFOAM/lss-10/applications/solvers/SOURCE_STUDY_ARCHIVE/results/injectionNozzle_gpu30_four_state_tail_matrix_20260813/inputs/k4,/home/lss/OpenFOAM/lss-10/applications/solvers/SOURCE_STUDY_ARCHIVE/results/injectionNozzle_gpu30_four_state_tail_matrix_20260813/runs/k4_pair04_o2_E1,true
67,4,measured,4,3,E2,T2,k4_pair04_o3_E2,/home/lss/OpenFOAM/lss-10/applications/solvers/SOURCE_STUDY_ARCHIVE/results/injectionNozzle_gpu30_four_state_tail_matrix_20260813/inputs/k4,/home/lss/OpenFOAM/lss-10/applications/solvers/SOURCE_STUDY_ARCHIVE/results/injectionNozzle_gpu30_four_state_tail_matrix_20260813/runs/k4_pair04_o3_E2,true
68,4,measured,4,4,S1,S1,k4_pair04_o4_S1,/home/lss/OpenFOAM/lss-10/applications/solvers/SOURCE_STUDY_ARCHIVE/results/injectionNozzle_gpu30_four_state_tail_matrix_20260813/inputs/k4,/home/lss/OpenFOAM/lss-10/applications/solvers/SOURCE_STUDY_ARCHIVE/results/injectionNozzle_gpu30_four_state_tail_matrix_20260813/runs/k4_pair04_o4_S1,true
69,4,measured,5,1,S2,S2,k4_pair05_o1_S2,/home/lss/OpenFOAM/lss-10/applications/solvers/SOURCE_STUDY_ARCHIVE/results/injectionNozzle_gpu30_four_state_tail_matrix_20260813/inputs/k4,/home/lss/OpenFOAM/lss-10/applications/solvers/SOURCE_STUDY_ARCHIVE/results/injectionNozzle_gpu30_four_state_tail_matrix_20260813/runs/k4_pair05_o1_S2,true
70,4,measured,5,2,S1,S1,k4_pair05_o2_S1,/home/lss/OpenFOAM/lss-10/applications/solvers/SOURCE_STUDY_ARCHIVE/results/injectionNozzle_gpu30_four_state_tail_matrix_20260813/inputs/k4,/home/lss/OpenFOAM/lss-10/applications/solvers/SOURCE_STUDY_ARCHIVE/results/injectionNozzle_gpu30_four_state_tail_matrix_20260813/runs/k4_pair05_o2_S1,true
71,4,measured,5,3,E2,T2,k4_pair05_o3_E2,/home/lss/OpenFOAM/lss-10/applications/solvers/SOURCE_STUDY_ARCHIVE/results/injectionNozzle_gpu30_four_state_tail_matrix_20260813/inputs/k4,/home/lss/OpenFOAM/lss-10/applications/solvers/SOURCE_STUDY_ARCHIVE/results/injectionNozzle_gpu30_four_state_tail_matrix_20260813/runs/k4_pair05_o3_E2,true
72,4,measured,5,4,E1,T1,k4_pair05_o4_E1,/home/lss/OpenFOAM/lss-10/applications/solvers/SOURCE_STUDY_ARCHIVE/results/injectionNozzle_gpu30_four_state_tail_matrix_20260813/inputs/k4,/home/lss/OpenFOAM/lss-10/applications/solvers/SOURCE_STUDY_ARCHIVE/results/injectionNozzle_gpu30_four_state_tail_matrix_20260813/runs/k4_pair05_o4_E1,true
73,8,warmup,0,1,E1,T1,k8_warmup_o1_E1,/home/lss/OpenFOAM/lss-10/applications/solvers/SOURCE_STUDY_ARCHIVE/results/injectionNozzle_gpu30_four_state_tail_matrix_20260813/inputs/k8,/home/lss/OpenFOAM/lss-10/applications/solvers/SOURCE_STUDY_ARCHIVE/results/injectionNozzle_gpu30_four_state_tail_matrix_20260813/runs/k8_warmup_o1_E1,false
74,8,warmup,0,2,E2,T2,k8_warmup_o2_E2,/home/lss/OpenFOAM/lss-10/applications/solvers/SOURCE_STUDY_ARCHIVE/results/injectionNozzle_gpu30_four_state_tail_matrix_20260813/inputs/k8,/home/lss/OpenFOAM/lss-10/applications/solvers/SOURCE_STUDY_ARCHIVE/results/injectionNozzle_gpu30_four_state_tail_matrix_20260813/runs/k8_warmup_o2_E2,false
75,8,warmup,0,3,S1,S1,k8_warmup_o3_S1,/home/lss/OpenFOAM/lss-10/applications/solvers/SOURCE_STUDY_ARCHIVE/results/injectionNozzle_gpu30_four_state_tail_matrix_20260813/inputs/k8,/home/lss/OpenFOAM/lss-10/applications/solvers/SOURCE_STUDY_ARCHIVE/results/injectionNozzle_gpu30_four_state_tail_matrix_20260813/runs/k8_warmup_o3_S1,false
76,8,warmup,0,4,S2,S2,k8_warmup_o4_S2,/home/lss/OpenFOAM/lss-10/applications/solvers/SOURCE_STUDY_ARCHIVE/results/injectionNozzle_gpu30_four_state_tail_matrix_20260813/inputs/k8,/home/lss/OpenFOAM/lss-10/applications/solvers/SOURCE_STUDY_ARCHIVE/results/injectionNozzle_gpu30_four_state_tail_matrix_20260813/runs/k8_warmup_o4_S2,false
77,8,measured,1,1,E1,T1,k8_pair01_o1_E1,/home/lss/OpenFOAM/lss-10/applications/solvers/SOURCE_STUDY_ARCHIVE/results/injectionNozzle_gpu30_four_state_tail_matrix_20260813/inputs/k8,/home/lss/OpenFOAM/lss-10/applications/solvers/SOURCE_STUDY_ARCHIVE/results/injectionNozzle_gpu30_four_state_tail_matrix_20260813/runs/k8_pair01_o1_E1,true
78,8,measured,1,2,E2,T2,k8_pair01_o2_E2,/home/lss/OpenFOAM/lss-10/applications/solvers/SOURCE_STUDY_ARCHIVE/results/injectionNozzle_gpu30_four_state_tail_matrix_20260813/inputs/k8,/home/lss/OpenFOAM/lss-10/applications/solvers/SOURCE_STUDY_ARCHIVE/results/injectionNozzle_gpu30_four_state_tail_matrix_20260813/runs/k8_pair01_o2_E2,true
79,8,measured,1,3,S1,S1,k8_pair01_o3_S1,/home/lss/OpenFOAM/lss-10/applications/solvers/SOURCE_STUDY_ARCHIVE/results/injectionNozzle_gpu30_four_state_tail_matrix_20260813/inputs/k8,/home/lss/OpenFOAM/lss-10/applications/solvers/SOURCE_STUDY_ARCHIVE/results/injectionNozzle_gpu30_four_state_tail_matrix_20260813/runs/k8_pair01_o3_S1,true
80,8,measured,1,4,S2,S2,k8_pair01_o4_S2,/home/lss/OpenFOAM/lss-10/applications/solvers/SOURCE_STUDY_ARCHIVE/results/injectionNozzle_gpu30_four_state_tail_matrix_20260813/inputs/k8,/home/lss/OpenFOAM/lss-10/applications/solvers/SOURCE_STUDY_ARCHIVE/results/injectionNozzle_gpu30_four_state_tail_matrix_20260813/runs/k8_pair01_o4_S2,true
81,8,measured,2,1,E2,T2,k8_pair02_o1_E2,/home/lss/OpenFOAM/lss-10/applications/solvers/SOURCE_STUDY_ARCHIVE/results/injectionNozzle_gpu30_four_state_tail_matrix_20260813/inputs/k8,/home/lss/OpenFOAM/lss-10/applications/solvers/SOURCE_STUDY_ARCHIVE/results/injectionNozzle_gpu30_four_state_tail_matrix_20260813/runs/k8_pair02_o1_E2,true
82,8,measured,2,2,S1,S1,k8_pair02_o2_S1,/home/lss/OpenFOAM/lss-10/applications/solvers/SOURCE_STUDY_ARCHIVE/results/injectionNozzle_gpu30_four_state_tail_matrix_20260813/inputs/k8,/home/lss/OpenFOAM/lss-10/applications/solvers/SOURCE_STUDY_ARCHIVE/results/injectionNozzle_gpu30_four_state_tail_matrix_20260813/runs/k8_pair02_o2_S1,true
83,8,measured,2,3,S2,S2,k8_pair02_o3_S2,/home/lss/OpenFOAM/lss-10/applications/solvers/SOURCE_STUDY_ARCHIVE/results/injectionNozzle_gpu30_four_state_tail_matrix_20260813/inputs/k8,/home/lss/OpenFOAM/lss-10/applications/solvers/SOURCE_STUDY_ARCHIVE/results/injectionNozzle_gpu30_four_state_tail_matrix_20260813/runs/k8_pair02_o3_S2,true
84,8,measured,2,4,E1,T1,k8_pair02_o4_E1,/home/lss/OpenFOAM/lss-10/applications/solvers/SOURCE_STUDY_ARCHIVE/results/injectionNozzle_gpu30_four_state_tail_matrix_20260813/inputs/k8,/home/lss/OpenFOAM/lss-10/applications/solvers/SOURCE_STUDY_ARCHIVE/results/injectionNozzle_gpu30_four_state_tail_matrix_20260813/runs/k8_pair02_o4_E1,true
85,8,measured,3,1,S1,S1,k8_pair03_o1_S1,/home/lss/OpenFOAM/lss-10/applications/solvers/SOURCE_STUDY_ARCHIVE/results/injectionNozzle_gpu30_four_state_tail_matrix_20260813/inputs/k8,/home/lss/OpenFOAM/lss-10/applications/solvers/SOURCE_STUDY_ARCHIVE/results/injectionNozzle_gpu30_four_state_tail_matrix_20260813/runs/k8_pair03_o1_S1,true
86,8,measured,3,2,S2,S2,k8_pair03_o2_S2,/home/lss/OpenFOAM/lss-10/applications/solvers/SOURCE_STUDY_ARCHIVE/results/injectionNozzle_gpu30_four_state_tail_matrix_20260813/inputs/k8,/home/lss/OpenFOAM/lss-10/applications/solvers/SOURCE_STUDY_ARCHIVE/results/injectionNozzle_gpu30_four_state_tail_matrix_20260813/runs/k8_pair03_o2_S2,true
87,8,measured,3,3,E1,T1,k8_pair03_o3_E1,/home/lss/OpenFOAM/lss-10/applications/solvers/SOURCE_STUDY_ARCHIVE/results/injectionNozzle_gpu30_four_state_tail_matrix_20260813/inputs/k8,/home/lss/OpenFOAM/lss-10/applications/solvers/SOURCE_STUDY_ARCHIVE/results/injectionNozzle_gpu30_four_state_tail_matrix_20260813/runs/k8_pair03_o3_E1,true
88,8,measured,3,4,E2,T2,k8_pair03_o4_E2,/home/lss/OpenFOAM/lss-10/applications/solvers/SOURCE_STUDY_ARCHIVE/results/injectionNozzle_gpu30_four_state_tail_matrix_20260813/inputs/k8,/home/lss/OpenFOAM/lss-10/applications/solvers/SOURCE_STUDY_ARCHIVE/results/injectionNozzle_gpu30_four_state_tail_matrix_20260813/runs/k8_pair03_o4_E2,true
89,8,measured,4,1,S2,S2,k8_pair04_o1_S2,/home/lss/OpenFOAM/lss-10/applications/solvers/SOURCE_STUDY_ARCHIVE/results/injectionNozzle_gpu30_four_state_tail_matrix_20260813/inputs/k8,/home/lss/OpenFOAM/lss-10/applications/solvers/SOURCE_STUDY_ARCHIVE/results/injectionNozzle_gpu30_four_state_tail_matrix_20260813/runs/k8_pair04_o1_S2,true
90,8,measured,4,2,E1,T1,k8_pair04_o2_E1,/home/lss/OpenFOAM/lss-10/applications/solvers/SOURCE_STUDY_ARCHIVE/results/injectionNozzle_gpu30_four_state_tail_matrix_20260813/inputs/k8,/home/lss/OpenFOAM/lss-10/applications/solvers/SOURCE_STUDY_ARCHIVE/results/injectionNozzle_gpu30_four_state_tail_matrix_20260813/runs/k8_pair04_o2_E1,true
91,8,measured,4,3,E2,T2,k8_pair04_o3_E2,/home/lss/OpenFOAM/lss-10/applications/solvers/SOURCE_STUDY_ARCHIVE/results/injectionNozzle_gpu30_four_state_tail_matrix_20260813/inputs/k8,/home/lss/OpenFOAM/lss-10/applications/solvers/SOURCE_STUDY_ARCHIVE/results/injectionNozzle_gpu30_four_state_tail_matrix_20260813/runs/k8_pair04_o3_E2,true
92,8,measured,4,4,S1,S1,k8_pair04_o4_S1,/home/lss/OpenFOAM/lss-10/applications/solvers/SOURCE_STUDY_ARCHIVE/results/injectionNozzle_gpu30_four_state_tail_matrix_20260813/inputs/k8,/home/lss/OpenFOAM/lss-10/applications/solvers/SOURCE_STUDY_ARCHIVE/results/injectionNozzle_gpu30_four_state_tail_matrix_20260813/runs/k8_pair04_o4_S1,true
93,8,measured,5,1,S2,S2,k8_pair05_o1_S2,/home/lss/OpenFOAM/lss-10/applications/solvers/SOURCE_STUDY_ARCHIVE/results/injectionNozzle_gpu30_four_state_tail_matrix_20260813/inputs/k8,/home/lss/OpenFOAM/lss-10/applications/solvers/SOURCE_STUDY_ARCHIVE/results/injectionNozzle_gpu30_four_state_tail_matrix_20260813/runs/k8_pair05_o1_S2,true
94,8,measured,5,2,S1,S1,k8_pair05_o2_S1,/home/lss/OpenFOAM/lss-10/applications/solvers/SOURCE_STUDY_ARCHIVE/results/injectionNozzle_gpu30_four_state_tail_matrix_20260813/inputs/k8,/home/lss/OpenFOAM/lss-10/applications/solvers/SOURCE_STUDY_ARCHIVE/results/injectionNozzle_gpu30_four_state_tail_matrix_20260813/runs/k8_pair05_o2_S1,true
95,8,measured,5,3,E2,T2,k8_pair05_o3_E2,/home/lss/OpenFOAM/lss-10/applications/solvers/SOURCE_STUDY_ARCHIVE/results/injectionNozzle_gpu30_four_state_tail_matrix_20260813/inputs/k8,/home/lss/OpenFOAM/lss-10/applications/solvers/SOURCE_STUDY_ARCHIVE/results/injectionNozzle_gpu30_four_state_tail_matrix_20260813/runs/k8_pair05_o3_E2,true
96,8,measured,5,4,E1,T1,k8_pair05_o4_E1,/home/lss/OpenFOAM/lss-10/applications/solvers/SOURCE_STUDY_ARCHIVE/results/injectionNozzle_gpu30_four_state_tail_matrix_20260813/inputs/k8,/home/lss/OpenFOAM/lss-10/applications/solvers/SOURCE_STUDY_ARCHIVE/results/injectionNozzle_gpu30_four_state_tail_matrix_20260813/runs/k8_pair05_o4_E1,true
97,16,warmup,0,1,E1,T1,k16_warmup_o1_E1,/home/lss/OpenFOAM/lss-10/applications/solvers/SOURCE_STUDY_ARCHIVE/results/injectionNozzle_gpu30_four_state_tail_matrix_20260813/inputs/k16,/home/lss/OpenFOAM/lss-10/applications/solvers/SOURCE_STUDY_ARCHIVE/results/injectionNozzle_gpu30_four_state_tail_matrix_20260813/runs/k16_warmup_o1_E1,false
98,16,warmup,0,2,E2,T2,k16_warmup_o2_E2,/home/lss/OpenFOAM/lss-10/applications/solvers/SOURCE_STUDY_ARCHIVE/results/injectionNozzle_gpu30_four_state_tail_matrix_20260813/inputs/k16,/home/lss/OpenFOAM/lss-10/applications/solvers/SOURCE_STUDY_ARCHIVE/results/injectionNozzle_gpu30_four_state_tail_matrix_20260813/runs/k16_warmup_o2_E2,false
99,16,warmup,0,3,S1,S1,k16_warmup_o3_S1,/home/lss/OpenFOAM/lss-10/applications/solvers/SOURCE_STUDY_ARCHIVE/results/injectionNozzle_gpu30_four_state_tail_matrix_20260813/inputs/k16,/home/lss/OpenFOAM/lss-10/applications/solvers/SOURCE_STUDY_ARCHIVE/results/injectionNozzle_gpu30_four_state_tail_matrix_20260813/runs/k16_warmup_o3_S1,false
100,16,warmup,0,4,S2,S2,k16_warmup_o4_S2,/home/lss/OpenFOAM/lss-10/applications/solvers/SOURCE_STUDY_ARCHIVE/results/injectionNozzle_gpu30_four_state_tail_matrix_20260813/inputs/k16,/home/lss/OpenFOAM/lss-10/applications/solvers/SOURCE_STUDY_ARCHIVE/results/injectionNozzle_gpu30_four_state_tail_matrix_20260813/runs/k16_warmup_o4_S2,false
101,16,measured,1,1,E1,T1,k16_pair01_o1_E1,/home/lss/OpenFOAM/lss-10/applications/solvers/SOURCE_STUDY_ARCHIVE/results/injectionNozzle_gpu30_four_state_tail_matrix_20260813/inputs/k16,/home/lss/OpenFOAM/lss-10/applications/solvers/SOURCE_STUDY_ARCHIVE/results/injectionNozzle_gpu30_four_state_tail_matrix_20260813/runs/k16_pair01_o1_E1,true
102,16,measured,1,2,E2,T2,k16_pair01_o2_E2,/home/lss/OpenFOAM/lss-10/applications/solvers/SOURCE_STUDY_ARCHIVE/results/injectionNozzle_gpu30_four_state_tail_matrix_20260813/inputs/k16,/home/lss/OpenFOAM/lss-10/applications/solvers/SOURCE_STUDY_ARCHIVE/results/injectionNozzle_gpu30_four_state_tail_matrix_20260813/runs/k16_pair01_o2_E2,true
103,16,measured,1,3,S1,S1,k16_pair01_o3_S1,/home/lss/OpenFOAM/lss-10/applications/solvers/SOURCE_STUDY_ARCHIVE/results/injectionNozzle_gpu30_four_state_tail_matrix_20260813/inputs/k16,/home/lss/OpenFOAM/lss-10/applications/solvers/SOURCE_STUDY_ARCHIVE/results/injectionNozzle_gpu30_four_state_tail_matrix_20260813/runs/k16_pair01_o3_S1,true
104,16,measured,1,4,S2,S2,k16_pair01_o4_S2,/home/lss/OpenFOAM/lss-10/applications/solvers/SOURCE_STUDY_ARCHIVE/results/injectionNozzle_gpu30_four_state_tail_matrix_20260813/inputs/k16,/home/lss/OpenFOAM/lss-10/applications/solvers/SOURCE_STUDY_ARCHIVE/results/injectionNozzle_gpu30_four_state_tail_matrix_20260813/runs/k16_pair01_o4_S2,true
105,16,measured,2,1,E2,T2,k16_pair02_o1_E2,/home/lss/OpenFOAM/lss-10/applications/solvers/SOURCE_STUDY_ARCHIVE/results/injectionNozzle_gpu30_four_state_tail_matrix_20260813/inputs/k16,/home/lss/OpenFOAM/lss-10/applications/solvers/SOURCE_STUDY_ARCHIVE/results/injectionNozzle_gpu30_four_state_tail_matrix_20260813/runs/k16_pair02_o1_E2,true
106,16,measured,2,2,S1,S1,k16_pair02_o2_S1,/home/lss/OpenFOAM/lss-10/applications/solvers/SOURCE_STUDY_ARCHIVE/results/injectionNozzle_gpu30_four_state_tail_matrix_20260813/inputs/k16,/home/lss/OpenFOAM/lss-10/applications/solvers/SOURCE_STUDY_ARCHIVE/results/injectionNozzle_gpu30_four_state_tail_matrix_20260813/runs/k16_pair02_o2_S1,true
107,16,measured,2,3,S2,S2,k16_pair02_o3_S2,/home/lss/OpenFOAM/lss-10/applications/solvers/SOURCE_STUDY_ARCHIVE/results/injectionNozzle_gpu30_four_state_tail_matrix_20260813/inputs/k16,/home/lss/OpenFOAM/lss-10/applications/solvers/SOURCE_STUDY_ARCHIVE/results/injectionNozzle_gpu30_four_state_tail_matrix_20260813/runs/k16_pair02_o3_S2,true
108,16,measured,2,4,E1,T1,k16_pair02_o4_E1,/home/lss/OpenFOAM/lss-10/applications/solvers/SOURCE_STUDY_ARCHIVE/results/injectionNozzle_gpu30_four_state_tail_matrix_20260813/inputs/k16,/home/lss/OpenFOAM/lss-10/applications/solvers/SOURCE_STUDY_ARCHIVE/results/injectionNozzle_gpu30_four_state_tail_matrix_20260813/runs/k16_pair02_o4_E1,true
109,16,measured,3,1,S1,S1,k16_pair03_o1_S1,/home/lss/OpenFOAM/lss-10/applications/solvers/SOURCE_STUDY_ARCHIVE/results/injectionNozzle_gpu30_four_state_tail_matrix_20260813/inputs/k16,/home/lss/OpenFOAM/lss-10/applications/solvers/SOURCE_STUDY_ARCHIVE/results/injectionNozzle_gpu30_four_state_tail_matrix_20260813/runs/k16_pair03_o1_S1,true
110,16,measured,3,2,S2,S2,k16_pair03_o2_S2,/home/lss/OpenFOAM/lss-10/applications/solvers/SOURCE_STUDY_ARCHIVE/results/injectionNozzle_gpu30_four_state_tail_matrix_20260813/inputs/k16,/home/lss/OpenFOAM/lss-10/applications/solvers/SOURCE_STUDY_ARCHIVE/results/injectionNozzle_gpu30_four_state_tail_matrix_20260813/runs/k16_pair03_o2_S2,true
111,16,measured,3,3,E1,T1,k16_pair03_o3_E1,/home/lss/OpenFOAM/lss-10/applications/solvers/SOURCE_STUDY_ARCHIVE/results/injectionNozzle_gpu30_four_state_tail_matrix_20260813/inputs/k16,/home/lss/OpenFOAM/lss-10/applications/solvers/SOURCE_STUDY_ARCHIVE/results/injectionNozzle_gpu30_four_state_tail_matrix_20260813/runs/k16_pair03_o3_E1,true
112,16,measured,3,4,E2,T2,k16_pair03_o4_E2,/home/lss/OpenFOAM/lss-10/applications/solvers/SOURCE_STUDY_ARCHIVE/results/injectionNozzle_gpu30_four_state_tail_matrix_20260813/inputs/k16,/home/lss/OpenFOAM/lss-10/applications/solvers/SOURCE_STUDY_ARCHIVE/results/injectionNozzle_gpu30_four_state_tail_matrix_20260813/runs/k16_pair03_o4_E2,true
113,16,measured,4,1,S2,S2,k16_pair04_o1_S2,/home/lss/OpenFOAM/lss-10/applications/solvers/SOURCE_STUDY_ARCHIVE/results/injectionNozzle_gpu30_four_state_tail_matrix_20260813/inputs/k16,/home/lss/OpenFOAM/lss-10/applications/solvers/SOURCE_STUDY_ARCHIVE/results/injectionNozzle_gpu30_four_state_tail_matrix_20260813/runs/k16_pair04_o1_S2,true
114,16,measured,4,2,E1,T1,k16_pair04_o2_E1,/home/lss/OpenFOAM/lss-10/applications/solvers/SOURCE_STUDY_ARCHIVE/results/injectionNozzle_gpu30_four_state_tail_matrix_20260813/inputs/k16,/home/lss/OpenFOAM/lss-10/applications/solvers/SOURCE_STUDY_ARCHIVE/results/injectionNozzle_gpu30_four_state_tail_matrix_20260813/runs/k16_pair04_o2_E1,true
115,16,measured,4,3,E2,T2,k16_pair04_o3_E2,/home/lss/OpenFOAM/lss-10/applications/solvers/SOURCE_STUDY_ARCHIVE/results/injectionNozzle_gpu30_four_state_tail_matrix_20260813/inputs/k16,/home/lss/OpenFOAM/lss-10/applications/solvers/SOURCE_STUDY_ARCHIVE/results/injectionNozzle_gpu30_four_state_tail_matrix_20260813/runs/k16_pair04_o3_E2,true
116,16,measured,4,4,S1,S1,k16_pair04_o4_S1,/home/lss/OpenFOAM/lss-10/applications/solvers/SOURCE_STUDY_ARCHIVE/results/injectionNozzle_gpu30_four_state_tail_matrix_20260813/inputs/k16,/home/lss/OpenFOAM/lss-10/applications/solvers/SOURCE_STUDY_ARCHIVE/results/injectionNozzle_gpu30_four_state_tail_matrix_20260813/runs/k16_pair04_o4_S1,true
117,16,measured,5,1,S2,S2,k16_pair05_o1_S2,/home/lss/OpenFOAM/lss-10/applications/solvers/SOURCE_STUDY_ARCHIVE/results/injectionNozzle_gpu30_four_state_tail_matrix_20260813/inputs/k16,/home/lss/OpenFOAM/lss-10/applications/solvers/SOURCE_STUDY_ARCHIVE/results/injectionNozzle_gpu30_four_state_tail_matrix_20260813/runs/k16_pair05_o1_S2,true
118,16,measured,5,2,S1,S1,k16_pair05_o2_S1,/home/lss/OpenFOAM/lss-10/applications/solvers/SOURCE_STUDY_ARCHIVE/results/injectionNozzle_gpu30_four_state_tail_matrix_20260813/inputs/k16,/home/lss/OpenFOAM/lss-10/applications/solvers/SOURCE_STUDY_ARCHIVE/results/injectionNozzle_gpu30_four_state_tail_matrix_20260813/runs/k16_pair05_o2_S1,true
119,16,measured,5,3,E2,T2,k16_pair05_o3_E2,/home/lss/OpenFOAM/lss-10/applications/solvers/SOURCE_STUDY_ARCHIVE/results/injectionNozzle_gpu30_four_state_tail_matrix_20260813/inputs/k16,/home/lss/OpenFOAM/lss-10/applications/solvers/SOURCE_STUDY_ARCHIVE/results/injectionNozzle_gpu30_four_state_tail_matrix_20260813/runs/k16_pair05_o3_E2,true
120,16,measured,5,4,E1,T1,k16_pair05_o4_E1,/home/lss/OpenFOAM/lss-10/applications/solvers/SOURCE_STUDY_ARCHIVE/results/injectionNozzle_gpu30_four_state_tail_matrix_20260813/inputs/k16,/home/lss/OpenFOAM/lss-10/applications/solvers/SOURCE_STUDY_ARCHIVE/results/injectionNozzle_gpu30_four_state_tail_matrix_20260813/runs/k16_pair05_o4_E1,true
121,32,warmup,0,1,E1,T1,k32_warmup_o1_E1,/home/lss/OpenFOAM/lss-10/applications/solvers/SOURCE_STUDY_ARCHIVE/results/injectionNozzle_gpu30_four_state_tail_matrix_20260813/inputs/k32,/home/lss/OpenFOAM/lss-10/applications/solvers/SOURCE_STUDY_ARCHIVE/results/injectionNozzle_gpu30_four_state_tail_matrix_20260813/runs/k32_warmup_o1_E1,false
122,32,warmup,0,2,E2,T2,k32_warmup_o2_E2,/home/lss/OpenFOAM/lss-10/applications/solvers/SOURCE_STUDY_ARCHIVE/results/injectionNozzle_gpu30_four_state_tail_matrix_20260813/inputs/k32,/home/lss/OpenFOAM/lss-10/applications/solvers/SOURCE_STUDY_ARCHIVE/results/injectionNozzle_gpu30_four_state_tail_matrix_20260813/runs/k32_warmup_o2_E2,false
123,32,warmup,0,3,S1,S1,k32_warmup_o3_S1,/home/lss/OpenFOAM/lss-10/applications/solvers/SOURCE_STUDY_ARCHIVE/results/injectionNozzle_gpu30_four_state_tail_matrix_20260813/inputs/k32,/home/lss/OpenFOAM/lss-10/applications/solvers/SOURCE_STUDY_ARCHIVE/results/injectionNozzle_gpu30_four_state_tail_matrix_20260813/runs/k32_warmup_o3_S1,false
124,32,warmup,0,4,S2,S2,k32_warmup_o4_S2,/home/lss/OpenFOAM/lss-10/applications/solvers/SOURCE_STUDY_ARCHIVE/results/injectionNozzle_gpu30_four_state_tail_matrix_20260813/inputs/k32,/home/lss/OpenFOAM/lss-10/applications/solvers/SOURCE_STUDY_ARCHIVE/results/injectionNozzle_gpu30_four_state_tail_matrix_20260813/runs/k32_warmup_o4_S2,false
125,32,measured,1,1,E1,T1,k32_pair01_o1_E1,/home/lss/OpenFOAM/lss-10/applications/solvers/SOURCE_STUDY_ARCHIVE/results/injectionNozzle_gpu30_four_state_tail_matrix_20260813/inputs/k32,/home/lss/OpenFOAM/lss-10/applications/solvers/SOURCE_STUDY_ARCHIVE/results/injectionNozzle_gpu30_four_state_tail_matrix_20260813/runs/k32_pair01_o1_E1,true
126,32,measured,1,2,E2,T2,k32_pair01_o2_E2,/home/lss/OpenFOAM/lss-10/applications/solvers/SOURCE_STUDY_ARCHIVE/results/injectionNozzle_gpu30_four_state_tail_matrix_20260813/inputs/k32,/home/lss/OpenFOAM/lss-10/applications/solvers/SOURCE_STUDY_ARCHIVE/results/injectionNozzle_gpu30_four_state_tail_matrix_20260813/runs/k32_pair01_o2_E2,true
127,32,measured,1,3,S1,S1,k32_pair01_o3_S1,/home/lss/OpenFOAM/lss-10/applications/solvers/SOURCE_STUDY_ARCHIVE/results/injectionNozzle_gpu30_four_state_tail_matrix_20260813/inputs/k32,/home/lss/OpenFOAM/lss-10/applications/solvers/SOURCE_STUDY_ARCHIVE/results/injectionNozzle_gpu30_four_state_tail_matrix_20260813/runs/k32_pair01_o3_S1,true
128,32,measured,1,4,S2,S2,k32_pair01_o4_S2,/home/lss/OpenFOAM/lss-10/applications/solvers/SOURCE_STUDY_ARCHIVE/results/injectionNozzle_gpu30_four_state_tail_matrix_20260813/inputs/k32,/home/lss/OpenFOAM/lss-10/applications/solvers/SOURCE_STUDY_ARCHIVE/results/injectionNozzle_gpu30_four_state_tail_matrix_20260813/runs/k32_pair01_o4_S2,true
129,32,measured,2,1,E2,T2,k32_pair02_o1_E2,/home/lss/OpenFOAM/lss-10/applications/solvers/SOURCE_STUDY_ARCHIVE/results/injectionNozzle_gpu30_four_state_tail_matrix_20260813/inputs/k32,/home/lss/OpenFOAM/lss-10/applications/solvers/SOURCE_STUDY_ARCHIVE/results/injectionNozzle_gpu30_four_state_tail_matrix_20260813/runs/k32_pair02_o1_E2,true
130,32,measured,2,2,S1,S1,k32_pair02_o2_S1,/home/lss/OpenFOAM/lss-10/applications/solvers/SOURCE_STUDY_ARCHIVE/results/injectionNozzle_gpu30_four_state_tail_matrix_20260813/inputs/k32,/home/lss/OpenFOAM/lss-10/applications/solvers/SOURCE_STUDY_ARCHIVE/results/injectionNozzle_gpu30_four_state_tail_matrix_20260813/runs/k32_pair02_o2_S1,true
131,32,measured,2,3,S2,S2,k32_pair02_o3_S2,/home/lss/OpenFOAM/lss-10/applications/solvers/SOURCE_STUDY_ARCHIVE/results/injectionNozzle_gpu30_four_state_tail_matrix_20260813/inputs/k32,/home/lss/OpenFOAM/lss-10/applications/solvers/SOURCE_STUDY_ARCHIVE/results/injectionNozzle_gpu30_four_state_tail_matrix_20260813/runs/k32_pair02_o3_S2,true
132,32,measured,2,4,E1,T1,k32_pair02_o4_E1,/home/lss/OpenFOAM/lss-10/applications/solvers/SOURCE_STUDY_ARCHIVE/results/injectionNozzle_gpu30_four_state_tail_matrix_20260813/inputs/k32,/home/lss/OpenFOAM/lss-10/applications/solvers/SOURCE_STUDY_ARCHIVE/results/injectionNozzle_gpu30_four_state_tail_matrix_20260813/runs/k32_pair02_o4_E1,true
133,32,measured,3,1,S1,S1,k32_pair03_o1_S1,/home/lss/OpenFOAM/lss-10/applications/solvers/SOURCE_STUDY_ARCHIVE/results/injectionNozzle_gpu30_four_state_tail_matrix_20260813/inputs/k32,/home/lss/OpenFOAM/lss-10/applications/solvers/SOURCE_STUDY_ARCHIVE/results/injectionNozzle_gpu30_four_state_tail_matrix_20260813/runs/k32_pair03_o1_S1,true
134,32,measured,3,2,S2,S2,k32_pair03_o2_S2,/home/lss/OpenFOAM/lss-10/applications/solvers/SOURCE_STUDY_ARCHIVE/results/injectionNozzle_gpu30_four_state_tail_matrix_20260813/inputs/k32,/home/lss/OpenFOAM/lss-10/applications/solvers/SOURCE_STUDY_ARCHIVE/results/injectionNozzle_gpu30_four_state_tail_matrix_20260813/runs/k32_pair03_o2_S2,true
135,32,measured,3,3,E1,T1,k32_pair03_o3_E1,/home/lss/OpenFOAM/lss-10/applications/solvers/SOURCE_STUDY_ARCHIVE/results/injectionNozzle_gpu30_four_state_tail_matrix_20260813/inputs/k32,/home/lss/OpenFOAM/lss-10/applications/solvers/SOURCE_STUDY_ARCHIVE/results/injectionNozzle_gpu30_four_state_tail_matrix_20260813/runs/k32_pair03_o3_E1,true
136,32,measured,3,4,E2,T2,k32_pair03_o4_E2,/home/lss/OpenFOAM/lss-10/applications/solvers/SOURCE_STUDY_ARCHIVE/results/injectionNozzle_gpu30_four_state_tail_matrix_20260813/inputs/k32,/home/lss/OpenFOAM/lss-10/applications/solvers/SOURCE_STUDY_ARCHIVE/results/injectionNozzle_gpu30_four_state_tail_matrix_20260813/runs/k32_pair03_o4_E2,true
137,32,measured,4,1,S2,S2,k32_pair04_o1_S2,/home/lss/OpenFOAM/lss-10/applications/solvers/SOURCE_STUDY_ARCHIVE/results/injectionNozzle_gpu30_four_state_tail_matrix_20260813/inputs/k32,/home/lss/OpenFOAM/lss-10/applications/solvers/SOURCE_STUDY_ARCHIVE/results/injectionNozzle_gpu30_four_state_tail_matrix_20260813/runs/k32_pair04_o1_S2,true
138,32,measured,4,2,E1,T1,k32_pair04_o2_E1,/home/lss/OpenFOAM/lss-10/applications/solvers/SOURCE_STUDY_ARCHIVE/results/injectionNozzle_gpu30_four_state_tail_matrix_20260813/inputs/k32,/home/lss/OpenFOAM/lss-10/applications/solvers/SOURCE_STUDY_ARCHIVE/results/injectionNozzle_gpu30_four_state_tail_matrix_20260813/runs/k32_pair04_o2_E1,true
139,32,measured,4,3,E2,T2,k32_pair04_o3_E2,/home/lss/OpenFOAM/lss-10/applications/solvers/SOURCE_STUDY_ARCHIVE/results/injectionNozzle_gpu30_four_state_tail_matrix_20260813/inputs/k32,/home/lss/OpenFOAM/lss-10/applications/solvers/SOURCE_STUDY_ARCHIVE/results/injectionNozzle_gpu30_four_state_tail_matrix_20260813/runs/k32_pair04_o3_E2,true
140,32,measured,4,4,S1,S1,k32_pair04_o4_S1,/home/lss/OpenFOAM/lss-10/applications/solvers/SOURCE_STUDY_ARCHIVE/results/injectionNozzle_gpu30_four_state_tail_matrix_20260813/inputs/k32,/home/lss/OpenFOAM/lss-10/applications/solvers/SOURCE_STUDY_ARCHIVE/results/injectionNozzle_gpu30_four_state_tail_matrix_20260813/runs/k32_pair04_o4_S1,true
141,32,measured,5,1,S2,S2,k32_pair05_o1_S2,/home/lss/OpenFOAM/lss-10/applications/solvers/SOURCE_STUDY_ARCHIVE/results/injectionNozzle_gpu30_four_state_tail_matrix_20260813/inputs/k32,/home/lss/OpenFOAM/lss-10/applications/solvers/SOURCE_STUDY_ARCHIVE/results/injectionNozzle_gpu30_four_state_tail_matrix_20260813/runs/k32_pair05_o1_S2,true
142,32,measured,5,2,S1,S1,k32_pair05_o2_S1,/home/lss/OpenFOAM/lss-10/applications/solvers/SOURCE_STUDY_ARCHIVE/results/injectionNozzle_gpu30_four_state_tail_matrix_20260813/inputs/k32,/home/lss/OpenFOAM/lss-10/applications/solvers/SOURCE_STUDY_ARCHIVE/results/injectionNozzle_gpu30_four_state_tail_matrix_20260813/runs/k32_pair05_o2_S1,true
143,32,measured,5,3,E2,T2,k32_pair05_o3_E2,/home/lss/OpenFOAM/lss-10/applications/solvers/SOURCE_STUDY_ARCHIVE/results/injectionNozzle_gpu30_four_state_tail_matrix_20260813/inputs/k32,/home/lss/OpenFOAM/lss-10/applications/solvers/SOURCE_STUDY_ARCHIVE/results/injectionNozzle_gpu30_four_state_tail_matrix_20260813/runs/k32_pair05_o3_E2,true
144,32,measured,5,4,E1,T1,k32_pair05_o4_E1,/home/lss/OpenFOAM/lss-10/applications/solvers/SOURCE_STUDY_ARCHIVE/results/injectionNozzle_gpu30_four_state_tail_matrix_20260813/inputs/k32,/home/lss/OpenFOAM/lss-10/applications/solvers/SOURCE_STUDY_ARCHIVE/results/injectionNozzle_gpu30_four_state_tail_matrix_20260813/runs/k32_pair05_o4_E1,true
145,64,warmup,0,1,E1,T1,k64_warmup_o1_E1,/home/lss/OpenFOAM/lss-10/applications/solvers/SOURCE_STUDY_ARCHIVE/results/injectionNozzle_gpu30_four_state_tail_matrix_20260813/inputs/k64,/home/lss/OpenFOAM/lss-10/applications/solvers/SOURCE_STUDY_ARCHIVE/results/injectionNozzle_gpu30_four_state_tail_matrix_20260813/runs/k64_warmup_o1_E1,false
146,64,warmup,0,2,E2,T2,k64_warmup_o2_E2,/home/lss/OpenFOAM/lss-10/applications/solvers/SOURCE_STUDY_ARCHIVE/results/injectionNozzle_gpu30_four_state_tail_matrix_20260813/inputs/k64,/home/lss/OpenFOAM/lss-10/applications/solvers/SOURCE_STUDY_ARCHIVE/results/injectionNozzle_gpu30_four_state_tail_matrix_20260813/runs/k64_warmup_o2_E2,false
147,64,warmup,0,3,S1,S1,k64_warmup_o3_S1,/home/lss/OpenFOAM/lss-10/applications/solvers/SOURCE_STUDY_ARCHIVE/results/injectionNozzle_gpu30_four_state_tail_matrix_20260813/inputs/k64,/home/lss/OpenFOAM/lss-10/applications/solvers/SOURCE_STUDY_ARCHIVE/results/injectionNozzle_gpu30_four_state_tail_matrix_20260813/runs/k64_warmup_o3_S1,false
148,64,warmup,0,4,S2,S2,k64_warmup_o4_S2,/home/lss/OpenFOAM/lss-10/applications/solvers/SOURCE_STUDY_ARCHIVE/results/injectionNozzle_gpu30_four_state_tail_matrix_20260813/inputs/k64,/home/lss/OpenFOAM/lss-10/applications/solvers/SOURCE_STUDY_ARCHIVE/results/injectionNozzle_gpu30_four_state_tail_matrix_20260813/runs/k64_warmup_o4_S2,false
149,64,measured,1,1,E1,T1,k64_pair01_o1_E1,/home/lss/OpenFOAM/lss-10/applications/solvers/SOURCE_STUDY_ARCHIVE/results/injectionNozzle_gpu30_four_state_tail_matrix_20260813/inputs/k64,/home/lss/OpenFOAM/lss-10/applications/solvers/SOURCE_STUDY_ARCHIVE/results/injectionNozzle_gpu30_four_state_tail_matrix_20260813/runs/k64_pair01_o1_E1,true
150,64,measured,1,2,E2,T2,k64_pair01_o2_E2,/home/lss/OpenFOAM/lss-10/applications/solvers/SOURCE_STUDY_ARCHIVE/results/injectionNozzle_gpu30_four_state_tail_matrix_20260813/inputs/k64,/home/lss/OpenFOAM/lss-10/applications/solvers/SOURCE_STUDY_ARCHIVE/results/injectionNozzle_gpu30_four_state_tail_matrix_20260813/runs/k64_pair01_o2_E2,true
151,64,measured,1,3,S1,S1,k64_pair01_o3_S1,/home/lss/OpenFOAM/lss-10/applications/solvers/SOURCE_STUDY_ARCHIVE/results/injectionNozzle_gpu30_four_state_tail_matrix_20260813/inputs/k64,/home/lss/OpenFOAM/lss-10/applications/solvers/SOURCE_STUDY_ARCHIVE/results/injectionNozzle_gpu30_four_state_tail_matrix_20260813/runs/k64_pair01_o3_S1,true
152,64,measured,1,4,S2,S2,k64_pair01_o4_S2,/home/lss/OpenFOAM/lss-10/applications/solvers/SOURCE_STUDY_ARCHIVE/results/injectionNozzle_gpu30_four_state_tail_matrix_20260813/inputs/k64,/home/lss/OpenFOAM/lss-10/applications/solvers/SOURCE_STUDY_ARCHIVE/results/injectionNozzle_gpu30_four_state_tail_matrix_20260813/runs/k64_pair01_o4_S2,true
153,64,measured,2,1,E2,T2,k64_pair02_o1_E2,/home/lss/OpenFOAM/lss-10/applications/solvers/SOURCE_STUDY_ARCHIVE/results/injectionNozzle_gpu30_four_state_tail_matrix_20260813/inputs/k64,/home/lss/OpenFOAM/lss-10/applications/solvers/SOURCE_STUDY_ARCHIVE/results/injectionNozzle_gpu30_four_state_tail_matrix_20260813/runs/k64_pair02_o1_E2,true
154,64,measured,2,2,S1,S1,k64_pair02_o2_S1,/home/lss/OpenFOAM/lss-10/applications/solvers/SOURCE_STUDY_ARCHIVE/results/injectionNozzle_gpu30_four_state_tail_matrix_20260813/inputs/k64,/home/lss/OpenFOAM/lss-10/applications/solvers/SOURCE_STUDY_ARCHIVE/results/injectionNozzle_gpu30_four_state_tail_matrix_20260813/runs/k64_pair02_o2_S1,true
155,64,measured,2,3,S2,S2,k64_pair02_o3_S2,/home/lss/OpenFOAM/lss-10/applications/solvers/SOURCE_STUDY_ARCHIVE/results/injectionNozzle_gpu30_four_state_tail_matrix_20260813/inputs/k64,/home/lss/OpenFOAM/lss-10/applications/solvers/SOURCE_STUDY_ARCHIVE/results/injectionNozzle_gpu30_four_state_tail_matrix_20260813/runs/k64_pair02_o3_S2,true
156,64,measured,2,4,E1,T1,k64_pair02_o4_E1,/home/lss/OpenFOAM/lss-10/applications/solvers/SOURCE_STUDY_ARCHIVE/results/injectionNozzle_gpu30_four_state_tail_matrix_20260813/inputs/k64,/home/lss/OpenFOAM/lss-10/applications/solvers/SOURCE_STUDY_ARCHIVE/results/injectionNozzle_gpu30_four_state_tail_matrix_20260813/runs/k64_pair02_o4_E1,true
157,64,measured,3,1,S1,S1,k64_pair03_o1_S1,/home/lss/OpenFOAM/lss-10/applications/solvers/SOURCE_STUDY_ARCHIVE/results/injectionNozzle_gpu30_four_state_tail_matrix_20260813/inputs/k64,/home/lss/OpenFOAM/lss-10/applications/solvers/SOURCE_STUDY_ARCHIVE/results/injectionNozzle_gpu30_four_state_tail_matrix_20260813/runs/k64_pair03_o1_S1,true
158,64,measured,3,2,S2,S2,k64_pair03_o2_S2,/home/lss/OpenFOAM/lss-10/applications/solvers/SOURCE_STUDY_ARCHIVE/results/injectionNozzle_gpu30_four_state_tail_matrix_20260813/inputs/k64,/home/lss/OpenFOAM/lss-10/applications/solvers/SOURCE_STUDY_ARCHIVE/results/injectionNozzle_gpu30_four_state_tail_matrix_20260813/runs/k64_pair03_o2_S2,true
159,64,measured,3,3,E1,T1,k64_pair03_o3_E1,/home/lss/OpenFOAM/lss-10/applications/solvers/SOURCE_STUDY_ARCHIVE/results/injectionNozzle_gpu30_four_state_tail_matrix_20260813/inputs/k64,/home/lss/OpenFOAM/lss-10/applications/solvers/SOURCE_STUDY_ARCHIVE/results/injectionNozzle_gpu30_four_state_tail_matrix_20260813/runs/k64_pair03_o3_E1,true
160,64,measured,3,4,E2,T2,k64_pair03_o4_E2,/home/lss/OpenFOAM/lss-10/applications/solvers/SOURCE_STUDY_ARCHIVE/results/injectionNozzle_gpu30_four_state_tail_matrix_20260813/inputs/k64,/home/lss/OpenFOAM/lss-10/applications/solvers/SOURCE_STUDY_ARCHIVE/results/injectionNozzle_gpu30_four_state_tail_matrix_20260813/runs/k64_pair03_o4_E2,true
161,64,measured,4,1,S2,S2,k64_pair04_o1_S2,/home/lss/OpenFOAM/lss-10/applications/solvers/SOURCE_STUDY_ARCHIVE/results/injectionNozzle_gpu30_four_state_tail_matrix_20260813/inputs/k64,/home/lss/OpenFOAM/lss-10/applications/solvers/SOURCE_STUDY_ARCHIVE/results/injectionNozzle_gpu30_four_state_tail_matrix_20260813/runs/k64_pair04_o1_S2,true
162,64,measured,4,2,E1,T1,k64_pair04_o2_E1,/home/lss/OpenFOAM/lss-10/applications/solvers/SOURCE_STUDY_ARCHIVE/results/injectionNozzle_gpu30_four_state_tail_matrix_20260813/inputs/k64,/home/lss/OpenFOAM/lss-10/applications/solvers/SOURCE_STUDY_ARCHIVE/results/injectionNozzle_gpu30_four_state_tail_matrix_20260813/runs/k64_pair04_o2_E1,true
163,64,measured,4,3,E2,T2,k64_pair04_o3_E2,/home/lss/OpenFOAM/lss-10/applications/solvers/SOURCE_STUDY_ARCHIVE/results/injectionNozzle_gpu30_four_state_tail_matrix_20260813/inputs/k64,/home/lss/OpenFOAM/lss-10/applications/solvers/SOURCE_STUDY_ARCHIVE/results/injectionNozzle_gpu30_four_state_tail_matrix_20260813/runs/k64_pair04_o3_E2,true
164,64,measured,4,4,S1,S1,k64_pair04_o4_S1,/home/lss/OpenFOAM/lss-10/applications/solvers/SOURCE_STUDY_ARCHIVE/results/injectionNozzle_gpu30_four_state_tail_matrix_20260813/inputs/k64,/home/lss/OpenFOAM/lss-10/applications/solvers/SOURCE_STUDY_ARCHIVE/results/injectionNozzle_gpu30_four_state_tail_matrix_20260813/runs/k64_pair04_o4_S1,true
165,64,measured,5,1,S2,S2,k64_pair05_o1_S2,/home/lss/OpenFOAM/lss-10/applications/solvers/SOURCE_STUDY_ARCHIVE/results/injectionNozzle_gpu30_four_state_tail_matrix_20260813/inputs/k64,/home/lss/OpenFOAM/lss-10/applications/solvers/SOURCE_STUDY_ARCHIVE/results/injectionNozzle_gpu30_four_state_tail_matrix_20260813/runs/k64_pair05_o1_S2,true
166,64,measured,5,2,S1,S1,k64_pair05_o2_S1,/home/lss/OpenFOAM/lss-10/applications/solvers/SOURCE_STUDY_ARCHIVE/results/injectionNozzle_gpu30_four_state_tail_matrix_20260813/inputs/k64,/home/lss/OpenFOAM/lss-10/applications/solvers/SOURCE_STUDY_ARCHIVE/results/injectionNozzle_gpu30_four_state_tail_matrix_20260813/runs/k64_pair05_o2_S1,true
167,64,measured,5,3,E2,T2,k64_pair05_o3_E2,/home/lss/OpenFOAM/lss-10/applications/solvers/SOURCE_STUDY_ARCHIVE/results/injectionNozzle_gpu30_four_state_tail_matrix_20260813/inputs/k64,/home/lss/OpenFOAM/lss-10/applications/solvers/SOURCE_STUDY_ARCHIVE/results/injectionNozzle_gpu30_four_state_tail_matrix_20260813/runs/k64_pair05_o3_E2,true
168,64,measured,5,4,E1,T1,k64_pair05_o4_E1,/home/lss/OpenFOAM/lss-10/applications/solvers/SOURCE_STUDY_ARCHIVE/results/injectionNozzle_gpu30_four_state_tail_matrix_20260813/inputs/k64,/home/lss/OpenFOAM/lss-10/applications/solvers/SOURCE_STUDY_ARCHIVE/results/injectionNozzle_gpu30_four_state_tail_matrix_20260813/runs/k64_pair05_o4_E1,true
