factor,initial_target_cell_particles,ratio,stage,pairs,median_speedup,ci95_low,ci95_high,classification
1,11000,T2_over_T1,total_ms,5,0.98372599716304843,0.97256219296425894,0.99017815505764051,negative
1,11000,T2_over_T1,gas_flux_ms,5,0.93440234363379082,0.8780821846339022,1.0485133061743817,inconclusive
1,11000,T2_over_T1,eulerian_coupling_ms,5,1.0052082970354306,0.96482417862810588,1.0257077469085583,inconclusive
1,11000,T2_over_T1,injection_ms,5,1,0.96874999074935919,1.0312500123023989,inconclusive
1,11000,T2_over_T1,bin_pre_ms,5,0.9787798324731074,0.97105256315870869,0.98018901479111198,negative
1,11000,T2_over_T1,pressure_pre_ms,5,0.99966754995465235,0.99768440327622743,1.005027881720977,inconclusive
1,11000,T2_over_T1,collision_pool_ms,5,0.82901008254302222,0.82098118781942908,0.83836775681555342,negative
1,11000,T2_over_T1,relax_ms,5,0.99965351414876769,0.98726297625306769,1.001132776908183,inconclusive
1,11000,T2_over_T1,track_ms,5,1.0003975642005676,0.98862434517125242,1.0131685414044758,inconclusive
1,11000,T2_over_T1,bin_post_ms,5,0.98382752756576641,0.97849461634496238,0.98517520749886711,negative
1,11000,T2_over_T1,moments_ms,5,0.8666100310198952,0.85646954628461847,0.88121073147595708,negative
1,11000,T2_over_T1,pressure_post_ms,5,1.0006736307665509,0.99568826712547354,1.007759764358235,inconclusive
1,11000,T2_over_T1,compaction_ms,5,0.99999999873354639,0.99534642721529232,1.0065104664233009,inconclusive
1,11000,T2_over_T1,boundary_ms,5,1,0.97855749295129768,1.0006510090907423,inconclusive
1,11000,S2_over_S1,total_ms,5,0.98556917301145175,0.97477842524839109,0.98990233907625103,negative
1,11000,S2_over_S1,gas_flux_ms,5,0.9984000343400008,0.95238094630709436,1.0877192683795625,inconclusive
1,11000,S2_over_S1,eulerian_coupling_ms,5,1.0206185634889138,1,1.10937496050199,inconclusive
1,11000,S2_over_S1,injection_ms,5,1,0.96923827505260696,1.0461538610392012,inconclusive
1,11000,S2_over_S1,bin_pre_ms,5,0.21714284576530618,0.19772356718520728,0.37453799616597278,negative
1,11000,S2_over_S1,pressure_pre_ms,5,1.003381634780576,0.98932139159195087,1.0125437713745946,inconclusive
1,11000,S2_over_S1,collision_pool_ms,5,0.83842794874983873,0.83544120144739475,0.84009404506832175,negative
1,11000,S2_over_S1,relax_ms,5,1.0000984928933272,0.9996028247668256,1.0334006590062328,inconclusive
1,11000,S2_over_S1,track_ms,5,1.00107455456275,0.99704972963630711,1.0074726395505136,inconclusive
1,11000,S2_over_S1,bin_post_ms,5,0.97843664989872892,0.97727651873119048,0.98787060684872707,negative
1,11000,S2_over_S1,moments_ms,5,0.87083927106718773,0.86996025407305577,0.87206103845966643,negative
1,11000,S2_over_S1,pressure_post_ms,5,1.0027118412341103,0.9973109047361598,1.007765003927664,inconclusive
1,11000,S2_over_S1,compaction_ms,5,1.003506066092807,0.99973988560778615,1.0078287480274006,inconclusive
1,11000,S2_over_S1,boundary_ms,5,1,0.97959186675148369,1,inconclusive
1,11000,S2_over_T2,total_ms,5,1.0167540047927606,1.0073382240294801,1.0323299952259568,positive
1,11000,S2_over_T2,gas_flux_ms,5,1.0940989019696381,0.98231290943769112,1.1027190677275382,inconclusive
1,11000,S2_over_T2,eulerian_coupling_ms,5,1.0003254852179038,0.98969079275619032,1.0257732078848214,inconclusive
1,11000,S2_over_T2,injection_ms,5,1,0.98437499537467965,1.0178926647433983,inconclusive
1,11000,S2_over_T2,bin_pre_ms,5,4.0106380690112333,3.4587154822842807,4.9938401756079127,positive
1,11000,S2_over_T2,pressure_pre_ms,5,1.0443633119540983,1.0361695170955252,1.0518441095000435,positive
1,11000,S2_over_T2,collision_pool_ms,5,1.1145895355339916,1.1105232053145326,1.1336439989226572,positive
1,11000,S2_over_T2,relax_ms,5,1.0000954144111087,0.99522138672091631,1.0132505930292468,inconclusive
1,11000,S2_over_T2,track_ms,5,1.0033351081383961,0.99002790882148195,1.0119351233999478,inconclusive
1,11000,S2_over_T2,bin_post_ms,5,1,1,1.0053907986997199,inconclusive
1,11000,S2_over_T2,moments_ms,5,1.0025553551498245,0.98486121162034457,1.0239703060516532,inconclusive
1,11000,S2_over_T2,pressure_post_ms,5,0.99865227795277034,0.99563021937561869,1.0122033600370766,inconclusive
1,11000,S2_over_T2,compaction_ms,5,1.0023398084899091,0.99869959970385058,1.0072916615433163,inconclusive
1,11000,S2_over_T2,boundary_ms,5,0.97959186675148358,0.96000005765625152,1.0019531005144127,inconclusive
1,11000,S1_over_T1,total_ms,5,1.0187058925067183,1.0010530936198982,1.0254286842283871,positive
1,11000,S1_over_T1,gas_flux_ms,5,1.0450310367478124,0.8940027960849648,1.073717949360002,inconclusive
1,11000,S1_over_T1,eulerian_coupling_ms,5,0.96969703291795994,0.91549292748679567,1.0154639241268337,inconclusive
1,11000,S1_over_T1,injection_ms,5,0.98412697935366278,0.92647056508839787,1.0639798683625303,inconclusive
1,11000,S1_over_T1,bin_pre_ms,5,19.421052810389984,12.947368096613857,19.449013954775523,positive
1,11000,S1_over_T1,pressure_pre_ms,5,1.0458717065871503,1.0322913149964017,1.0494010928471589,positive
1,11000,S1_over_T1,collision_pool_ms,5,1.103375495693544,1.0979705817496135,1.1140226208468775,positive
1,11000,S1_over_T1,relax_ms,5,0.99931077630372456,0.9627210394352701,1.0016261204904926,inconclusive
1,11000,S1_over_T1,track_ms,5,0.99814090306346626,0.98847221504425842,1.0153329392582839,inconclusive
1,11000,S1_over_T1,bin_post_ms,5,1.0055096849321778,0.99590727848877114,1.0068870658113998,inconclusive
1,11000,S1_over_T1,moments_ms,5,0.99869450743044064,0.9858521305421174,1.0081672527599559,inconclusive
1,11000,S1_over_T1,pressure_post_ms,5,1.003707478211803,0.9942793861949546,1.007759764358235,inconclusive
1,11000,S1_over_T1,compaction_ms,5,0.99974069499338059,0.99481599274010413,1.0018212706739791,inconclusive
1,11000,S1_over_T1,boundary_ms,5,1,0.96000005765625152,1.0006510090907423,inconclusive
2,22000,T2_over_T1,total_ms,5,0.98403137688113829,0.98129737174835674,0.98871561123248131,negative
2,22000,T2_over_T1,gas_flux_ms,5,1.029705227993571,0.96476519570860086,1.1183260942785347,inconclusive
2,22000,T2_over_T1,eulerian_coupling_ms,5,0.98969079275619021,0.97499999633789047,1.0364582659138599,inconclusive
2,22000,T2_over_T1,injection_ms,5,1,0.98437499537467965,1.0312500123023989,inconclusive
2,22000,T2_over_T1,bin_pre_ms,5,0.9789473614146903,0.97382202007230645,0.98293202348217934,negative
2,22000,T2_over_T1,pressure_pre_ms,5,1.0026770521775177,0.99605653279555528,1.0062851989730448,inconclusive
2,22000,T2_over_T1,collision_pool_ms,5,0.8559366832616776,0.85414479609882432,0.85934180669164539,negative
2,22000,T2_over_T1,relax_ms,5,0.99906707736699663,0.9890782003980142,1.0010314560568321,inconclusive
2,22000,T2_over_T1,track_ms,5,0.99668918669890882,0.98907317470398204,1.0002670596569421,inconclusive
2,22000,T2_over_T1,bin_post_ms,5,0.97989280265246315,0.97855234883605324,0.98924730685989748,negative
2,22000,T2_over_T1,moments_ms,5,0.8656801414080294,0.85923834146696032,0.86969721823459989,negative
2,22000,T2_over_T1,pressure_post_ms,5,0.99633452915107856,0.99567243991746257,1.0046791803491497,inconclusive
2,22000,T2_over_T1,compaction_ms,5,0.99793684825625917,0.99250936205416451,1.004985360925978,inconclusive
2,22000,T2_over_T1,boundary_ms,5,1,1,1.0416666041056339,inconclusive
2,22000,S2_over_S1,total_ms,5,0.98226904417063898,0.98100482874771444,0.98561397252724237,negative
2,22000,S2_over_S1,gas_flux_ms,5,1.0204081819749586,0.97466666689756953,1.1253822833402816,inconclusive
2,22000,S2_over_S1,eulerian_coupling_ms,5,1,0.98477156720251746,1.0156249302705154,inconclusive
2,22000,S2_over_S1,injection_ms,5,0.98804777632497964,0.96726044746563955,1,inconclusive
2,22000,S2_over_S1,bin_pre_ms,5,0.21831237622321112,0.2008921107320587,0.47826086287327224,negative
2,22000,S2_over_S1,pressure_pre_ms,5,0.99452048605038312,0.99250272402663597,1.004481247082915,inconclusive
2,22000,S2_over_S1,collision_pool_ms,5,0.84855628844099873,0.84136306093715785,0.85351448826075171,negative
2,22000,S2_over_S1,relax_ms,5,0.9997055165279406,0.99877021262276888,1.0010316635528373,inconclusive
2,22000,S2_over_S1,track_ms,5,0.99785578703208777,0.99547995281549129,1.0037584181441717,inconclusive
2,22000,S2_over_S1,bin_post_ms,5,0.98118280931874768,0.97593587823713113,0.98123325646887305,negative
2,22000,S2_over_S1,moments_ms,5,0.86285067622096967,0.86159459880334077,0.86761364970404276,negative
2,22000,S2_over_S1,pressure_post_ms,5,1.0029641511405012,1.0010036867146401,1.0067091744024304,positive
2,22000,S2_over_S1,compaction_ms,5,1.001337856147076,0.99541530841003867,1.0069580328630399,inconclusive
2,22000,S2_over_S1,boundary_ms,5,1,0.96000005765625152,1,inconclusive
2,22000,S2_over_T2,total_ms,5,1.0161309820221887,1.0149807182158512,1.0302020567841357,positive
2,22000,S2_over_T2,gas_flux_ms,5,1.05988021820494,0.92400000329687493,1.078492939905271,inconclusive
2,22000,S2_over_T2,eulerian_coupling_ms,5,1.0104165940708609,0.97461935302841529,1.0416665990617564,inconclusive
2,22000,S2_over_T2,injection_ms,5,1,0.9860375600569109,1.0358565558607205,inconclusive
2,22000,S2_over_T2,bin_pre_ms,5,4.1086955309227893,4.0072691826517204,4.4418604424055221,positive
2,22000,S2_over_T2,pressure_pre_ms,5,1.0435043142534115,1.0356285884509542,1.0471438368114199,positive
2,22000,S2_over_T2,collision_pool_ms,5,1.1192713934133598,1.1101944769261931,1.1231585265357984,positive
2,22000,S2_over_T2,relax_ms,5,1.0004421227635838,0.99896645416781893,1.0120855066126764,inconclusive
2,22000,S2_over_T2,track_ms,5,1.0021476680727364,0.99561286632129098,1.0179576638589194,inconclusive
2,22000,S2_over_T2,bin_post_ms,5,1,0.99598398272222188,1.0053763071925323,inconclusive
2,22000,S2_over_T2,moments_ms,5,1.0011296354469523,0.98764739459046902,1.0042613637427651,inconclusive
2,22000,S2_over_T2,pressure_post_ms,5,1.0030110634111089,0.99866487347713628,1.0087218956015767,inconclusive
2,22000,S2_over_T2,compaction_ms,5,1.0019493331825975,0.99661342467580094,1.0103759706267739,inconclusive
2,22000,S2_over_T2,boundary_ms,5,0.97772124999898802,0.96000005765625152,1,inconclusive
2,22000,S1_over_T1,total_ms,5,1.0220075371158066,1.0143489834458612,1.0285805137766952,positive
2,22000,S1_over_T1,gas_flux_ms,5,1.0601914992019967,0.85597827340614574,1.150769258861871,inconclusive
2,22000,S1_over_T1,eulerian_coupling_ms,5,1.0104165940708609,0.98461545221585545,1.025773202850994,inconclusive
2,22000,S1_over_T1,injection_ms,5,1.0148662010654113,1,1.0322580743732117,inconclusive
2,22000,S1_over_T1,bin_pre_ms,5,19.578948788088709,8.4204544356543174,19.606908364834371,positive
2,22000,S1_over_T1,pressure_pre_ms,5,1.0451724379737666,1.0422100194585939,1.0523529046677376,positive
2,22000,S1_over_T1,collision_pool_ms,5,1.1273486403744704,1.1224913547219786,1.1410614740927649,positive
2,22000,S1_over_T1,relax_ms,5,1.0000490968049471,0.99921425157971344,1.0006382538527647,inconclusive
2,22000,S1_over_T1,track_ms,5,1.0004006123229292,0.99705801475767175,1.0089981251717828,inconclusive
2,22000,S1_over_T1,bin_post_ms,5,1.0027396670561455,0.9972678182122896,1.0082191590237388,inconclusive
2,22000,S1_over_T1,moments_ms,5,0.99901477191723909,0.99413489410403044,1.0036061334011634,inconclusive
2,22000,S1_over_T1,pressure_post_ms,5,0.99832886392788145,0.99567096322182103,1.0039986572965436,inconclusive
2,22000,S1_over_T1,compaction_ms,5,0.99878536644554483,0.99587825640597649,1.0018181676243976,inconclusive
2,22000,S1_over_T1,boundary_ms,5,1,0.96000005765625152,1.0416666041056339,inconclusive
4,44000,T2_over_T1,total_ms,5,1.0026720802320317,1.0022018814974374,1.0064439652469688,positive
4,44000,T2_over_T1,gas_flux_ms,5,0.96081506833125696,0.93108503381583119,1.0256821923906501,inconclusive
4,44000,T2_over_T1,eulerian_coupling_ms,5,1,1,1.0260415996180663,inconclusive
4,44000,T2_over_T1,injection_ms,5,0.99851410506898819,0.96874999074935919,1,inconclusive
4,44000,T2_over_T1,bin_pre_ms,5,0.980314962738975,0.9789473614146903,0.98425199889852943,negative
4,44000,T2_over_T1,pressure_pre_ms,5,1.0059601083966647,0.98472116360254902,1.0077700051031397,inconclusive
4,44000,T2_over_T1,collision_pool_ms,5,1.1476792825070881,1.1350923311812304,1.1557550344945027,positive
4,44000,T2_over_T1,relax_ms,5,1.0000488209760499,0.99999995233025241,1.0014149983632152,inconclusive
4,44000,T2_over_T1,track_ms,5,0.99947061116388947,0.99904876838084533,1.0070666889585076,inconclusive
4,44000,T2_over_T1,bin_post_ms,5,0.98133334649999993,0.98002663412276747,0.99201063180323545,negative
4,44000,T2_over_T1,moments_ms,5,1.0048226672513962,0.99065420005026394,1.0065322156732353,inconclusive
4,44000,T2_over_T1,pressure_post_ms,5,1.002632574794136,0.991168853952764,1.0120167217096214,inconclusive
4,44000,T2_over_T1,compaction_ms,5,1.0002907786337629,0.98779317478133444,1.0037251077024878,inconclusive
4,44000,T2_over_T1,boundary_ms,5,1,1,1,inconclusive
4,44000,S2_over_S1,total_ms,5,0.99928577165838095,0.99598014180085159,1.0051363432908924,inconclusive
4,44000,S2_over_S1,gas_flux_ms,5,1.0238334097431743,1.0091244696397637,1.0969230542414015,positive
4,44000,S2_over_S1,eulerian_coupling_ms,5,1,0.99481868877247559,1.0104165940708609,inconclusive
4,44000,S2_over_S1,injection_ms,5,1.0158730206463371,0.99462892301827688,1.0322580743732117,inconclusive
4,44000,S2_over_S1,bin_pre_ms,5,0.19587627910590097,0.16814158223621431,0.39534884436583118,negative
4,44000,S2_over_S1,pressure_pre_ms,5,0.99534243374695142,0.98927983750085902,0.99871751298924172,negative
4,44000,S2_over_S1,collision_pool_ms,5,1.0991202384999081,1.0906963241239533,1.1015257714600803,positive
4,44000,S2_over_S1,relax_ms,5,0.9999999571076944,0.9997575202638862,1.0011227179537243,inconclusive
4,44000,S2_over_S1,track_ms,5,1.0001336432477843,0.99773334630399335,1.0065455384805406,inconclusive
4,44000,S2_over_S1,bin_post_ms,5,0.97872339707146216,0.97618846295796347,0.98399995585416689,negative
4,44000,S2_over_S1,moments_ms,5,0.99348625066787422,0.99041983109673326,1.0070953504529112,inconclusive
4,44000,S2_over_S1,pressure_post_ms,5,1.0049324797791732,0.99740122462000591,1.0099450533696008,inconclusive
4,44000,S2_over_S1,compaction_ms,5,1.0027335941694937,0.99534523825039078,1.0103447919973298,inconclusive
4,44000,S2_over_S1,boundary_ms,5,0.96000005765625129,0.96000005765625152,1,inconclusive
4,44000,S2_over_T2,total_ms,5,1.0176561563196334,1.0144263334989687,1.0287191242158118,positive
4,44000,S2_over_T2,gas_flux_ms,5,1.0110344855863556,0.94251134922971647,1.0928800773434086,inconclusive
4,44000,S2_over_T2,eulerian_coupling_ms,5,0.99481868877247548,0.98969079275619032,1,inconclusive
4,44000,S2_over_T2,injection_ms,5,1.0158730206463371,0.98583984981030215,1.0322580743732117,inconclusive
4,44000,S2_over_T2,bin_pre_ms,5,3.9278349510514792,3.371681279872766,4.4186047962739554,positive
4,44000,S2_over_T2,pressure_pre_ms,5,1.0600987676111044,1.0529043028747325,1.0794392469677709,positive
4,44000,S2_over_T2,collision_pool_ms,5,1.111436945436862,1.1085680442486692,1.1140561726567331,positive
4,44000,S2_over_T2,relax_ms,5,0.99995122192649177,0.99975602379899597,1.0004392958148247,inconclusive
4,44000,S2_over_T2,track_ms,5,1.0009356815729598,0.99813384786210846,1.0021387357944556,inconclusive
4,44000,S2_over_T2,bin_post_ms,5,0.9986702024149865,0.99866665756250017,1.0013333437395833,inconclusive
4,44000,S2_over_T2,moments_ms,5,0.99745692248632856,0.99492814328494794,1.0070953504529112,inconclusive
4,44000,S2_over_T2,pressure_post_ms,5,1.0005121728897886,0.99221183800623047,1.0075896336845049,inconclusive
4,44000,S2_over_T2,compaction_ms,5,1.0038790053739559,0.99589965307862693,1.0165517126082897,inconclusive
4,44000,S2_over_T2,boundary_ms,5,0.96000005765625129,0.96000005765625152,1,inconclusive
4,44000,S1_over_T1,total_ms,5,1.0213034091299218,1.0151611988052824,1.0330128681707049,positive
4,44000,S1_over_T1,gas_flux_ms,5,0.93614132978334819,0.85974757850366257,1.0719874797780879,inconclusive
4,44000,S1_over_T1,eulerian_coupling_ms,5,1,0.98969079275619032,1.0154639241268337,inconclusive
4,44000,S1_over_T1,injection_ms,5,1,0.96874999074935919,1,inconclusive
4,44000,S1_over_T1,bin_pre_ms,5,19.631579238714089,10.970587685808768,19.736843172448541,positive
4,44000,S1_over_T1,pressure_pre_ms,5,1.0698185339429185,1.0670160248518941,1.0744651119117137,positive
4,44000,S1_over_T1,collision_pool_ms,5,1.167381938452368,1.1478121402611028,1.1716577889727446,positive
4,44000,S1_over_T1,relax_ms,5,1.000048828125,0.9999512314462532,1.0007313766974255,inconclusive
4,44000,S1_over_T1,track_ms,5,1.0004046723640598,1.0000000326260363,1.0023888390325766,positive
4,44000,S1_over_T1,bin_post_ms,5,1.002724814259609,1,1.0094851296070249,inconclusive
4,44000,S1_over_T1,moments_ms,5,1.0071083170606931,0.99181715846664908,1.0119794552867023,inconclusive
4,44000,S1_over_T1,pressure_post_ms,5,0.99795386034304912,0.98885722460019176,1.0091169371674833,inconclusive
4,44000,S1_over_T1,compaction_ms,5,0.99951368764409831,0.99688440913873388,1.0064359337333213,inconclusive
4,44000,S1_over_T1,boundary_ms,5,1,1,1.0416666041056339,inconclusive
8,88000,T2_over_T1,total_ms,5,1.041762274211437,1.0400342483034883,1.0495526949371483,positive
8,88000,T2_over_T1,gas_flux_ms,5,1.0217391271118856,0.88873991845514699,1.0649546968804766,inconclusive
8,88000,T2_over_T1,eulerian_coupling_ms,5,1,0.99481868877247559,1.0104165940708609,inconclusive
8,88000,T2_over_T1,injection_ms,5,1,0.98437499537467965,1.0306995455314225,inconclusive
8,88000,T2_over_T1,bin_pre_ms,5,0.97668390999433286,0.97416016175326747,0.97668390999433297,negative
8,88000,T2_over_T1,pressure_pre_ms,5,1.002356798038156,0.98319327376014543,1.014256971214605,inconclusive
8,88000,T2_over_T1,collision_pool_ms,5,1.7065273737374447,1.6917057608433257,1.7359080777598048,positive
8,88000,T2_over_T1,relax_ms,5,0.99985681479216126,0.99932489706771199,1.0001447036676918,inconclusive
8,88000,T2_over_T1,track_ms,5,0.99985913636530166,0.99893898429062467,1.0010621426594226,inconclusive
8,88000,T2_over_T1,bin_post_ms,5,0.98291719888039364,0.98162730897987838,0.98548578908600404,negative
8,88000,T2_over_T1,moments_ms,5,1.4347322335579999,1.4109436144676537,1.4462832773805483,positive
8,88000,T2_over_T1,pressure_post_ms,5,1.0033106744248801,0.99037760067186942,1.0101252202139932,inconclusive
8,88000,T2_over_T1,compaction_ms,5,1.000351282557882,0.98098461730888076,1.0163155204950554,inconclusive
8,88000,T2_over_T1,boundary_ms,5,1,1,1,inconclusive
8,88000,S2_over_S1,total_ms,5,1.0404630983400658,1.0289522291570392,1.0445230805466077,positive
8,88000,S2_over_S1,gas_flux_ms,5,0.99100447305878248,0.9496688790290857,1.0932944940846958,inconclusive
8,88000,S2_over_S1,eulerian_coupling_ms,5,0.99481868877247548,0.98969079275619032,1,inconclusive
8,88000,S2_over_S1,injection_ms,5,1,0.98437499537467965,1.0158730206463371,inconclusive
8,88000,S2_over_S1,bin_pre_ms,5,0.21399176433890346,0.1988950317438703,0.29347825501411318,negative
8,88000,S2_over_S1,pressure_pre_ms,5,0.9956201590470144,0.98209014179595111,1.010364790920383,inconclusive
8,88000,S2_over_S1,collision_pool_ms,5,1.5685250554718704,1.5580174569980145,1.5818833625214985,positive
8,88000,S2_over_S1,relax_ms,5,1.0000964695697512,0.9998553033137334,1.0004809170841273,inconclusive
8,88000,S2_over_S1,track_ms,5,1.0007965005963753,0.99682330230180916,1.0015923385231156,inconclusive
8,88000,S2_over_S1,bin_post_ms,5,0.980314962738975,0.9790026164980713,0.9842104831549745,negative
8,88000,S2_over_S1,moments_ms,5,1.4369179111726516,1.4180100254918102,1.4453497981346035,positive
8,88000,S2_over_S1,pressure_post_ms,5,1.0045691532163301,0.99439526924802002,1.0219193621658442,inconclusive
8,88000,S2_over_S1,compaction_ms,5,1.0005678989057956,0.99251516492574532,1.0230741863072335,inconclusive
8,88000,S2_over_S1,boundary_ms,5,1,0.96000005765625152,1.0013003982814648,inconclusive
8,88000,S2_over_T2,total_ms,5,1.019596937087796,1.0142600656529368,1.0263306232285798,positive
8,88000,S2_over_T2,gas_flux_ms,5,1,0.87682114399793432,1.1002949764598819,inconclusive
8,88000,S2_over_T2,eulerian_coupling_ms,5,1,0.98969079275619032,1.0052082970354306,inconclusive
8,88000,S2_over_T2,injection_ms,5,0.99560549162477263,0.96874999074935919,1.0158730206463371,inconclusive
8,88000,S2_over_T2,bin_pre_ms,5,4.2359396887424943,4.1505375298083615,4.2888888237364977,positive
8,88000,S2_over_T2,pressure_pre_ms,5,1.09683129130868,1.0885396199366475,1.1134779821525167,positive
8,88000,S2_over_T2,collision_pool_ms,5,1.1128563253883814,1.1124053308558532,1.1166180795320586,positive
8,88000,S2_over_T2,relax_ms,5,0.99985531726843002,0.9996625675585229,1.0002894027938098,inconclusive
8,88000,S2_over_T2,track_ms,5,1.0008044640817189,0.99814693808387711,1.0015927923435439,inconclusive
8,88000,S2_over_T2,bin_post_ms,5,1,0.99741636543621637,1,inconclusive
8,88000,S2_over_T2,moments_ms,5,0.99971901946026143,0.99082826485261477,1.007594925574772,inconclusive
8,88000,S2_over_T2,pressure_post_ms,5,1.0104166594951873,0.9830048797209312,1.0145515082486463,inconclusive
8,88000,S2_over_T2,compaction_ms,5,0.9961335867734038,0.99295623787868137,1.0107566140605395,inconclusive
8,88000,S2_over_T2,boundary_ms,5,0.99869967486548161,0.96000005765625152,1,inconclusive
8,88000,S1_over_T1,total_ms,5,1.0231722268060002,1.0193175384066513,1.031551086197894,positive
8,88000,S1_over_T1,gas_flux_ms,5,0.98326355242827113,0.92727270288660202,1.0665658332148433,inconclusive
8,88000,S1_over_T1,eulerian_coupling_ms,5,1,1,1.0104165940708609,inconclusive
8,88000,S1_over_T1,injection_ms,5,1,0.96874999074935919,1.0158730206463371,inconclusive
8,88000,S1_over_T1,bin_pre_ms,5,19.333333460202997,13.962962539852862,20.944443052240114,positive
8,88000,S1_over_T1,pressure_pre_ms,5,1.0950298013862962,1.0907476364577862,1.1272544960305915,positive
8,88000,S1_over_T1,collision_pool_ms,5,1.2130111705680762,1.1997779882964967,1.231395722030159,positive
8,88000,S1_over_T1,relax_ms,5,0.99971066175549772,0.99942304475509192,0.99975876626539184,negative
8,88000,S1_over_T1,track_ms,5,1.0003983573588693,0.99907148843212001,1.0022597536795239,inconclusive
8,88000,S1_over_T1,bin_post_ms,5,1.0026773958370438,1,1.0026809861767234,inconclusive
8,88000,S1_over_T1,moments_ms,5,1.0047141438771972,0.98884759134987887,1.0130956276371335,inconclusive
8,88000,S1_over_T1,pressure_post_ms,5,0.9979956108499024,0.9832371571547307,1.0005470512863126,inconclusive
8,88000,S1_over_T1,compaction_ms,5,0.99901414635894237,0.97556433764657913,1.0085840619433033,inconclusive
8,88000,S1_over_T1,boundary_ms,5,1,0.99740265416807328,1,inconclusive
16,176000,T2_over_T1,total_ms,5,1.1059646017231926,1.1004975097663263,1.1137103091335638,positive
16,176000,T2_over_T1,gas_flux_ms,5,0.99592396073981448,0.9476831456878223,1.13131312260183,inconclusive
16,176000,T2_over_T1,eulerian_coupling_ms,5,1,0.99500647986492585,1.0104165940708609,inconclusive
16,176000,T2_over_T1,injection_ms,5,1,0.98484847906443707,1.0468042322703892,inconclusive
16,176000,T2_over_T1,bin_pre_ms,5,0.97732994752961611,0.97487432548607933,0.97738690790488669,negative
16,176000,T2_over_T1,pressure_pre_ms,5,0.99092516965577015,0.98125137314209376,1.0059714633590295,inconclusive
16,176000,T2_over_T1,collision_pool_ms,5,2.834106122896205,2.7451081734106388,2.8496900752731769,positive
16,176000,T2_over_T1,relax_ms,5,1,0.99967023591430082,1.0001413416723586,inconclusive
16,176000,T2_over_T1,track_ms,5,0.99934878239006952,0.99856884673957302,1.0029994400723417,inconclusive
16,176000,T2_over_T1,bin_post_ms,5,0.98343951246754491,0.982188307368553,0.98473285405649735,negative
16,176000,T2_over_T1,moments_ms,5,2.3251560747698741,2.3153989027760185,2.372927144005704,positive
16,176000,T2_over_T1,pressure_post_ms,5,0.99676695006215454,0.97722723859512084,1.0038427050711061,inconclusive
16,176000,T2_over_T1,compaction_ms,5,1.0117641932648447,0.98043112097298191,1.014756243372489,inconclusive
16,176000,T2_over_T1,boundary_ms,5,1,1,1,inconclusive
16,176000,S2_over_S1,total_ms,5,1.085693953450628,1.0781959656719167,1.0957215032624856,positive
16,176000,S2_over_S1,gas_flux_ms,5,0.95778749838277277,0.93808886440843653,1.0132158732762035,inconclusive
16,176000,S2_over_S1,eulerian_coupling_ms,5,1,0.98969079275619032,1.0104165940708609,inconclusive
16,176000,S2_over_S1,injection_ms,5,1,0.97199810869124759,1,inconclusive
16,176000,S2_over_S1,bin_pre_ms,5,0.30497238391303683,0.18095237426481001,0.39037433661667281,negative
16,176000,S2_over_S1,pressure_pre_ms,5,0.98703561070907486,0.98100231848182118,1.0047689617311133,inconclusive
16,176000,S2_over_S1,collision_pool_ms,5,2.5215394449485138,2.5076907494741798,2.5440971357543747,positive
16,176000,S2_over_S1,relax_ms,5,1.0000500173710531,0.99976454969014072,1.0003298521192447,inconclusive
16,176000,S2_over_S1,track_ms,5,0.99947929843941608,0.99817831633617282,1.000520633787374,inconclusive
16,176000,S2_over_S1,bin_post_ms,5,0.97964375819571703,0.97468350042811758,0.98091603278213513,negative
16,176000,S2_over_S1,moments_ms,5,2.2811367973042871,2.2752622570386309,2.309839665688274,positive
16,176000,S2_over_S1,pressure_post_ms,5,1.000674957856083,0.98403780447425571,1.0059010362471761,inconclusive
16,176000,S2_over_S1,compaction_ms,5,0.99865579096238044,0.9871880285898923,1.0002689036930872,inconclusive
16,176000,S2_over_S1,boundary_ms,5,0.99546342552331146,0.96000005765625152,1.0006510090907423,inconclusive
16,176000,S2_over_T2,total_ms,5,1.0153984780623582,1.0147022172340674,1.0268139658341615,positive
16,176000,S2_over_T2,gas_flux_ms,5,0.96335077241754463,0.93270528288596588,1.0440528573842118,inconclusive
16,176000,S2_over_T2,eulerian_coupling_ms,5,1,0.98969079275619032,1.0104165940708609,inconclusive
16,176000,S2_over_T2,injection_ms,5,1,0.95759037580345496,1.0312500123023989,inconclusive
16,176000,S2_over_T2,bin_pre_ms,5,3.8731707674003575,3.5182320939150209,4.2566844181632328,positive
16,176000,S2_over_T2,pressure_pre_ms,5,1.1235352011560289,1.1118759088999588,1.1368394704092311,positive
16,176000,S2_over_T2,collision_pool_ms,5,1.1154509007999642,1.1106651124808935,1.120002888611914,positive
16,176000,S2_over_T2,relax_ms,5,0.99990575737251419,0.99967036474882343,1.0001413816268836,inconclusive
16,176000,S2_over_T2,track_ms,5,0.99934923922474728,0.99895781341733036,1.0011723113145083,inconclusive
16,176000,S2_over_T2,bin_post_ms,5,1,0.99367083925853328,1,inconclusive
16,176000,S2_over_T2,moments_ms,5,0.99972133548937514,0.9889908812198327,1.0044630320103243,inconclusive
16,176000,S2_over_T2,pressure_post_ms,5,1.0057902617586953,0.98723119043847218,1.0198255553789648,inconclusive
16,176000,S2_over_T2,compaction_ms,5,0.99124293710742595,0.98062586525458761,1.0153846328379721,inconclusive
16,176000,S2_over_T2,boundary_ms,5,0.99546342552331146,0.96000005765625152,1,inconclusive
16,176000,S1_over_T1,total_ms,5,1.0400141551603284,1.0256095000014518,1.0424197676067199,positive
16,176000,S1_over_T1,gas_flux_ms,5,1.0173564909688915,0.96352586873381763,1.1248206498158873,inconclusive
16,176000,S1_over_T1,eulerian_coupling_ms,5,1,0.99481868877247559,1.0104165940708609,inconclusive
16,176000,S1_over_T1,injection_ms,5,1,1,1.0156250061511991,inconclusive
16,176000,S1_over_T1,bin_pre_ms,5,11.275361865367714,10.308011447862423,20.421052805250181,positive
16,176000,S1_over_T1,pressure_pre_ms,5,1.1260033273373089,1.110230643927588,1.150645084963875,positive
16,176000,S1_over_T1,collision_pool_ms,5,1.2476752556600974,1.2143507772438453,1.2645368659598772,positive
16,176000,S1_over_T1,relax_ms,5,0.99976451181128234,0.99948188969913743,1.0002355057597634,inconclusive
16,176000,S1_over_T1,track_ms,5,1.0002606929132007,0.99869912395278604,1.0020846752823638,inconclusive
16,176000,S1_over_T1,bin_post_ms,5,1.0025974229423178,1.0012970270073061,1.0038910784886821,positive
16,176000,S1_over_T1,moments_ms,5,1.0186916169883615,0.99808542335088934,1.03994898343132,inconclusive
16,176000,S1_over_T1,pressure_post_ms,5,1.0086868110145104,0.98133034196839597,1.0089742020337769,inconclusive
16,176000,S1_over_T1,compaction_ms,5,1.000226109950483,0.99511665826439066,1.0152092782733129,inconclusive
16,176000,S1_over_T1,boundary_ms,5,1,0.99934941444636716,1,inconclusive
32,352000,T2_over_T1,total_ms,5,1.1729878827001949,1.158734427681001,1.191636256575521,positive
32,352000,T2_over_T1,gas_flux_ms,5,1.0171920235118086,0.9306803538993329,1.1115942107709451,inconclusive
32,352000,T2_over_T1,eulerian_coupling_ms,5,0.99449667196567637,0.97461935302841529,1.0104165940708609,inconclusive
32,352000,T2_over_T1,injection_ms,5,1,0.96969695812887413,1.0166330726012229,inconclusive
32,352000,T2_over_T1,bin_pre_ms,5,0.97973776644946631,0.97857140284531785,0.98097502394264746,negative
32,352000,T2_over_T1,pressure_pre_ms,5,0.99659257464184203,0.99180892651605068,1.0155177936023185,inconclusive
32,352000,T2_over_T1,collision_pool_ms,5,4.9402689099340202,4.7511220946547486,5.0421260889467394,positive
32,352000,T2_over_T1,relax_ms,5,0.99995505088685921,0.99883178886451973,1.0001350030312286,inconclusive
32,352000,T2_over_T1,track_ms,5,1.0011374916309941,0.99446467092867508,1.0017712673897621,inconclusive
32,352000,T2_over_T1,bin_post_ms,5,0.97732700335293543,0.97613367657711458,0.97846887437584651,negative
32,352000,T2_over_T1,moments_ms,5,3.9788159510096412,3.8847044898234508,4.0392528217131334,positive
32,352000,T2_over_T1,pressure_post_ms,5,0.9899456155107339,0.9808627120661908,1.0039667305767976,inconclusive
32,352000,T2_over_T1,compaction_ms,5,0.99649259055210093,0.9848562882524774,1.0400580393931356,inconclusive
32,352000,T2_over_T1,boundary_ms,5,1,1,1,inconclusive
32,352000,S2_over_S1,total_ms,5,1.1478879063715284,1.1404518742632335,1.1542822398681196,positive
32,352000,S2_over_S1,gas_flux_ms,5,0.97001303742784706,0.85450062221540823,1.008230435017643,inconclusive
32,352000,S2_over_S1,eulerian_coupling_ms,5,1,0.9748743652306755,1.0052082970354306,inconclusive
32,352000,S2_over_S1,injection_ms,5,1,0.95643939136683775,1.0158730206463371,inconclusive
32,352000,S2_over_S1,bin_pre_ms,5,0.18610345200206088,0.12693246217960927,0.19437172272079023,negative
32,352000,S2_over_S1,pressure_pre_ms,5,0.99248178008571186,0.98094473992623998,1.0072639609003757,inconclusive
32,352000,S2_over_S1,collision_pool_ms,5,4.2622493569227382,4.2416666969039358,4.3187896309570366,positive
32,352000,S2_over_S1,relax_ms,5,0.99964016271819134,0.99950958910175225,1.0000491905948159,inconclusive
32,352000,S2_over_S1,track_ms,5,0.99911567925445055,0.99571683102817787,1.0011394218441301,inconclusive
32,352000,S2_over_S1,bin_post_ms,5,0.97374702302547278,0.97142855960352892,0.97729988052568684,negative
32,352000,S2_over_S1,moments_ms,5,3.9239276265143288,3.879038733621492,4.0048701668997371,positive
32,352000,S2_over_S1,pressure_post_ms,5,0.99756272003399959,0.98097343875180043,1.0057300915546965,inconclusive
32,352000,S2_over_S1,compaction_ms,5,0.98732217442259851,0.9832272548409613,1.0112748644004326,inconclusive
32,352000,S2_over_S1,boundary_ms,5,0.97959186675148358,0.96000005765625152,1.0416666041056339,inconclusive
32,352000,S2_over_T2,total_ms,5,1.0229456708307325,1.010991677729562,1.0341955461993582,positive
32,352000,S2_over_T2,gas_flux_ms,5,1.0086705445645199,0.89960885933946266,1.0484848225687267,inconclusive
32,352000,S2_over_T2,eulerian_coupling_ms,5,1,0.97016331030631586,1.0260415996180663,inconclusive
32,352000,S2_over_T2,injection_ms,5,1,0.93939391921702842,1.0283203019052745,inconclusive
32,352000,S2_over_T2,bin_pre_ms,5,4.108968444951107,2.7371847322885547,4.4349118324249739,positive
32,352000,S2_over_T2,pressure_pre_ms,5,1.1544526148061651,1.1399506395697059,1.1645022303022095,positive
32,352000,S2_over_T2,collision_pool_ms,5,1.1156197641402288,1.1077778295621152,1.1202672047176434,positive
32,352000,S2_over_T2,relax_ms,5,1,0.99950522648288709,1.0007198056751823,inconclusive
32,352000,S2_over_T2,track_ms,5,1.0006330261471592,0.9962101788994232,1.0029073368227777,inconclusive
32,352000,S2_over_T2,bin_post_ms,5,0.99880528253808232,0.99523812775696252,1.0011947174619176,inconclusive
32,352000,S2_over_T2,moments_ms,5,0.99332444559757915,0.99112425254522785,1.0160060973915344,inconclusive
32,352000,S2_over_T2,pressure_post_ms,5,1.0008284189457739,0.98761455807072696,1.0200976998491524,inconclusive
32,352000,S2_over_T2,compaction_ms,5,0.99429214630206342,0.95849751823781948,1.0076033592172655,inconclusive
32,352000,S2_over_T2,boundary_ms,5,0.97959186675148358,0.96000005765625152,1,inconclusive
32,352000,S1_over_T1,total_ms,5,1.0458300266233933,1.0381845470241924,1.0495457639076611,positive
32,352000,S1_over_T1,gas_flux_ms,5,1.0461760188159719,0.97823128480537636,1.189441040557089,inconclusive
32,352000,S1_over_T1,eulerian_coupling_ms,5,0.99934941495367036,0.98969079275619032,1.0104165940708609,inconclusive
32,352000,S1_over_T1,injection_ms,5,1,0.98486327967792742,1.0138613767706599,inconclusive
32,352000,S1_over_T1,bin_pre_ms,5,21.631579228434486,21.153846795257049,22.833331706633455,positive
32,352000,S1_over_T1,pressure_pre_ms,5,1.1579760285082936,1.1423881814712673,1.1754986468380346,positive
32,352000,S1_over_T1,collision_pool_ms,5,1.2844087556146926,1.2274191764206359,1.3168303627602156,positive
32,352000,S1_over_T1,relax_ms,5,1,0.99986081363172874,1.0000408125765541,inconclusive
32,352000,S1_over_T1,track_ms,5,1.0010127938665652,0.99873566702822403,1.0022617474401139,inconclusive
32,352000,S1_over_T1,bin_post_ms,5,1.0024509995873736,1,1.0036764993810607,inconclusive
32,352000,S1_over_T1,moments_ms,5,1.0080394369637029,1.0049562620667598,1.011669900695527,positive
32,352000,S1_over_T1,pressure_post_ms,5,0.99639152324576286,0.98913113605498937,1.0090886202914147,inconclusive
32,352000,S1_over_T1,compaction_ms,5,1.0096234065438499,0.98128069758540681,1.02492754150675,inconclusive
32,352000,S1_over_T1,boundary_ms,5,1,0.96000005765625152,1,inconclusive
64,704000,T2_over_T1,total_ms,5,1.2316960566483104,1.226054059022301,1.2406061960089105,positive
64,704000,T2_over_T1,gas_flux_ms,5,1.0246020446301956,0.94680029112273023,1.066044123286656,inconclusive
64,704000,T2_over_T1,eulerian_coupling_ms,5,1,0.98461545221585545,1.0104165940708609,inconclusive
64,704000,T2_over_T1,injection_ms,5,1,0.96874999074935919,1,inconclusive
64,704000,T2_over_T1,bin_pre_ms,5,0.97941498475445188,0.97830805089923545,0.98262757444062898,negative
64,704000,T2_over_T1,pressure_pre_ms,5,0.99592394617419655,0.9834477942339348,1.009781570950667,inconclusive
64,704000,T2_over_T1,collision_pool_ms,5,8.7094059014545522,8.5400845516347594,8.8799814961317871,positive
64,704000,T2_over_T1,relax_ms,5,1.0000825766778902,0.99962840952495058,1.0003305319391125,inconclusive
64,704000,T2_over_T1,track_ms,5,1.0009553449512465,0.99679538955846136,1.0026277708306179,inconclusive
64,704000,T2_over_T1,bin_post_ms,5,0.98249458675043944,0.97821353116778875,0.98358865517867144,negative
64,704000,T2_over_T1,moments_ms,5,6.9895829640882283,6.9489037575485737,7.1345409562712137,positive
64,704000,T2_over_T1,pressure_post_ms,5,1.0022963393569337,0.99234310095528921,1.0122755958656566,inconclusive
64,704000,T2_over_T1,compaction_ms,5,0.99921549043821245,0.98422561705587219,1.0154739442674123,inconclusive
64,704000,T2_over_T1,boundary_ms,5,1,1,1,inconclusive
64,704000,S2_over_S1,total_ms,5,1.2153036734681233,1.1955054816927611,1.225398061840639,positive
64,704000,S2_over_S1,gas_flux_ms,5,0.99570201545210679,0.93844046240765577,1.0922422918554717,inconclusive
64,704000,S2_over_S1,eulerian_coupling_ms,5,1,0.9940139811604588,1.0056965441900849,inconclusive
64,704000,S2_over_S1,injection_ms,5,1,0.9673076668650612,1.0322580743732117,inconclusive
64,704000,S2_over_S1,bin_pre_ms,5,0.19704433395636417,0.17567176065888074,0.38427947077392638,negative
64,704000,S2_over_S1,pressure_pre_ms,5,0.99114865979198485,0.97689575591991973,0.99565476940282738,negative
64,704000,S2_over_S1,collision_pool_ms,5,7.495815959610197,7.4041046556916736,7.5615864668925514,positive
64,704000,S2_over_S1,relax_ms,5,0.99991743695767343,0.99954576416647478,1.0004104068616335,inconclusive
64,704000,S2_over_S1,track_ms,5,0.99892731297400872,0.99856925847814748,1.0011931843910451,inconclusive
64,704000,S2_over_S1,bin_post_ms,5,0.97923500429712051,0.97707425048907282,0.98142081376534185,negative
64,704000,S2_over_S1,moments_ms,5,6.9972342016466893,6.8191837135686608,7.1110826610055202,positive
64,704000,S2_over_S1,pressure_post_ms,5,1.0076838463041229,0.98715404632105064,1.0162779866378782,inconclusive
64,704000,S2_over_S1,compaction_ms,5,1.0038013548340718,0.97287307330203987,1.0291764383345403,inconclusive
64,704000,S2_over_S1,boundary_ms,5,0.96000005765625129,0.96000005765625152,1,inconclusive
64,704000,S2_over_T2,total_ms,5,1.0299912838997489,1.0272146083699474,1.0311348081938605,positive
64,704000,S2_over_T2,gas_flux_ms,5,1.0092971665907524,0.98722649459863887,1.0232558310719921,inconclusive
64,704000,S2_over_T2,eulerian_coupling_ms,5,1,0.9940139811604588,1.0156249302705154,inconclusive
64,704000,S2_over_T2,injection_ms,5,1.0158730206463371,0.984615378651997,1.0322580743732117,inconclusive
64,704000,S2_over_T2,bin_pre_ms,5,4.5418718931240738,4.030567531417006,4.6231157894726511,positive
64,704000,S2_over_T2,pressure_pre_ms,5,1.167713836088796,1.1512937275584954,1.1706230793013603,positive
64,704000,S2_over_T2,collision_pool_ms,5,1.1153444307481162,1.1074226934494011,1.1155857445323221,positive
64,704000,S2_over_T2,relax_ms,5,0.99983487391534676,0.99942193372081944,1.0006197133608659,inconclusive
64,704000,S2_over_T2,track_ms,5,0.99916459906833888,0.99844999838576665,1.0007151417554099,inconclusive
64,704000,S2_over_T2,bin_post_ms,5,1,0.99781422255022201,1.0032787142023316,inconclusive
64,704000,S2_over_T2,moments_ms,5,1.0000158164155983,0.98969076096320729,1.0221655374768006,inconclusive
64,704000,S2_over_T2,pressure_post_ms,5,1.0015046675363932,0.99439165178178612,1.0053407759990052,inconclusive
64,704000,S2_over_T2,compaction_ms,5,1.0047465361549048,0.99384343884691828,1.0111845016055754,inconclusive
64,704000,S2_over_T2,boundary_ms,5,0.96000005765625129,0.96000005765625152,1,inconclusive
64,704000,S1_over_T1,total_ms,5,1.0427742693846196,1.0370310168959114,1.0589705531705675,positive
64,704000,S1_over_T1,gas_flux_ms,5,0.99709003977195942,0.91598616332653326,1.1516035103208888,inconclusive
64,704000,S1_over_T1,eulerian_coupling_ms,5,1.0104165940708609,0.99433572261633607,1.0104165940708609,inconclusive
64,704000,S1_over_T1,injection_ms,5,1,0.96874999074935919,1.0178926647433983,inconclusive
64,704000,S1_over_T1,bin_pre_ms,5,22.550000550537124,10.272727370484406,23.815790421166291,positive
64,704000,S1_over_T1,pressure_pre_ms,5,1.1693835791736638,1.1597977310400567,1.1942470284748166,positive
64,704000,S1_over_T1,collision_pool_ms,5,1.2878798343993356,1.2773297888471693,1.3215880462079252,positive
64,704000,S1_over_T1,relax_ms,5,1,0.99950975134935793,1.0002066042711522,inconclusive
64,704000,S1_over_T1,track_ms,5,0.99988085145907346,0.99857940273286838,1.0028673497004643,inconclusive
64,704000,S1_over_T1,bin_post_ms,5,1.0022321602665647,1,1.0033519814797836,inconclusive
64,704000,S1_over_T1,moments_ms,5,1.0152796036135543,0.98860856778468542,1.0258180760639868,inconclusive
64,704000,S1_over_T1,pressure_post_ms,5,1.0026417461075148,0.97415706708560035,1.0137398634111008,inconclusive
64,704000,S1_over_T1,compaction_ms,5,0.99772155286527553,0.9842256183940663,1.0207536691252577,inconclusive
64,704000,S1_over_T1,boundary_ms,5,1,1,1,inconclusive
