factor,pair,order_in_pair,state,manuscript_state,run_id,restart_sha256,total_ms,gas_flux_ms,eulerian_coupling_ms,injection_ms,bin_pre_ms,pressure_pre_ms,collision_pool_ms,relax_ms,track_ms,bin_post_ms,moments_ms,pressure_post_ms,compaction_ms,boundary_ms,particle_count,occupancy_mean,occupancy_cv,occupancy_p99,occupancy_max,heavy_threshold,heavy_cell_count,heavy_particle_count,heavy_particle_fraction,heavy_task_count_estimate
1,1,1,E1,T1,k1_pair01_o1_E1,bb7eb72ee5e82c70446b27c7a9543662f13d4abde9b03a83b1f0a5a602a9dc86,24.821248050000001,0.37836798999999999,0.098815999949999997,0.03225599975,0.37788799399999995,1.5385600349999999,0.803327978,10.33983995,3.8195199999999998,0.373760015,1.5697920299999999,1.5211520200000002,3.9459840050000001,0.024576000899999999,3798929,499.8590789473684,1.9750548796337757,4500,11498.5,0,0,0,0,0
1,1,2,E2,T2,k1_pair01_o2_E2,bb7eb72ee5e82c70446b27c7a9543662f13d4abde9b03a83b1f0a5a602a9dc86,25.231871599999998,0.36966399849999998,0.098304003500000001,0.032767999899999997,0.38604798899999998,1.5406080499999999,0.96716800300000005,10.3434238,3.8123519449999996,0.37990400200000002,1.7986559849999999,1.5201280150000001,3.9439359899999999,0.024576000899999999,3798929,499.8590789473684,1.9750548796337757,4500,11498.5,8384,19,186245,0.049022870471078145,38
1,1,3,S1,S1,k1_pair01_o3_S1,bb7eb72ee5e82c70446b27c7a9543662f13d4abde9b03a83b1f0a5a602a9dc86,24.795136450000001,0.358400002,0.1049599985,0.034816000600000001,0.026623999699999998,1.490432025,0.73164799800000002,10.74022435,3.8640641000000002,0.37529599699999999,1.5923199650000002,1.5299040100000001,3.9567360900000002,0.0255999994,3798929,499.8590789473684,1.9750548796337757,4500,11498.5,0,0,0,0,0
1,1,4,S2,S2,k1_pair01_o4_S2,bb7eb72ee5e82c70446b27c7a9543662f13d4abde9b03a83b1f0a5a602a9dc86,25.048063299999999,0.37632000450000003,0.099327996399999993,0.033280000099999998,0.11161600050000001,1.471967995,0.87091201550000008,10.393088349999999,3.850751995,0.37990400200000002,1.8263040149999998,1.52524799,3.9429119799999999,0.0255999994,3798929,499.8590789473684,1.9750550128541406,4500,11498.5,8384,19,186245,0.049022870471078145,38
1,2,1,E2,T2,k1_pair02_o1_E2,bb7eb72ee5e82c70446b27c7a9543662f13d4abde9b03a83b1f0a5a602a9dc86,25.602047900000002,0.373760015,0.099839996699999989,0.032767999899999997,0.38911999800000002,1.5477759849999999,0.98099201899999999,10.531840299999999,3.8635520950000002,0.38195198800000002,1.8365439750000001,1.528831955,3.949568035,0.024576000899999999,3798929,499.8590789473684,1.9750550128541406,4500,11498.5,8384,19,186245,0.049022870471078145,38
1,2,2,S1,S1,k1_pair02_o2_S1,bb7eb72ee5e82c70446b27c7a9543662f13d4abde9b03a83b1f0a5a602a9dc86,24.44236755,0.36710400900000001,0.109056,0.0336000007,0.019455999099999999,1.476464035,0.72294402099999999,10.3900161,3.8067199,0.37171199900000002,1.561087965,1.5144959650000001,3.9357439300000001,0.024576000899999999,3798929,499.8590789473684,1.9750550131208482,4500,11498.5,0,0,0,0,0
1,2,3,S2,S2,k1_pair02_o3_S2,bb7eb72ee5e82c70446b27c7a9543662f13d4abde9b03a83b1f0a5a602a9dc86,24.800255749999998,0.33894400299999999,0.098304003500000001,0.032191999250000006,0.089600000550000003,1.4714879999999999,0.86534398800000001,10.39411215,3.8179839849999997,0.37990400200000002,1.7935519850000001,1.5104,3.9367679400000002,0.025088000149999998,3798929,499.8590789473684,1.9750548130902637,4500,11498.5,8384,19,186245,0.049022870471078145,38
1,2,4,E1,T1,k1_pair02_o4_E1,bb7eb72ee5e82c70446b27c7a9543662f13d4abde9b03a83b1f0a5a602a9dc86,24.899583849999999,0.32819201050000002,0.099839996699999989,0.032767999899999997,0.37785598599999998,1.54419196,0.80537599299999996,10.397696,3.8650881049999999,0.373760015,1.572943985,1.52224004,3.9429119850000003,0.024576000899999999,3798929,499.8590789473684,1.9750549479108819,4500,11498.5,0,0,0,0,0
1,3,1,S1,S1,k1_pair03_o1_S1,bb7eb72ee5e82c70446b27c7a9543662f13d4abde9b03a83b1f0a5a602a9dc86,24.363008499999999,0.31948800399999999,0.099327996399999993,0.032767999899999997,0.019455999099999999,1.4720320099999999,0.7280960085,10.3905277,3.81593597,0.37171199900000002,1.5672320150000001,1.5175679899999999,3.9567360900000002,0.024576000899999999,3798929,499.8590789473684,1.9750546798698718,4500,11498.5,0,0,0,0,0
1,3,2,S2,S2,k1_pair03_o2_S2,bb7eb72ee5e82c70446b27c7a9543662f13d4abde9b03a83b1f0a5a602a9dc86,24.814592400000002,0.31999999299999998,0.098304003500000001,0.032767999899999997,0.09625600275,1.479040025,0.86681598400000004,10.3946562,3.81183994,0.37990400200000002,1.799679995,1.51961601,3.9372799399999998,0.025088000149999998,3798929,499.8590789473684,1.9750550796643469,4500,11498.5,8384,19,186245,0.049022870471078145,38
1,3,3,E1,T1,k1_pair03_o3_E1,bb7eb72ee5e82c70446b27c7a9543662f13d4abde9b03a83b1f0a5a602a9dc86,24.982527750000003,0.3430400045,0.100863997,0.03273599965,0.37839999800000002,1.5447519999999999,0.80998399899999995,10.40742395,3.8604800699999999,0.37427200399999999,1.5800319950000001,1.5293439600000001,3.9577600950000003,0.024592000099999997,3798929,499.8590789473684,1.9750548796337757,4500,11498.5,0,0,0,0,0
1,3,4,E2,T2,k1_pair03_o4_E2,bb7eb72ee5e82c70446b27c7a9543662f13d4abde9b03a83b1f0a5a602a9dc86,25.2303362,0.32716800299999999,0.098336000000000007,0.03225599975,0.38604798899999998,1.537024025,0.96614402499999996,10.395648,3.8103039249999999,0.37990400200000002,1.7930240049999999,1.5175679899999999,3.9321599000000003,0.024576000899999999,3798929,499.8590789473684,1.9750551463411949,4500,11498.5,8384,19,186245,0.049022870471078145,38
1,4,1,S2,S2,k1_pair04_o1_S2,bb7eb72ee5e82c70446b27c7a9543662f13d4abde9b03a83b1f0a5a602a9dc86,24.830975550000002,0.321024001,0.099327996399999993,0.032767999899999997,0.077919997299999988,1.47761601,0.86836800000000003,10.3946238,3.8369280100000003,0.38092800999999998,1.809487995,1.5165439850000002,3.93216002,0.024576000899999999,3798929,499.8590789473684,1.9750548796337757,4500,11498.5,8384,19,186245,0.049022870471078145,38
1,4,2,E1,T1,k1_pair04_o2_E1,bb7eb72ee5e82c70446b27c7a9543662f13d4abde9b03a83b1f0a5a602a9dc86,24.872447999999999,0.32819201050000002,0.098304003500000001,0.031743999600000003,0.37785598599999998,1.54316801,0.803327978,10.392064099999999,3.826688055,0.37273600699999998,1.5728639950000001,1.5211520200000002,3.9423999800000002,0.024095999999999999,3798929,499.8590789473684,1.9750548796337757,4500,11498.5,0,0,0,0,0
1,4,3,E2,T2,k1_pair04_o3_E2,bb7eb72ee5e82c70446b27c7a9543662f13d4abde9b03a83b1f0a5a602a9dc86,25.485824600000001,0.35123200700000001,0.10188799749999999,0.032767999899999997,0.38912001299999999,1.54316795,0.97177600900000005,10.5036802,3.8707200300000002,0.38092800999999998,1.831423995,1.5226880350000001,3.9608319999999999,0.024624000299999997,3798929,499.8590789473684,1.9750551463411949,4500,11498.5,8384,19,186245,0.049022870471078145,38
1,4,4,S1,S1,k1_pair04_o4_S1,bb7eb72ee5e82c70446b27c7a9543662f13d4abde9b03a83b1f0a5a602a9dc86,24.565760599999997,0.34918399150000001,0.101375997,0.03225599975,0.02918399965,1.4832639699999999,0.72806400100000002,10.400768299999999,3.8655999899999998,0.37227199950000001,1.57798398,1.5283199550000002,3.9629439099999999,0.024576000899999999,3798929,499.8590789473684,1.9750550141876779,4500,11498.5,0,0,0,0,0
1,5,1,S2,S2,k1_pair05_o1_S2,bb7eb72ee5e82c70446b27c7a9543662f13d4abde9b03a83b1f0a5a602a9dc86,25.0096636,0.34150400749999998,0.099327996399999993,0.032767999899999997,0.098400000449999997,1.4863359900000002,0.8683519959999999,10.3987198,3.8379520149999999,0.37990400200000002,1.8032640199999999,1.5232000349999999,3.9388159500000004,0.024576000899999999,3798929,499.8590789473684,1.9750548130902637,4500,11498.5,8384,19,186245,0.049022870471078145,38
1,5,2,S1,S1,k1_pair05_o2_S1,bb7eb72ee5e82c70446b27c7a9543662f13d4abde9b03a83b1f0a5a602a9dc86,24.378880500000001,0.32972800699999999,0.099327996399999993,0.0317599997,0.019455999099999999,1.4704639900000001,0.72755199649999991,10.399744,3.8297599550000001,0.37171199900000002,1.5687680249999998,1.519104005,3.9490560299999999,0.024576000899999999,3798929,499.8590789473684,1.9750550797977007,4500,11498.5,0,0,0,0,0
1,5,3,E2,T2,k1_pair05_o3_E2,bb7eb72ee5e82c70446b27c7a9543662f13d4abde9b03a83b1f0a5a602a9dc86,25.319424650000002,0.37631998950000001,0.098304003500000001,0.032767999899999997,0.38604798899999998,1.5400960449999999,0.96716800300000005,10.3936005,3.850752,0.37990400200000002,1.8078720000000001,1.5165439850000002,3.9480320249999998,0.024576000899999999,3798929,499.8590789473684,1.9750550797977007,4500,11498.5,8384,19,186245,0.049022870471078145,38
1,5,4,E1,T1,k1_pair05_o4_E1,bb7eb72ee5e82c70446b27c7a9543662f13d4abde9b03a83b1f0a5a602a9dc86,24.918016399999999,0.34457600099999997,0.099327996399999993,0.0337920003,0.37785598599999998,1.5395840399999998,0.80179202599999999,10.392576250000001,3.8226400599999999,0.373760015,1.5667200100000001,1.52473605,3.9480320200000003,0.024576000899999999,3798929,499.8590789473684,1.9750548796337757,4500,11498.5,0,0,0,0,0
2,1,1,E1,T1,k2_pair01_o1_E1,50d23cbd990b730960d8094acfa0cb986d8cc2517bf0a1cb4fcc2664dd535e82,25.31430435,0.38297601049999996,0.099327996399999993,0.032767999899999997,0.38092800999999998,1.5549440400000001,0.83353599899999997,10.432512300000001,3.8466559650000001,0.376832008,1.5718559600000002,1.5308799749999999,4.2106881100000004,0.024576000899999999,3809929,501.30644736842106,2.0048001473409491,4500,17999,0,0,0,0,0
2,1,2,E2,T2,k2_pair01_o2_E2,50d23cbd990b730960d8094acfa0cb986d8cc2517bf0a1cb4fcc2664dd535e82,25.720320700000002,0.351743996,0.100863997,0.033280000099999998,0.39116799800000002,1.5580159999999998,0.97587201000000001,10.547712300000001,3.8891520499999999,0.38246399200000003,1.8073599950000001,1.536512015,4.2163200399999994,0.024576000899999999,3809929,501.30644736842106,2.0048006687803248,4500,17999,8384,20,199989,0.052488079195337892,40.5
2,1,3,S1,S1,k2_pair01_o3_S1,50d23cbd990b730960d8094acfa0cb986d8cc2517bf0a1cb4fcc2664dd535e82,24.761856049999999,0.33280000100000001,0.098304003500000001,0.031743999600000003,0.019455999099999999,1.4919680399999999,0.73728001099999996,10.4325118,3.8123519449999996,0.373760015,1.566208005,1.5375360250000001,4.213824035,0.024576000899999999,3809929,501.30644736842106,2.0047998256560549,4500,17999,0,0,0,0,0
2,1,4,S2,S2,k2_pair01_o4_S2,50d23cbd990b730960d8094acfa0cb986d8cc2517bf0a1cb4fcc2664dd535e82,25.208832749999999,0.32614399500000002,0.098304003500000001,0.032128000650000002,0.088064000000000003,1.4878720049999998,0.86886400000000008,10.42176005,3.8205440049999999,0.38092800999999998,1.80531204,1.5329920050000001,4.2188799350000004,0.02513599955,3809929,501.30644736842106,2.0048002150101638,4500,17999,8384,20,199989,0.052488079195337892,40.5
2,2,1,E2,T2,k2_pair02_o1_E2,50d23cbd990b730960d8094acfa0cb986d8cc2517bf0a1cb4fcc2664dd535e82,25.586175900000001,0.34919999550000003,0.098304003500000001,0.032767999899999997,0.38912001299999999,1.5580159999999998,0.97535997600000002,10.423296000000001,3.8420479299999997,0.38195198800000002,1.815039995,1.53804797,4.210688115,0.024576000899999999,3809929,501.30644736842106,2.004800346263953,4500,17999,8384,20,199989,0.052488079195337892,40.5
2,2,2,S1,S1,k2_pair02_o2_S1,50d23cbd990b730960d8094acfa0cb986d8cc2517bf0a1cb4fcc2664dd535e82,24.7234564,0.33023999650000002,0.099327996399999993,0.032287999999999997,0.019455999099999999,1.48479998,0.73318397999999996,10.4212484,3.8287360650000002,0.373760015,1.563135985,1.535535995,4.2239999749999999,0.024576000899999999,3809929,501.30644736842106,2.0048004748122654,4500,17999,0,0,0,0,0
2,2,3,S2,S2,k2_pair02_o3_S2,50d23cbd990b730960d8094acfa0cb986d8cc2517bf0a1cb4fcc2664dd535e82,25.202176049999998,0.32819201050000002,0.098863996600000004,0.032767999899999997,0.089120000599999999,1.4960160250000001,0.87142401899999999,10.434080099999999,3.84511995,0.38297599599999999,1.8129919750000001,1.529343965,4.2024960499999997,0.024576000899999999,3809929,501.30644736842106,2.0048001506904267,4500,17999,8384,20,199989,0.052488079195337892,40.5
2,2,4,E1,T1,k2_pair02_o4_E1,50d23cbd990b730960d8094acfa0cb986d8cc2517bf0a1cb4fcc2664dd535e82,25.177599899999997,0.33689600200000003,0.098304003500000001,0.032767999899999997,0.37990400200000002,1.5518720149999998,0.83660799299999999,10.42176005,3.821568015,0.37427200399999999,1.5595519549999999,1.531391975,4.231679915,0.024576000899999999,3809929,501.30644736842106,2.0048002120330528,4500,17999,0,0,0,0,0
2,3,1,S1,S1,k2_pair03_o1_S1,50d23cbd990b730960d8094acfa0cb986d8cc2517bf0a1cb4fcc2664dd535e82,24.759248750000001,0.35123200700000001,0.098304003500000001,0.032767999899999997,0.019455999099999999,1.48683202,0.73984000100000002,10.4222722,3.8318560100000001,0.373760015,1.5636479849999998,1.53651202,4.2234880950000004,0.024576000899999999,3809929,501.30644736842106,2.004800215645175,4500,17999,0,0,0,0,0
2,3,2,S2,S2,k2_pair03_o2_S2,50d23cbd990b730960d8094acfa0cb986d8cc2517bf0a1cb4fcc2664dd535e82,25.191423399999998,0.34201599650000003,0.098304003500000001,0.032767999899999997,0.096800003200000012,1.495024025,0.86681598400000004,10.426447849999999,3.8292480700000002,0.38092800999999998,1.8022399550000001,1.5262719950000001,4.1943039899999999,0.024576000899999999,3809929,501.30644736842106,2.0048006683169142,4500,17999,8384,20,199989,0.052488079195337892,40.5
2,3,3,E1,T1,k2_pair03_o3_E1,50d23cbd990b730960d8094acfa0cb986d8cc2517bf0a1cb4fcc2664dd535e82,25.466880799999998,0.373264015,0.099839996699999989,0.0337920003,0.38092800999999998,1.5646719949999999,0.83046400499999995,10.427903650000001,3.8533120150000002,0.37478399299999998,1.5667200100000001,1.542656005,4.2060799600000003,0.024655999599999999,3809929,501.30644736842106,2.0047998925120325,4500,17999,0,0,0,0,0
2,3,4,E2,T2,k2_pair03_o4_E2,50d23cbd990b730960d8094acfa0cb986d8cc2517bf0a1cb4fcc2664dd535e82,25.952256200000001,0.36249598900000002,0.10239999700000001,0.032767999899999997,0.38912001299999999,1.56006402,0.97023999699999997,10.488832,3.8661119900000003,0.38297599599999999,1.8099199549999998,1.5395839800000002,4.2378239650000005,0.024576000899999999,3809929,501.30644736842106,2.0048009324552964,4500,17999,8384,20,199989,0.052488079195337892,40.5
2,4,1,S2,S2,k2_pair04_o1_S2,50d23cbd990b730960d8094acfa0cb986d8cc2517bf0a1cb4fcc2664dd535e82,25.256959950000002,0.38400000349999996,0.100863997,0.032767999899999997,0.096847999800000001,1.494528055,0.87193602299999995,10.4309759,3.851264,0.38246399200000003,1.823744,1.533952,4.2332160449999998,0.0255999994,3809929,501.30644736842106,2.0048007982984739,4500,17999,8384,20,199989,0.052488079195337892,40.5
2,4,2,E1,T1,k2_pair04_o2_E1,50d23cbd990b730960d8094acfa0cb986d8cc2517bf0a1cb4fcc2664dd535e82,25.34604835,0.39679999649999997,0.10188799700000001,0.032767999899999997,0.3814719915,1.5575040599999999,0.82943999749999997,10.434559799999999,3.8353919950000002,0.376832008,1.5621119750000001,1.539072035,4.208127975,0.0255999994,3809929,501.30644736842106,2.0048004734340621,4500,17999,0,0,0,0,0
2,4,3,E2,T2,k2_pair04_o3_E2,50d23cbd990b730960d8094acfa0cb986d8cc2517bf0a1cb4fcc2664dd535e82,25.635327350000001,0.3548160045,0.098304003500000001,0.032767999899999997,0.38809600500000002,1.5477759799999999,0.96972799300000001,10.4238081,3.8343679900000001,0.38092800999999998,1.8012160100000001,1.5319039800000001,4.2188799399999999,0.024576000899999999,3809929,501.30644736842106,2.0048002760348269,4500,17999,8384,20,199989,0.052488079195337892,40.5
2,4,4,S1,S1,k2_pair04_o4_S1,50d23cbd990b730960d8094acfa0cb986d8cc2517bf0a1cb4fcc2664dd535e82,24.800255800000002,0.37427200350000001,0.099327996399999993,0.032767999899999997,0.019455999099999999,1.4838079799999999,0.73574399949999991,10.42790415,3.8338561049999997,0.37478399299999998,1.57132798,1.536512015,4.2138080549999994,0.024576000899999999,3809929,501.30644736842106,2.0048004717383092,4500,17999,0,0,0,0,0
2,5,1,S2,S2,k2_pair05_o1_S2,50d23cbd990b730960d8094acfa0cb986d8cc2517bf0a1cb4fcc2664dd535e82,25.23340795,0.33484800149999999,0.098304003500000001,0.033231999700000001,0.094208002050000003,1.4853119850000001,0.86886400000000008,10.42278385,3.8143999549999998,0.38195198800000002,1.8068479900000001,1.5303679699999999,4.2096641049999999,0.0255999994,3809929,501.30644736842106,2.0048006020237175,4500,17999,8384,20,199989,0.052488079195337892,40.5
2,5,2,S1,S1,k2_pair05_o2_S1,50d23cbd990b730960d8094acfa0cb986d8cc2517bf0a1cb4fcc2664dd535e82,24.870399450000001,0.37683200849999998,0.099839996699999989,0.032143998899999998,0.04505600035,1.4919680350000002,0.73779201499999991,10.42585615,3.8287360650000002,0.37478399299999998,1.5590400099999999,1.5319039800000001,4.2152960299999993,0.0255999994,3809929,501.30644736842106,2.004800472578018,4500,17999,0,0,0,0,0
2,5,3,E2,T2,k2_pair05_o3_E2,50d23cbd990b730960d8094acfa0cb986d8cc2517bf0a1cb4fcc2664dd535e82,25.640447600000002,0.32563200599999997,0.099327996399999993,0.032767999899999997,0.387071997,1.55392003,0.96460801399999996,10.427391999999999,3.8225920200000001,0.38195198800000002,1.7991679899999999,1.5349760049999999,4.2188801800000002,0.024576000899999999,3809929,501.30644736842106,2.0048001467606156,4500,17999,8384,20,199989,0.052488079195337892,40.5
2,5,4,E1,T1,k2_pair05_o4_E1,50d23cbd990b730960d8094acfa0cb986d8cc2517bf0a1cb4fcc2664dd535e82,25.227264399999999,0.32256001200000001,0.098304003500000001,0.03225599975,0.37939199800000001,1.558079955,0.82892799350000002,10.417664050000001,3.8174719800000001,0.373760015,1.557504,1.5293439600000001,4.2101759899999998,0.024576000899999999,3809929,501.30644736842106,2.0048004106569959,4500,17999,0,0,0,0,0
4,1,1,E1,T1,k4_pair01_o1_E1,769dd58f21e51d798eaa901177f499c9588cc6f2849b5b96765bf774095a578d,27.828224200000001,0.35276800349999998,0.098304003500000001,0.032767999899999997,0.38246399200000003,1.99219203,1.11411196,10.490880050000001,3.83643198,0.37734399699999999,1.8165760049999999,1.9655680100000001,5.2469758999999998,0.024576000899999999,3831929,504.20118421052632,2.1111272564834316,4500,32000,0,0,0,0,0
4,1,2,E2,T2,k4_pair01_o2_E2,769dd58f21e51d798eaa901177f499c9588cc6f2849b5b96765bf774095a578d,27.650048249999998,0.37529599650000001,0.098304003500000001,0.0337920003,0.39014399100000002,1.9768320349999999,0.97075200100000003,10.490367900000001,3.83846402,0.385024011,1.8073599950000001,1.9568639999999999,5.237247945,0.024576000899999999,3831929,504.20118421052632,2.1111272578050624,4500,32000,8448,20,221989,0.05792761104818106,43
4,1,3,S1,S1,k4_pair01_o3_S1,769dd58f21e51d798eaa901177f499c9588cc6f2849b5b96765bf774095a578d,27.147263500000001,0.37683199349999996,0.099327996399999993,0.032767999899999997,0.019455999099999999,1.8590720300000001,0.95436799500000002,10.491391700000001,3.8348801099999998,0.37585599749999998,1.7950720200000001,1.981951955,5.2597761149999993,0.024576000899999999,3831929,504.20118421052632,2.1111269547870113,4500,32000,0,0,0,0,0
4,1,4,S2,S2,k4_pair01_o4_S2,769dd58f21e51d798eaa901177f499c9588cc6f2849b5b96765bf774095a578d,27.2568321,0.37119999549999999,0.099327996399999993,0.032767999899999997,0.11571200200000001,1.8775039950000001,0.87500798700000004,10.491392149999999,3.8302720800000003,0.385024011,1.81196797,1.972224,5.229568005,0.0255999994,3831929,504.20118421052632,2.1111270158203954,4500,32000,8448,20,221989,0.05792761104818106,43
4,2,1,E2,T2,k4_pair02_o1_E2,769dd58f21e51d798eaa901177f499c9588cc6f2849b5b96765bf774095a578d,27.821568499999998,0.34923200300000001,0.098304003500000001,0.032767999899999997,0.39014399100000002,2.01062399,0.96972799300000001,10.4934397,3.8399999149999999,0.38451200699999999,1.80275202,1.980416,5.2828159350000004,0.0255999994,3831929,504.20118421052632,2.1111278075460485,4500,32000,8448,20,221989,0.05792761104818106,43
4,2,2,S1,S1,k4_pair02_o2_S1,769dd58f21e51d798eaa901177f499c9588cc6f2849b5b96765bf774095a578d,27.0013437,0.32716800299999999,0.099327996399999993,0.032767999899999997,0.019455999099999999,1.8426880250000002,0.95743998850000001,10.500608,3.8579200500000002,0.37785598599999998,1.7960959700000001,1.9650560000000001,5.2505598100000004,0.024576000899999999,3831929,504.20118421052632,2.1111268309220979,4500,32000,0,0,0,0,0
4,2,3,S2,S2,k4_pair02_o3_S2,769dd58f21e51d798eaa901177f499c9588cc6f2849b5b96765bf774095a578d,27.044863700000001,0.31955198949999997,0.098304003500000001,0.031743999600000003,0.09164800125,1.8626560000000001,0.87044802300000002,10.488832,3.8328321000000001,0.38400000299999998,1.8078719950000002,1.9701760450000001,5.1967999950000001,0.0255999994,3831929,504.20118421052632,2.1111275020258589,4500,32000,8448,20,221989,0.05792761104818106,43
4,2,4,E1,T1,k4_pair02_o4_E1,769dd58f21e51d798eaa901177f499c9588cc6f2849b5b96765bf774095a578d,27.892735500000001,0.35072000299999995,0.100863997,0.032767999899999997,0.38400000299999998,1.9799039949999999,1.1207680099999999,10.508287899999999,3.8671360000000004,0.38143999900000003,1.814527985,1.974784015,5.2843520650000002,0.0255999994,3831929,504.20118421052632,2.1111270740378041,4500,32000,0,0,0,0,0
4,3,1,S1,S1,k4_pair03_o1_S1,769dd58f21e51d798eaa901177f499c9588cc6f2849b5b96765bf774095a578d,27.2527361,0.3415200115,0.098304003500000001,0.032592000449999999,0.019455999099999999,1.8600959800000001,0.95948800450000005,10.4888482,3.83590388,0.376832008,1.799679995,1.9758080200000001,5.2587521050000001,0.024576000899999999,3831929,504.20118421052632,2.111127319921196,4500,32000,0,0,0,0,0
4,3,2,S2,S2,k4_pair03_o2_S2,769dd58f21e51d798eaa901177f499c9588cc6f2849b5b96765bf774095a578d,27.113472000000002,0.33843199899999998,0.098304003500000001,0.032767999899999997,0.1071840005,1.86880004,0.87296000100000004,10.491392149999999,3.84102392,0.385024011,1.817088005,1.9563519949999999,5.2444160000000002,0.0255999994,3831929,504.20118421052632,2.1111273233792396,4500,32000,8448,20,221989,0.05792761104818106,43
4,3,3,E1,T1,k4_pair03_o3_E1,769dd58f21e51d798eaa901177f499c9588cc6f2849b5b96765bf774095a578d,27.665920249999999,0.32716800299999999,0.098304003500000001,0.03225599975,0.38092800999999998,1.9875840550000001,1.10131198,10.488832,3.841023925,0.376832008,1.790975985,1.953792035,5.2423679849999996,0.024576000899999999,3831929,504.20118421052632,2.1111270734247478,4500,32000,0,0,0,0,0
4,3,4,E2,T2,k4_pair03_o4_E2,769dd58f21e51d798eaa901177f499c9588cc6f2849b5b96765bf774095a578d,27.592191700000001,0.31897600000000004,0.097792003299999999,0.032304000099999994,0.38912001299999999,1.9758080250000001,0.97023999699999997,10.488832499999999,3.833855985,0.38451200699999999,1.8078719950000002,1.9711999900000001,5.222912075,0.024576000899999999,3831929,504.20118421052632,2.1111274436379492,4500,32000,8448,20,221989,0.05792761104818106,43
4,4,1,S2,S2,k4_pair04_o1_S2,769dd58f21e51d798eaa901177f499c9588cc6f2849b5b96765bf774095a578d,27.240448000000001,0.33280000050000003,0.098304003500000001,0.03225599975,0.088064000050000008,1.85889602,0.87244802700000001,10.48780825,3.8399999149999999,0.38400000299999998,1.8017439849999999,1.96608001,5.2710399600000004,0.024576000899999999,3831929,504.20118421052632,2.1111273188200386,4500,32000,8448,20,221989,0.05792761104818106,43
4,4,2,E1,T1,k4_pair04_o2_E1,769dd58f21e51d798eaa901177f499c9588cc6f2849b5b96765bf774095a578d,27.731967900000001,0.31385600599999997,0.098304003500000001,0.032767999899999997,0.38195198800000002,1.9809280650000001,1.10643202,10.4939518,3.8312960900000004,0.376832008,1.799679995,1.9834879650000001,5.261823895,0.024576000899999999,3831929,504.20118421052632,2.1111273782112967,4500,32000,0,0,0,0,0
4,4,3,E2,T2,k4_pair04_o3_E2,769dd58f21e51d798eaa901177f499c9588cc6f2849b5b96765bf774095a578d,27.671039550000003,0.32665599899999997,0.098304003500000001,0.032767999899999997,0.38912001299999999,1.9886080050000001,0.96716800300000005,10.488832,3.8349440100000001,0.38348799950000001,1.81452799,1.9599359600000001,5.3268477949999999,0.024576000899999999,3831929,504.20118421052632,2.1111276245151176,4500,32000,8448,20,221989,0.05792761104818106,43
4,4,4,S1,S1,k4_pair04_o4_S1,769dd58f21e51d798eaa901177f499c9588cc6f2849b5b96765bf774095a578d,27.2209921,0.36505599300000002,0.099327996399999993,0.032767999899999997,0.034816000649999998,1.8565120099999999,0.96102398600000005,10.488832499999999,3.8312959649999998,0.37632000450000003,1.81452799,1.965568005,5.2643840300000004,0.024576000899999999,3831929,504.20118421052632,2.1111276870714173,4500,32000,0,0,0,0,0
4,5,1,S2,S2,k4_pair05_o1_S2,769dd58f21e51d798eaa901177f499c9588cc6f2849b5b96765bf774095a578d,27.210240349999999,0.33587199400000001,0.098815999949999997,0.03225599975,0.099328000249999993,1.8657280250000001,0.87193602299999995,10.489344150000001,3.8302720749999999,0.38451200699999999,1.8068480500000001,1.9681440000000001,5.2797439099999997,0.0255999994,3831929,504.20118421052632,2.1111275655887569,4500,32000,8448,20,221989,0.05792761104818106,43
4,5,2,S1,S1,k4_pair05_o2_S1,769dd58f21e51d798eaa901177f499c9588cc6f2849b5b96765bf774095a578d,27.230207450000002,0.34764800949999997,0.098304003500000001,0.032767999899999997,0.019455999099999999,1.862656055,0.95743998850000001,10.488832,3.8307839650000002,0.375808001,1.8007040050000001,1.97838402,5.2551679599999996,0.024576000899999999,3831929,504.20118421052632,2.1111274404500557,4500,32000,0,0,0,0,0
4,5,3,E2,T2,k4_pair05_o3_E2,769dd58f21e51d798eaa901177f499c9588cc6f2849b5b96765bf774095a578d,27.698175450000001,0.34918400650000003,0.098304003500000001,0.032767999899999997,0.39014399100000002,1.9778559800000002,0.9712640050000001,10.488832499999999,3.83385599,0.38400000299999998,1.80480003,1.9691520300000001,5.3002240650000001,0.024576000899999999,3831929,504.20118421052632,2.1111271375275331,4500,32000,8448,20,221989,0.05792761104818106,43
4,5,4,E1,T1,k4_pair05_o4_E1,769dd58f21e51d798eaa901177f499c9588cc6f2849b5b96765bf774095a578d,27.810303699999999,0.3251200025,0.098304003500000001,0.031743999600000003,0.38195198800000002,1.99270397,1.12179202,10.489344150000001,3.83180809,0.376832008,1.8135039799999999,1.9743359700000001,5.2807681550000005,0.024576000899999999,3831929,504.20118421052632,2.111126950665688,4500,32000,0,0,0,0,0
8,1,1,E1,T1,k8_pair01_o1_E1,1f98894464a6b72dd6fe3799b84d95e00d29836b859aa0e8cfad0ad617260177,33.015296900000003,0.36096000699999997,0.099327996399999993,0.03225599975,0.38604798899999998,2.8308479800000002,1.6732159850000001,10.614799999999999,3.85638404,0.38297599599999999,2.6091519600000002,2.809344055,7.2898559600000006,0.024576000899999999,3875929,509.99065789473684,2.4721730817867593,4500,60999.5,0,0,0,0,0
8,1,2,E2,T2,k8_pair01_o2_E2,1f98894464a6b72dd6fe3799b84d95e00d29836b859aa0e8cfad0ad617260177,31.69177625,0.35328000799999998,0.099327996399999993,0.032767999899999997,0.395264,2.82419193,0.98048001499999993,10.616320099999999,3.8604800699999999,0.38912001299999999,1.82169604,2.7811839550000004,7.2872960600000001,0.024576000899999999,3875929,509.99065789473684,2.4721732380508072,4500,60999.5,8512,15,229496,0.059202416067747191,38.5
8,1,3,S1,S1,k8_pair01_o3_S1,1f98894464a6b72dd6fe3799b84d95e00d29836b859aa0e8cfad0ad617260177,32.220159550000005,0.33843199899999998,0.098304003500000001,0.032767999899999997,0.018432000699999999,2.5953280899999998,1.368063985,10.6209278,3.8599680649999999,0.38297599599999999,2.6337280300000003,2.8078080399999998,7.3779199100000001,0.024639999499999999,3875929,509.99065789473684,2.472173235501895,4500,60999.5,0,0,0,0,0
8,1,4,S2,S2,k8_pair01_o4_S2,1f98894464a6b72dd6fe3799b84d95e00d29836b859aa0e8cfad0ad617260177,30.878720299999998,0.34150400749999998,0.098815999949999997,0.03225599975,0.092672001599999998,2.5687040100000003,0.87808001049999995,10.619903600000001,3.8568960450000001,0.38912001299999999,1.822208045,2.752511975,7.211519955,0.024607999299999999,3875929,509.99065789473684,2.4721729797120617,4500,60999.5,8512,15,229496,0.059202416067747191,38.5
8,2,1,E2,T2,k8_pair02_o1_E2,1f98894464a6b72dd6fe3799b84d95e00d29836b859aa0e8cfad0ad617260177,31.691263200000002,0.35123199199999999,0.098304003500000001,0.032624000649999998,0.396288007,2.86361599,0.98150402300000006,10.616319650000001,3.86099207,0.38963200200000003,1.833984015,2.8200960149999998,7.2657918949999996,0.024576000899999999,3875929,509.99065789473684,2.4721731845715649,4500,60999.5,8512,15,229496,0.059202416067747191,38.5
8,2,2,S1,S1,k8_pair02_o2_S1,1f98894464a6b72dd6fe3799b84d95e00d29836b859aa0e8cfad0ad617260177,32.33535955,0.38400000299999998,0.098304003500000001,0.03225599975,0.02764800005,2.5605120650000002,1.38393605,10.618880300000001,3.855872035,0.38246399200000003,2.616832015,2.8405760549999997,7.2826879,0.024592000099999997,3875929,509.99065789473684,2.4721729811599511,4500,60999.5,0,0,0,0,0
8,2,3,S2,S2,k8_pair02_o3_S2,1f98894464a6b72dd6fe3799b84d95e00d29836b859aa0e8cfad0ad617260177,30.957056049999998,0.35123199199999999,0.098863996600000004,0.032767999899999997,0.094208002050000003,2.5717760350000001,0.87961599199999996,10.617856,3.8681600100000004,0.39014399100000002,1.820160035,2.7796479449999998,7.2965118899999997,0.024576000899999999,3875929,509.99065789473684,2.4721729282769691,4500,60999.5,8512,15,229496,0.059202416067747191,38.5
8,2,4,E1,T1,k8_pair02_o4_E1,1f98894464a6b72dd6fe3799b84d95e00d29836b859aa0e8cfad0ad617260177,32.959999100000005,0.37028799950000002,0.099327996399999993,0.032767999899999997,0.38604798899999998,2.8154879799999999,1.6604160100000001,10.614336,3.8574080500000001,0.38297599599999999,2.587648035,2.7929599249999999,7.2985599050000003,0.024576000899999999,3875929,509.99065789473684,2.4721729293980683,4500,60999.5,0,0,0,0,0
8,3,1,S1,S1,k8_pair03_o1_S1,1f98894464a6b72dd6fe3799b84d95e00d29836b859aa0e8cfad0ad617260177,32.098303800000004,0.36710400899999995,0.098304003500000001,0.032767999899999997,0.019967999299999997,2.5548800250000001,1.3829120399999999,10.61836815,3.8517760050000001,0.38195198800000002,2.6065920600000001,2.80985606,7.2709119300000005,0.024576000899999999,3875929,509.99065789473684,2.4721730307537411,4500,60999.5,0,0,0,0,0
8,3,2,S2,S2,k8_pair03_o2_S2,1f98894464a6b72dd6fe3799b84d95e00d29836b859aa0e8cfad0ad617260177,31.195135100000002,0.38656000749999997,0.098304003500000001,0.032767999899999997,0.093311999000000007,2.6014720200000001,0.88166397799999996,10.613264050000002,3.8594560599999999,0.39014399100000002,1.8140159849999999,2.800127985,7.3257439150000003,0.024576000899999999,3875929,509.99065789473684,2.472172979189148,4500,60999.5,8512,15,229496,0.059202416067747191,38.5
8,3,3,E1,T1,k8_pair03_o3_E1,1f98894464a6b72dd6fe3799b84d95e00d29836b859aa0e8cfad0ad617260177,33.111040150000001,0.36095999199999995,0.098304003500000001,0.032767999899999997,0.38604798899999998,2.8799999949999999,1.7029119699999999,10.615312100000001,3.8604800699999999,0.38297599599999999,2.61887991,2.804224015,7.2637438750000003,0.024576000899999999,3875929,509.99065789473684,2.4721732355864363,4500,60999.5,0,0,0,0,0
8,3,4,E2,T2,k8_pair03_o4_E2,1f98894464a6b72dd6fe3799b84d95e00d29836b859aa0e8cfad0ad617260177,31.806464200000001,0.33894398800000003,0.098304003500000001,0.032767999899999997,0.395264,2.853375915,0.98099201899999999,10.614784200000001,3.85638404,0.39014399100000002,1.8253440250000001,2.829311965,7.4045441150000002,0.024576000899999999,3875929,509.99065789473684,2.4721733884982369,4500,60999.5,8512,15,229496,0.059202416067747191,38.5
8,4,1,S2,S2,k8_pair04_o1_S2,1f98894464a6b72dd6fe3799b84d95e00d29836b859aa0e8cfad0ad617260177,31.089664450000001,0.34713600550000001,0.099327996399999993,0.032767999899999997,0.095232002400000001,2.5733120400000002,0.88012799599999991,10.614272100000001,3.8574080449999997,0.39014399100000002,1.8421759600000001,2.8318719850000003,7.2831997899999994,0.0255999994,3875929,509.99065789473684,2.4721727767198014,4500,60999.5,8512,15,229496,0.059202416067747191,38.5
8,4,2,E1,T1,k8_pair04_o2_E1,1f98894464a6b72dd6fe3799b84d95e00d29836b859aa0e8cfad0ad617260177,33.097215649999995,0.33945599199999998,0.098304003500000001,0.031743999600000003,0.38604798899999998,2.8410880550000002,1.670656025,10.6101761,3.8666239949999999,0.38297599599999999,2.6398719550000003,2.7929600499999996,7.2360961449999994,0.024576000899999999,3875929,509.99065789473684,2.4721724706513779,4500,60999.5,0,0,0,0,0
8,4,3,E2,T2,k8_pair04_o3_E2,1f98894464a6b72dd6fe3799b84d95e00d29836b859aa0e8cfad0ad617260177,31.534591650000003,0.38195200299999998,0.098304003500000001,0.031743999600000003,0.395264,2.8011521099999999,0.97945600750000006,10.6173439,3.8635520950000002,0.39014399100000002,1.8252800100000002,2.7837439799999997,7.2550399300000006,0.024576000899999999,3875929,509.99065789473684,2.4721729815888249,4500,60999.5,8512,15,229496,0.059202416067747191,38.5
8,4,4,S1,S1,k8_pair04_o4_S1,1f98894464a6b72dd6fe3799b84d95e00d29836b859aa0e8cfad0ad617260177,32.347648599999999,0.36608000100000004,0.098304003500000001,0.032767999899999997,0.019455999099999999,2.5987360449999999,1.3772800000000001,10.612736249999999,3.860992075,0.38195198800000002,2.61222398,2.8160001050000001,7.4173438550000004,0.024576000899999999,3875929,509.99065789473684,2.4721731327187744,4500,60999.5,0,0,0,0,0
8,5,1,S2,S2,k8_pair05_o1_S2,1f98894464a6b72dd6fe3799b84d95e00d29836b859aa0e8cfad0ad617260177,31.09324745,0.3819520025,0.098304003500000001,0.032767999899999997,0.092160001399999997,2.6029440150000003,0.87910401800000004,10.615295850000001,3.8584320549999997,0.39014399100000002,1.819648025,2.811903955,7.2688641549999993,0.0255999994,3875929,509.99065789473684,2.4721730295232365,4500,60999.5,8512,15,229496,0.059202416067747191,38.5
8,5,2,S1,S1,k8_pair05_o2_S1,1f98894464a6b72dd6fe3799b84d95e00d29836b859aa0e8cfad0ad617260177,32.338943499999999,0.374784008,0.098304003500000001,0.032767999899999997,0.026623999700000001,2.57536006,1.39064002,10.61836815,3.8645759850000001,0.38246399200000003,2.5840640050000001,2.8247519749999999,7.272992135,0.024576000899999999,3875929,509.99065789473684,2.4721727273366687,4500,60999.5,0,0,0,0,0
8,5,3,E2,T2,k8_pair05_o3_E2,1f98894464a6b72dd6fe3799b84d95e00d29836b859aa0e8cfad0ad617260177,31.5366392,0.367615998,0.098815999949999997,0.031791999949999997,0.395264,2.8349440100000001,0.97791999600000001,10.613759999999999,3.8615360249999999,0.3891360015,1.8181120150000001,2.8001279800000001,7.2176640049999996,0.024576000899999999,3875929,509.99065789473684,2.4721730835326019,4500,60999.5,8512,15,229496,0.059202416067747191,38.5
8,5,4,E1,T1,k8_pair05_o4_E1,1f98894464a6b72dd6fe3799b84d95e00d29836b859aa0e8cfad0ad617260177,33.066495900000007,0.37324799600000003,0.098304003500000001,0.032767999899999997,0.38553599999999999,2.8200960149999998,1.6819199949999999,10.615295850000001,3.860992075,0.38348799950000001,2.6179039450000001,2.8200960149999998,7.33542395,0.024576000899999999,3875929,509.99065789473684,2.4721733397244727,4500,60999.5,0,0,0,0,0
16,1,1,E1,T1,k16_pair01_o1_E1,87ddac25f6432faae34f83c00df5af2b7d7af53b2c6e3683904cab9cbf00265c,43.888639449999999,0.32460801299999997,0.098304003500000001,0.033280000099999998,0.39731198499999998,4.5593597900000002,2.8247039300000001,10.8646402,3.9306240099999998,0.395264,4.2644479300000002,4.5777919300000001,11.585536000000001,0.024576000899999999,3963929,521.56960526315788,3.5074422256372486,4500,118994,0,0,0,0,0
16,1,2,E2,T2,k16_pair01_o2_E2,87ddac25f6432faae34f83c00df5af2b7d7af53b2c6e3683904cab9cbf00265c,39.683584249999996,0.34252800049999998,0.098304003500000001,0.031791999949999997,0.406527996,4.6146557349999995,0.99123197799999996,10.86822415,3.9311360149999999,0.40243199499999999,1.8340480349999999,4.5926401649999997,11.437568200000001,0.024576000899999999,3963929,521.56960526315788,3.5074422251655601,4500,118994,8704,15,317496,0.080085490734191925,48
16,1,3,S1,S1,k16_pair01_o3_S1,87ddac25f6432faae34f83c00df5af2b7d7af53b2c6e3683904cab9cbf00265c,42.152448649999997,0.33689600200000003,0.098304003500000001,0.032767999899999997,0.038543999199999998,4.0540158750000002,2.243584035,10.8702722,3.9357439250000001,0.39475199599999999,4.2193920600000006,4.5383679850000007,11.4119682,0.024576000899999999,3963929,521.56960526315788,3.5074424667491861,4500,118994,0,0,0,0,0
16,1,4,S2,S2,k16_pair01_o4_S2,87ddac25f6432faae34f83c00df5af2b7d7af53b2c6e3683904cab9cbf00265c,38.647296949999998,0.351743996,0.098815999949999997,0.033199999450000003,0.104447998,4.107264045,0.89139199250000001,10.866687799999999,3.93369591,0.40243199499999999,1.85446405,4.5117440200000001,11.4201598,0.02468799985,3963929,521.56960526315788,3.5074422598100927,4500,118994,8704,15,317496,0.080085490734191925,48
16,2,1,E2,T2,k16_pair02_o1_E2,87ddac25f6432faae34f83c00df5af2b7d7af53b2c6e3683904cab9cbf00265c,39.506431599999999,0.37683199350000002,0.098304003500000001,0.032767999899999997,0.40755200400000002,4.6300158499999995,0.99174398200000002,10.8697596,3.93471992,0.40243199499999999,1.8370559799999999,4.530175925,11.35923195,0.024576000899999999,3963929,521.56960526315788,3.5074423286286898,4500,118994,8704,15,317496,0.080085490734191925,48
16,2,2,S1,S1,k16_pair02_o2_S1,87ddac25f6432faae34f83c00df5af2b7d7af53b2c6e3683904cab9cbf00265c,42.208255749999999,0.378879994,0.098304003500000001,0.032767999899999997,0.035328000799999995,4.0478718249999996,2.254848,10.8687363,3.9311358949999997,0.39475199599999999,4.1917440849999998,4.5071361049999998,11.439119850000001,0.024576000899999999,3963929,521.56960526315788,3.5074424669578881,4500,118994,0,0,0,0,0
16,2,3,S2,S2,k16_pair02_o3_S2,87ddac25f6432faae34f83c00df5af2b7d7af53b2c6e3683904cab9cbf00265c,38.934015250000002,0.39577600349999997,0.099327996399999993,0.032767999899999997,0.11583999950000001,4.0949759449999998,0.89292800400000005,10.87129595,3.9331839100000003,0.40243199499999999,1.8375680449999998,4.5040960299999995,11.459584250000001,0.0255999994,3963929,521.56960526315788,3.507442260563117,4500,118994,8704,15,317496,0.080085490734191925,48
16,2,4,E1,T1,k16_pair02_o4_E1,87ddac25f6432faae34f83c00df5af2b7d7af53b2c6e3683904cab9cbf00265c,43.998720149999997,0.37529601150000003,0.099327996399999993,0.032767999899999997,0.398335993,4.6576638199999998,2.7816959600000004,10.87129595,3.9311360100000003,0.396288007,4.3591999999999995,4.5475840549999997,11.492864149999999,0.024576000899999999,3963929,521.56960526315788,3.5074423969060291,4500,118994,0,0,0,0,0
16,3,1,S1,S1,k16_pair03_o1_S1,87ddac25f6432faae34f83c00df5af2b7d7af53b2c6e3683904cab9cbf00265c,42.170368199999999,0.35328000749999999,0.098304003500000001,0.032767999899999997,0.037376001499999999,4.0790081049999998,2.257407905,10.86876775,3.9296000050000002,0.39423999199999998,4.18867207,4.4738559700000007,11.322367700000001,0.024576000899999999,3963929,521.56960526315788,3.5074424666796187,4500,118994,0,0,0,0,0
16,3,2,S2,S2,k16_pair03_o2_S2,87ddac25f6432faae34f83c00df5af2b7d7af53b2c6e3683904cab9cbf00265c,38.841856,0.34867200249999997,0.098304003500000001,0.032767999899999997,0.095744002600000003,4.0596478000000005,0.88731199499999991,10.86822415,3.9301120049999998,0.40243199499999999,1.8391039949999999,4.5194239600000001,11.469312200000001,0.024576000899999999,3963929,521.56960526315788,3.5074422598100927,4500,118994,8704,15,317496,0.080085490734191925,48
16,3,3,E1,T1,k16_pair03_o3_E1,87ddac25f6432faae34f83c00df5af2b7d7af53b2c6e3683904cab9cbf00265c,43.545087850000002,0.35993599850000002,0.098304003500000001,0.033280000099999998,0.39731198499999998,4.5286397950000001,2.816511985,10.867199899999999,3.9377919449999998,0.395264,4.2772641199999999,4.5040638450000001,11.324927799999999,0.024576000899999999,3963929,521.56960526315788,3.5074423281570004,4500,118994,0,0,0,0,0
16,3,4,E2,T2,k16_pair03_o4_E2,87ddac25f6432faae34f83c00df5af2b7d7af53b2c6e3683904cab9cbf00265c,39.416320800000001,0.36403200050000001,0.098304003500000001,0.0337920003,0.40755200400000002,4.6151678549999993,0.99379199750000002,10.8687358,3.9260160949999996,0.40243199499999999,1.847311975,4.6090240500000004,11.247104199999999,0.024576000899999999,3963929,521.56960526315788,3.5074423286982572,4500,118994,8704,15,317496,0.080085490734191925,48
16,4,1,S2,S2,k16_pair04_o1_S2,87ddac25f6432faae34f83c00df5af2b7d7af53b2c6e3683904cab9cbf00265c,38.736383400000001,0.3911679985,0.098304003500000001,0.033711999649999998,0.107519999,4.0913915650000003,0.89139199250000001,10.86822415,3.9306240099999998,0.40448001,1.8524160350000001,4.5711359949999997,11.425280050000001,0.024576000899999999,3963929,521.56960526315788,3.5074423286286898,4500,118994,8704,15,317496,0.080085490734191925,48
16,4,2,E1,T1,k16_pair04_o2_E1,87ddac25f6432faae34f83c00df5af2b7d7af53b2c6e3683904cab9cbf00265c,43.531265250000004,0.3901440055,0.098832000049999993,0.032767999899999997,0.39731198499999998,4.5250558850000004,2.7294720400000001,10.867199899999999,3.9296000050000002,0.395264,4.2705919750000003,4.4943361299999998,11.372543799999999,0.024576000899999999,3963929,521.56960526315788,3.5074425350265224,4500,118994,0,0,0,0,0
16,4,3,E2,T2,k16_pair04_o3_E2,87ddac25f6432faae34f83c00df5af2b7d7af53b2c6e3683904cab9cbf00265c,39.332864749999999,0.37683199349999996,0.099327996399999993,0.032767999899999997,0.406527996,4.5491197149999998,0.99430400100000005,10.867199899999999,3.9352319250000001,0.40191999099999998,1.8396159999999999,4.5127680300000002,11.207168100000001,0.024576000899999999,3963929,521.56960526315788,3.5074423969755966,4500,118994,8704,15,317496,0.080085490734191925,48
16,4,4,S1,S1,k16_pair04_o4_S1,87ddac25f6432faae34f83c00df5af2b7d7af53b2c6e3683904cab9cbf00265c,42.44428825,0.38348799950000001,0.099327996399999993,0.032767999899999997,0.019455999099999999,4.0186878450000005,2.2476800699999999,10.8697596,3.9260160900000001,0.39423999199999998,4.2787840349999993,4.5798401799999997,11.428352350000001,0.024592000099999997,3963929,521.56960526315788,3.5074424332585794,4500,118994,0,0,0,0,0
16,5,1,S2,S2,k16_pair05_o1_S2,87ddac25f6432faae34f83c00df5af2b7d7af53b2c6e3683904cab9cbf00265c,38.984704949999994,0.38041599100000001,0.098304003500000001,0.032767999899999997,0.104959998,4.1251196849999996,0.88835197700000001,10.872320200000001,3.93471992,0.40243199499999999,1.837568045,4.554751875,11.41504005,0.02511999945,3963929,521.56960526315788,3.5074424666796187,4500,118994,8704,15,317496,0.080085490734191925,48
16,5,2,S1,S1,k16_pair05_o2_S1,87ddac25f6432faae34f83c00df5af2b7d7af53b2c6e3683904cab9cbf00265c,42.033151599999997,0.35686400500000004,0.098815999949999997,0.032767999899999997,0.019967999299999997,4.0467519749999994,2.2277120349999997,10.8718076,3.9275521050000002,0.39423999199999998,4.218368055,4.482048035,11.399695850000001,0.024576000899999999,3963929,521.56960526315788,3.5074422952772162,4500,118994,0,0,0,0,0
16,5,3,E2,T2,k16_pair05_o3_E2,87ddac25f6432faae34f83c00df5af2b7d7af53b2c6e3683904cab9cbf00265c,39.723009149999996,0.3548160045,0.098304003500000001,0.032767999899999997,0.406527996,4.6264319450000002,0.99225598599999998,10.8687363,3.9311360149999999,0.40191999099999998,1.8380800500000001,4.5189120799999998,11.59065625,0.024576000899999999,3963929,521.56960526315788,3.5074423969060291,4500,118994,8704,15,317496,0.080085490734191925,48
16,5,4,E1,T1,k16_pair05_o4_E1,87ddac25f6432faae34f83c00df5af2b7d7af53b2c6e3683904cab9cbf00265c,43.715072649999996,0.40140800199999999,0.098304003500000001,0.032767999899999997,0.39731198499999998,4.58444786,2.817023995,10.868752000000001,3.9285759900000001,0.395264,4.297216175,4.5214719750000008,11.363840100000001,0.024576000899999999,3963929,521.56960526315788,3.5074422952076487,4500,118994,0,0,0,0,0
32,1,1,E1,T1,k32_pair01_o1_E1,c0611e66b30afd0d29331616edec271d89617e064a1f03ec16e9c447e13e5d4d,64.952320099999994,0.39219200649999997,0.099327996399999993,0.032767999899999997,0.42086398600000002,8.1085436350000002,4.8773119449999998,11.378687899999999,4.055552005,0.41881600000000002,7.5550720699999996,7.9170560850000005,19.681792299999998,0.024576000899999999,4139929,544.72749999999996,5.8725827921020706,4500,235001,0,0,0,0,0
32,1,2,E2,T2,k32_pair01_o2_E2,c0611e66b30afd0d29331616edec271d89617e064a1f03ec16e9c447e13e5d4d,55.5345917,0.35430398600000002,0.098304003500000001,0.032767999899999997,0.43007999699999999,7.9846396449999997,1.0265600099999999,11.37715195,4.0509440899999998,0.42905598900000003,1.88672,7.9995200649999996,19.80006405,0.024576000899999999,4139929,544.72749999999996,5.8725829049842897,4500,235001,9088,12,463248.5,0.11191387363750571,61
32,1,3,S1,S1,k32_pair01_o3_S1,c0611e66b30afd0d29331616edec271d89617e064a1f03ec16e9c447e13e5d4d,62.317567799999999,0.32972799249999996,0.098304003500000001,0.032767999899999997,0.018432000699999999,6.9088318350000009,3.9736318600000002,11.378687899999999,4.0464000700000007,0.417791992,7.4823679900000002,7.9457280600000004,19.7422085,0.024576000899999999,4139929,544.72749999999996,5.8725828294280102,4500,235001,0,0,0,0,0
32,1,4,S2,S2,k32_pair01_o4_S2,c0611e66b30afd0d29331616edec271d89617e064a1f03ec16e9c447e13e5d4d,54.288896550000004,0.33791999500000003,0.098304003500000001,0.03225599975,0.096975997100000003,6.9845757499999994,0.92007997600000002,11.382783849999999,4.0499198449999998,0.42905598900000003,1.9036160149999999,8.0998401649999998,19.9137287,0.025088000149999998,4139929,544.72749999999996,5.8725829049842897,4500,235001,9088,12,463248.5,0.11191387363750571,61
32,2,1,E2,T2,k32_pair02_o1_E2,c0611e66b30afd0d29331616edec271d89617e064a1f03ec16e9c447e13e5d4d,55.19257545,0.35737599450000002,0.098304003500000001,0.031743999600000003,0.43007999699999999,8.1141762750000002,1.0209280300000001,11.3771839,4.0468480600000003,0.42905598900000003,1.89132798,7.9616003050000002,19.427839249999998,0.024576000899999999,4139929,544.72749999999996,5.8725827921020706,4500,235001,9088,12,463248.5,0.11191387363750571,61
32,2,2,S1,S1,k32_pair02_o2_S1,c0611e66b30afd0d29331616edec271d89617e064a1f03ec16e9c447e13e5d4d,62.6647034,0.33894400299999999,0.098368000250000004,0.032767999899999997,0.01900799945,6.8792319299999996,3.9091199599999999,11.37715195,4.0488960699999996,0.41832000000000003,7.5786240100000004,8.0081920649999994,19.92908765,0.024576000899999999,4139929,544.72749999999996,5.8725828677347387,4500,235001,0,0,0,0,0
32,2,3,S2,S2,k32_pair02_o3_S2,c0611e66b30afd0d29331616edec271d89617e064a1f03ec16e9c447e13e5d4d,54.592512150000005,0.35430398600000002,0.098304003500000001,0.0337920003,0.097791999699999993,7.0128638750000007,0.92159998399999998,11.38176015,4.0442879200000004,0.42854400000000004,1.8923519849999999,7.9897599199999991,20.269055350000002,0.0255999994,4139929,544.72749999999996,5.8725827738883041,4500,235001,9088,12,463248.5,0.11191387363750571,61
32,2,4,E1,T1,k32_pair02_o4_E1,c0611e66b30afd0d29331616edec271d89617e064a1f03ec16e9c447e13e5d4d,65.769474000000002,0.36352001099999998,0.098304003500000001,0.032271999849999997,0.42188799399999999,8.086527825000001,5.1476478549999998,11.37715195,4.0540161100000001,0.41932800400000003,7.63955188,7.9211521149999999,20.206080400000001,0.024576000899999999,4139929,544.72749999999996,5.8725827738501106,4500,235001,0,0,0,0,0
32,3,1,S1,S1,k32_pair03_o1_S1,c0611e66b30afd0d29331616edec271d89617e064a1f03ec16e9c447e13e5d4d,62.115327800000003,0.37632000450000003,0.098304003500000001,0.032767999899999997,0.019455999099999999,7.0190076850000001,3.9531840099999997,11.381247999999999,4.0494079599999999,0.417791992,7.4378240099999999,7.9923198200000005,19.430399900000001,0.024576000899999999,4139929,544.72749999999996,5.872582905022484,4500,235001,0,0,0,0,0
32,3,2,S2,S2,k32_pair03_o2_S2,c0611e66b30afd0d29331616edec271d89617e064a1f03ec16e9c447e13e5d4d,54.060545000000005,0.37324801099999999,0.098352000150000007,0.032767999899999997,0.104543999,7.0461440050000004,0.92108798000000003,11.381759600000001,4.0529921049999995,0.43007999699999999,1.9174399950000001,7.9467840199999999,19.731967900000001,0.02513599955,4139929,544.72749999999996,5.8725828677347387,4500,235001,9088,12,463248.5,0.11191387363750571,61
32,3,3,E1,T1,k32_pair03_o3_E1,c0611e66b30afd0d29331616edec271d89617e064a1f03ec16e9c447e13e5d4d,65.112575550000003,0.36812800150000002,0.098304003500000001,0.032767999899999997,0.42086398600000002,8.0184314249999993,5.0775041549999997,11.381247999999999,4.0442881599999998,0.41932800400000003,7.4746878149999993,7.9513597499999999,19.914752,0.024576000899999999,4139929,544.72749999999996,5.872582754456305,4500,235001,0,0,0,0,0
32,3,4,E2,T2,k32_pair03_o4_E2,c0611e66b30afd0d29331616edec271d89617e064a1f03ec16e9c447e13e5d4d,55.510015500000002,0.37734399750000003,0.099327996399999993,0.033695999550000001,0.42956799300000004,8.0322563649999985,1.0275839549999999,11.381759600000001,4.0376319899999995,0.42905598900000003,1.90464002,8.1064961000000011,19.610624299999998,0.024576000899999999,4139929,544.72749999999996,5.8725827738501106,4500,235001,9088,12,463248.5,0.11191387363750571,61
32,4,1,S2,S2,k32_pair04_o1_S2,c0611e66b30afd0d29331616edec271d89617e064a1f03ec16e9c447e13e5d4d,54.096384049999998,0.41523200250000003,0.098304003500000001,0.032767999899999997,0.12595199800000001,6.97804761,0.91955202800000002,11.380224250000001,4.0504319649999996,0.42854400000000004,1.8892800200000002,8.0870401849999993,19.662848449999998,0.024576000899999999,4139929,544.72749999999996,5.8725828293898168,4500,235001,9088,12,463248.5,0.11191387363750571,61
32,4,2,E1,T1,k32_pair04_o2_E1,c0611e66b30afd0d29331616edec271d89617e064a1f03ec16e9c447e13e5d4d,64.826833749999992,0.371199995,0.098304003500000001,0.032767999899999997,0.42086398600000002,8.0593917350000002,5.0135040249999996,11.379200000000001,4.0483839499999998,0.41881600000000002,7.45676804,8.0153601200000004,19.512319599999998,0.024576000899999999,4139929,544.72749999999996,5.8725827738501106,4500,235001,0,0,0,0,0
32,4,3,E2,T2,k32_pair04_o3_E2,c0611e66b30afd0d29331616edec271d89617e064a1f03ec16e9c447e13e5d4d,55.94623945,0.39884799700000001,0.100863997,0.032767999899999997,0.43007999699999999,8.1259520050000003,1.0301439800000001,11.388415800000001,4.062207935,0.42803201099999999,1.91952002,8.09676814,19.812352150000002,0.024576000899999999,4139929,544.72749999999996,5.8725828678493208,4500,235001,9088,12,463248.5,0.11191387363750571,61
32,4,4,S1,S1,k32_pair04_o4_S1,c0611e66b30afd0d29331616edec271d89617e064a1f03ec16e9c447e13e5d4d,62.442495350000002,0.3548160045,0.098815999949999997,0.032767999899999997,0.019455999099999999,7.0287358750000006,3.9193600399999999,11.380784050000001,4.0442879200000004,0.41881600000000002,7.3707520950000003,7.9431676849999997,19.884544400000003,0.0255999994,4139929,544.72749999999996,5.8725828293898168,4500,235001,0,0,0,0,0
32,5,1,S2,S2,k32_pair05_o1_S2,c0611e66b30afd0d29331616edec271d89617e064a1f03ec16e9c447e13e5d4d,54.7496948,0.39270399499999997,0.10188799700000001,0.0337920003,0.15731199849999999,7.0143997650000003,0.92467200800000005,11.3868799,4.0642559550000001,0.43007999699999999,1.8979840299999999,7.9959361549999999,19.992079750000002,0.024640000449999998,4139929,544.72749999999996,5.8725827738501106,4500,235001,9088,12,463248.5,0.11191387363750571,61
32,5,2,S1,S1,k32_pair05_o2_S1,c0611e66b30afd0d29331616edec271d89617e064a1f03ec16e9c447e13e5d4d,62.439392050000002,0.38092799500000002,0.099327996399999993,0.032320000199999997,0.019967999299999997,6.9616639649999996,3.92703998,11.38129565,4.0468480600000003,0.417791992,7.4475519700000001,7.9764478199999997,19.738623650000001,0.024576000899999999,4139929,544.72749999999996,5.8725828294280102,4500,235001,0,0,0,0,0
32,5,3,E2,T2,k32_pair05_o3_E2,c0611e66b30afd0d29331616edec271d89617e064a1f03ec16e9c447e13e5d4d,55.63852885,0.35327999300000001,0.098847996450000003,0.0337920003,0.43059200050000002,8.0977921500000001,1.028607965,11.395071999999999,4.0698881149999995,0.42803201099999999,1.88518399,8.0025601399999999,19.99872015,0.024576000899999999,4139929,544.72749999999996,5.8725828867323306,4500,235001,9088,12,463248.5,0.11191387363750571,61
32,5,4,E1,T1,k32_pair05_o4_E1,c0611e66b30afd0d29331616edec271d89617e064a1f03ec16e9c447e13e5d4d,65.300991049999993,0.39270399499999997,0.098304003500000001,0.032767999899999997,0.422399998,8.0614399900000002,5.0815999500000002,11.38176015,4.0473599450000002,0.41881600000000002,7.50080013,8.0343041399999997,19.928576450000001,0.024576000899999999,4139929,544.72749999999996,5.872582792140264,4500,235001,0,0,0,0,0
64,1,1,E1,T1,k64_pair01_o1_E1,6958624016041c5aa3998d5804b10b841860e8bb003b4ab890a0773d864c1088,108.679169,0.3624960035,0.098304003500000001,0.031743999600000003,0.46182400000000001,14.94835185,9.6977920500000003,12.396095750000001,4.2839040750000006,0.45977601400000001,14.4619999,14.822400099999999,36.993535999999999,0.024576000899999999,4491929,591.04328947368413,10.359768421516545,4500,467016.5,0,0,0,0,0
64,1,2,E2,T2,k64_pair01_o2_E2,6958624016041c5aa3998d5804b10b841860e8bb003b4ab890a0773d864c1088,87.601665499999996,0.35379199699999997,0.098304003500000001,0.032767999899999997,0.47206398799999999,15.148031700000001,1.0920959749999999,12.400639999999999,4.2844161950000004,0.46796798699999997,2.02704,14.88793615,36.429822950000002,0.024576000899999999,4491929,591.04328947368413,10.359768430295613,4500,467016.5,9856,8,775248.5,0.17256918470454313,85
64,1,3,S1,S1,k64_pair01_o3_S1,6958624016041c5aa3998d5804b10b841860e8bb003b4ab890a0773d864c1088,104.22118399999999,0.3558399975,0.098304003500000001,0.032767999899999997,0.020479999499999998,12.783103950000001,7.3379840850000004,12.4021759,4.2874879850000003,0.45875200599999999,14.244351850000001,15.21561625,37.078016300000002,0.024576000899999999,4491929,591.04328947368413,10.359768448230763,4500,467016.5,0,0,0,0,0
64,1,4,S2,S2,k64_pair01_o4_S2,6958624016041c5aa3998d5804b10b841860e8bb003b4ab890a0773d864c1088,85.050880400000011,0.35737599399999997,0.098352000150000007,0.031743999600000003,0.103935998,12.972383499999999,0.97894400349999999,12.397088050000001,4.2864639750000002,0.46899199499999999,2.0270079399999998,14.9719038,36.026880250000005,0.024576000899999999,4491929,591.04328947368413,10.359768484630679,4500,467016.5,9856,8,775248.5,0.17256918470454313,85
64,2,1,E2,T2,k64_pair02_o1_E2,6958624016041c5aa3998d5804b10b841860e8bb003b4ab890a0773d864c1088,87.647182450000003,0.35737599450000002,0.098304003500000001,0.032767999899999997,0.471551999,15.02259205,1.0920959749999999,12.397568249999999,4.2874879850000003,0.46745599799999998,2.0101120449999996,14.9386239,36.416000350000004,0.024576000899999999,4491929,591.04328947368413,10.359768412150199,4500,467016.5,9856,8,775248.5,0.17256918470454313,85
64,2,2,S1,S1,k64_pair02_o2_S1,6958624016041c5aa3998d5804b10b841860e8bb003b4ab890a0773d864c1088,102.4824335,0.35739199799999999,0.098304003500000001,0.03225599975,0.019455999099999999,12.702176550000001,7.3016319250000006,12.398592000000001,4.2880001050000001,0.45875200599999999,13.9688959,14.973440200000001,36.300287249999997,0.024576000899999999,4491929,591.04328947368413,10.359768430277201,4500,467016.5,0,0,0,0,0
64,2,3,S2,S2,k64_pair02_o3_S2,6958624016041c5aa3998d5804b10b841860e8bb003b4ab890a0773d864c1088,85.000701899999996,0.3620000035,0.098895996799999997,0.032767999899999997,0.1029119975,13.002591600000001,0.98616001050000002,12.399615750000001,4.2941439150000003,0.46847999099999998,2.0198400000000003,14.8592639,36.243967050000002,0.0255999994,4491929,591.04328947368413,10.359768448212353,4500,467016.5,9856,8,775248.5,0.17256918470454313,85
64,2,4,E1,T1,k64_pair02_o4_E1,6958624016041c5aa3998d5804b10b841860e8bb003b4ab890a0773d864c1088,107.954689,0.35635200150000002,0.099327996399999993,0.032767999899999997,0.46335999699999997,15.169536600000001,9.3265919650000004,12.398592000000001,4.2915840149999998,0.45977601400000001,14.209023949999999,14.97292805,36.43289755,0.024576000899999999,4491929,591.04328947368413,10.359768484630679,4500,467016.5,0,0,0,0,0
64,3,1,S1,S1,k64_pair03_o1_S1,6958624016041c5aa3998d5804b10b841860e8bb003b4ab890a0773d864c1088,103.87661,0.40755200400000002,0.098863996600000004,0.032767999899999997,0.04505600035,12.819327850000001,7.3630719200000003,12.3970561,4.29619193,0.45977601400000001,14.290431999999999,14.8423681,36.7743988,0.024576000899999999,4491929,591.04328947368413,10.359768448550117,4500,467016.5,0,0,0,0,0
64,3,2,S2,S2,k64_pair03_o2_S2,6958624016041c5aa3998d5804b10b841860e8bb003b4ab890a0773d864c1088,85.473789199999999,0.39065600950000001,0.098304003500000001,0.032767999899999997,0.1172480025,12.87628795,0.98355197900000002,12.393471699999999,4.2910718899999996,0.46847999099999998,2.00960004,15.015424250000001,36.635135649999995,0.0255999994,4491929,591.04328947368413,10.359768430085349,4500,467016.5,9856,8,775248.5,0.17256918470454313,85
64,3,3,E1,T1,k64_pair03_o3_E1,6958624016041c5aa3998d5804b10b841860e8bb003b4ab890a0773d864c1088,107.72326649999999,0.37331199650000002,0.098304003500000001,0.032767999899999997,0.46284800799999998,15.01184035,9.4827518449999992,12.39654395,4.2956800450000001,0.45977601400000001,14.2740483,14.925856100000001,36.194305400000005,0.024576000899999999,4491929,591.04328947368413,10.359768484685912,4500,467016.5,0,0,0,0,0
64,3,4,E2,T2,k64_pair03_o4_E2,6958624016041c5aa3998d5804b10b841860e8bb003b4ab890a0773d864c1088,87.861759199999995,0.39428800350000004,0.099839996699999989,0.0337920003,0.472575992,15.073279849999999,1.0926079799999999,12.401152100000001,4.2854402050000004,0.47001600300000002,2.0541439050000001,15.0410237,36.774398849999997,0.024576000899999999,4491929,591.04328947368413,10.359768430085349,4500,467016.5,9856,8,775248.5,0.17256918470454313,85
64,4,1,S2,S2,k64_pair04_o1_S2,6958624016041c5aa3998d5804b10b841860e8bb003b4ab890a0773d864c1088,86.372352599999999,0.37427200399999999,0.098304003500000001,0.033280000099999998,0.1107520015,13.072896,0.98048001499999993,12.401663750000001,4.2956798099999993,0.46899199499999999,2.0444159499999999,14.950943949999999,37.428768149999996,0.0255999994,4491929,591.04328947368413,10.35976841232973,4500,467016.5,9856,8,775248.5,0.17256918470454313,85
64,4,2,E1,T1,k64_pair04_o2_E1,6958624016041c5aa3998d5804b10b841860e8bb003b4ab890a0773d864c1088,109.34783899999999,0.40447999550000002,0.099327996399999993,0.032767999899999997,0.46284799300000001,15.027711849999999,9.6921601300000013,12.400639999999999,4.2849760049999999,0.45977601400000001,14.301184150000001,15.15724805,37.169153199999997,0.024576000899999999,4491929,591.04328947368413,10.35976841220543,4500,467016.5,0,0,0,0,0
64,4,3,E2,T2,k64_pair04_o3_E2,6958624016041c5aa3998d5804b10b841860e8bb003b4ab890a0773d864c1088,88.722942350000011,0.38297601049999996,0.099327996399999993,0.032767999899999997,0.47308799600000001,15.28064015,1.0936319800000001,12.39807985,4.2987518300000005,0.46899199499999999,2.0464639650000001,14.97344015,37.198335650000004,0.024576000899999999,4491929,591.04328947368413,10.359768457898049,4500,467016.5,9856,8,775248.5,0.17256918470454313,85
64,4,4,S1,S1,k64_pair04_o4_S1,6958624016041c5aa3998d5804b10b841860e8bb003b4ab890a0773d864c1088,103.25862100000001,0.35123199249999998,0.098304003500000001,0.032191999250000006,0.019455999099999999,12.957183349999999,7.3840639600000006,12.399616200000001,4.2910718899999996,0.45824000200000004,13.941247950000001,15.117311949999999,36.413440700000002,0.024576000899999999,4491929,591.04328947368413,10.359768448285994,4500,467016.5,0,0,0,0,0
64,5,1,S2,S2,k64_pair05_o1_S2,6958624016041c5aa3998d5804b10b841860e8bb003b4ab890a0773d864c1088,84.712959299999994,0.35020799950000003,0.098304003500000001,0.03225599975,0.10188799749999999,12.961279900000001,0.98099201899999999,12.399616200000001,4.2900478849999999,0.46796798699999997,2.0362240050000002,14.9862404,35.951616299999998,0.0255999994,4491929,591.04328947368413,10.359768439254211,4500,467016.5,9856,8,775248.5,0.17256918470454313,85
64,5,2,S1,S1,k64_pair05_o2_S1,6958624016041c5aa3998d5804b10b841860e8bb003b4ab890a0773d864c1088,103.25606500000001,0.38251198799999997,0.098304003500000001,0.032767999899999997,0.0282399999,12.904960150000001,7.4178559750000002,12.39398385,4.2854399650000001,0.45926401,14.24793625,14.79372785,36.385839500000003,0.024576000899999999,4491929,591.04328947368413,10.359768484612269,4500,467016.5,0,0,0,0,0
64,5,3,E2,T2,k64_pair05_o3_E2,6958624016041c5aa3998d5804b10b841860e8bb003b4ab890a0773d864c1088,87.258621199999993,0.35636799050000001,0.098304003500000001,0.032767999899999997,0.47104001000000001,14.92224025,1.0941439850000001,12.392448399999999,4.2864639750000002,0.46796798699999997,2.0152320850000001,14.904831900000001,36.336128250000002,0.024576000899999999,4491929,591.04328947368413,10.359768448531707,4500,467016.5,9856,8,775248.5,0.17256918470454313,85
64,5,4,E1,T1,k64_pair05_o4_E1,6958624016041c5aa3998d5804b10b841860e8bb003b4ab890a0773d864c1088,107.4094085,0.37990400199999996,0.099327996399999993,0.032767999899999997,0.46236799649999999,15.04409555,9.5293440800000013,12.396544499999999,4.2977278200000004,0.460288003,14.08563185,14.99699165,35.932670599999994,0.024576000899999999,4491929,591.04328947368413,10.359768448230763,4500,467016.5,0,0,0,0,0
