factor,initial_target_cell_particles,state,manuscript_state,stage,processes,median_process_time_ms
1,11000,E1,T1,total_ms,5,24.899583849999999
1,11000,E1,T1,gas_flux_ms,5,0.3430400045
1,11000,E1,T1,eulerian_coupling_ms,5,0.099327996399999993
1,11000,E1,T1,injection_ms,5,0.03273599965
1,11000,E1,T1,bin_pre_ms,5,0.37785598599999998
1,11000,E1,T1,pressure_pre_ms,5,1.54316801
1,11000,E1,T1,collision_pool_ms,5,0.803327978
1,11000,E1,T1,relax_ms,5,10.392576250000001
1,11000,E1,T1,track_ms,5,3.826688055
1,11000,E1,T1,bin_post_ms,5,0.373760015
1,11000,E1,T1,moments_ms,5,1.5728639950000001
1,11000,E1,T1,pressure_post_ms,5,1.52224004
1,11000,E1,T1,compaction_ms,5,3.9459840050000001
1,11000,E1,T1,boundary_ms,5,0.024576000899999999
1,11000,E2,T2,total_ms,5,25.319424650000002
1,11000,E2,T2,gas_flux_ms,5,0.36966399849999998
1,11000,E2,T2,eulerian_coupling_ms,5,0.098336000000000007
1,11000,E2,T2,injection_ms,5,0.032767999899999997
1,11000,E2,T2,bin_pre_ms,5,0.38604798899999998
1,11000,E2,T2,pressure_pre_ms,5,1.5406080499999999
1,11000,E2,T2,collision_pool_ms,5,0.96716800300000005
1,11000,E2,T2,relax_ms,5,10.395648
1,11000,E2,T2,track_ms,5,3.850752
1,11000,E2,T2,bin_post_ms,5,0.37990400200000002
1,11000,E2,T2,moments_ms,5,1.8078720000000001
1,11000,E2,T2,pressure_post_ms,5,1.5201280150000001
1,11000,E2,T2,compaction_ms,5,3.9480320249999998
1,11000,E2,T2,boundary_ms,5,0.024576000899999999
1,11000,S1,S1,total_ms,5,24.44236755
1,11000,S1,S1,gas_flux_ms,5,0.34918399150000001
1,11000,S1,S1,eulerian_coupling_ms,5,0.101375997
1,11000,S1,S1,injection_ms,5,0.032767999899999997
1,11000,S1,S1,bin_pre_ms,5,0.019455999099999999
1,11000,S1,S1,pressure_pre_ms,5,1.476464035
1,11000,S1,S1,collision_pool_ms,5,0.72806400100000002
1,11000,S1,S1,relax_ms,5,10.399744
1,11000,S1,S1,track_ms,5,3.8297599550000001
1,11000,S1,S1,bin_post_ms,5,0.37171199900000002
1,11000,S1,S1,moments_ms,5,1.5687680249999998
1,11000,S1,S1,pressure_post_ms,5,1.519104005
1,11000,S1,S1,compaction_ms,5,3.9567360900000002
1,11000,S1,S1,boundary_ms,5,0.024576000899999999
1,11000,S2,S2,total_ms,5,24.830975550000002
1,11000,S2,S2,gas_flux_ms,5,0.33894400299999999
1,11000,S2,S2,eulerian_coupling_ms,5,0.099327996399999993
1,11000,S2,S2,injection_ms,5,0.032767999899999997
1,11000,S2,S2,bin_pre_ms,5,0.09625600275
1,11000,S2,S2,pressure_pre_ms,5,1.47761601
1,11000,S2,S2,collision_pool_ms,5,0.8683519959999999
1,11000,S2,S2,relax_ms,5,10.3946238
1,11000,S2,S2,track_ms,5,3.8369280100000003
1,11000,S2,S2,bin_post_ms,5,0.37990400200000002
1,11000,S2,S2,moments_ms,5,1.8032640199999999
1,11000,S2,S2,pressure_post_ms,5,1.51961601
1,11000,S2,S2,compaction_ms,5,3.9372799399999998
1,11000,S2,S2,boundary_ms,5,0.025088000149999998
2,22000,E1,T1,total_ms,5,25.31430435
2,22000,E1,T1,gas_flux_ms,5,0.373264015
2,22000,E1,T1,eulerian_coupling_ms,5,0.099327996399999993
2,22000,E1,T1,injection_ms,5,0.032767999899999997
2,22000,E1,T1,bin_pre_ms,5,0.38092800999999998
2,22000,E1,T1,pressure_pre_ms,5,1.5575040599999999
2,22000,E1,T1,collision_pool_ms,5,0.83046400499999995
2,22000,E1,T1,relax_ms,5,10.427903650000001
2,22000,E1,T1,track_ms,5,3.8353919950000002
2,22000,E1,T1,bin_post_ms,5,0.37478399299999998
2,22000,E1,T1,moments_ms,5,1.5621119750000001
2,22000,E1,T1,pressure_post_ms,5,1.531391975
2,22000,E1,T1,compaction_ms,5,4.2101759899999998
2,22000,E1,T1,boundary_ms,5,0.024576000899999999
2,22000,E2,T2,total_ms,5,25.640447600000002
2,22000,E2,T2,gas_flux_ms,5,0.351743996
2,22000,E2,T2,eulerian_coupling_ms,5,0.099327996399999993
2,22000,E2,T2,injection_ms,5,0.032767999899999997
2,22000,E2,T2,bin_pre_ms,5,0.38912001299999999
2,22000,E2,T2,pressure_pre_ms,5,1.5580159999999998
2,22000,E2,T2,collision_pool_ms,5,0.97023999699999997
2,22000,E2,T2,relax_ms,5,10.427391999999999
2,22000,E2,T2,track_ms,5,3.8420479299999997
2,22000,E2,T2,bin_post_ms,5,0.38195198800000002
2,22000,E2,T2,moments_ms,5,1.8073599950000001
2,22000,E2,T2,pressure_post_ms,5,1.536512015
2,22000,E2,T2,compaction_ms,5,4.2188799399999999
2,22000,E2,T2,boundary_ms,5,0.024576000899999999
2,22000,S1,S1,total_ms,5,24.761856049999999
2,22000,S1,S1,gas_flux_ms,5,0.35123200700000001
2,22000,S1,S1,eulerian_coupling_ms,5,0.099327996399999993
2,22000,S1,S1,injection_ms,5,0.032287999999999997
2,22000,S1,S1,bin_pre_ms,5,0.019455999099999999
2,22000,S1,S1,pressure_pre_ms,5,1.48683202
2,22000,S1,S1,collision_pool_ms,5,0.73728001099999996
2,22000,S1,S1,relax_ms,5,10.42585615
2,22000,S1,S1,track_ms,5,3.8287360650000002
2,22000,S1,S1,bin_post_ms,5,0.373760015
2,22000,S1,S1,moments_ms,5,1.5636479849999998
2,22000,S1,S1,pressure_post_ms,5,1.536512015
2,22000,S1,S1,compaction_ms,5,4.2152960299999993
2,22000,S1,S1,boundary_ms,5,0.024576000899999999
2,22000,S2,S2,total_ms,5,25.208832749999999
2,22000,S2,S2,gas_flux_ms,5,0.33484800149999999
2,22000,S2,S2,eulerian_coupling_ms,5,0.098304003500000001
2,22000,S2,S2,injection_ms,5,0.032767999899999997
2,22000,S2,S2,bin_pre_ms,5,0.094208002050000003
2,22000,S2,S2,pressure_pre_ms,5,1.494528055
2,22000,S2,S2,collision_pool_ms,5,0.86886400000000008
2,22000,S2,S2,relax_ms,5,10.426447849999999
2,22000,S2,S2,track_ms,5,3.8292480700000002
2,22000,S2,S2,bin_post_ms,5,0.38195198800000002
2,22000,S2,S2,moments_ms,5,1.8068479900000001
2,22000,S2,S2,pressure_post_ms,5,1.5303679699999999
2,22000,S2,S2,compaction_ms,5,4.2096641049999999
2,22000,S2,S2,boundary_ms,5,0.02513599955
4,44000,E1,T1,total_ms,5,27.810303699999999
4,44000,E1,T1,gas_flux_ms,5,0.32716800299999999
4,44000,E1,T1,eulerian_coupling_ms,5,0.098304003500000001
4,44000,E1,T1,injection_ms,5,0.032767999899999997
4,44000,E1,T1,bin_pre_ms,5,0.38195198800000002
4,44000,E1,T1,pressure_pre_ms,5,1.9875840550000001
4,44000,E1,T1,collision_pool_ms,5,1.11411196
4,44000,E1,T1,relax_ms,5,10.490880050000001
4,44000,E1,T1,track_ms,5,3.83643198
4,44000,E1,T1,bin_post_ms,5,0.376832008
4,44000,E1,T1,moments_ms,5,1.8135039799999999
4,44000,E1,T1,pressure_post_ms,5,1.9743359700000001
4,44000,E1,T1,compaction_ms,5,5.261823895
4,44000,E1,T1,boundary_ms,5,0.024576000899999999
4,44000,E2,T2,total_ms,5,27.671039550000003
4,44000,E2,T2,gas_flux_ms,5,0.34918400650000003
4,44000,E2,T2,eulerian_coupling_ms,5,0.098304003500000001
4,44000,E2,T2,injection_ms,5,0.032767999899999997
4,44000,E2,T2,bin_pre_ms,5,0.39014399100000002
4,44000,E2,T2,pressure_pre_ms,5,1.9778559800000002
4,44000,E2,T2,collision_pool_ms,5,0.97023999699999997
4,44000,E2,T2,relax_ms,5,10.488832499999999
4,44000,E2,T2,track_ms,5,3.8349440100000001
4,44000,E2,T2,bin_post_ms,5,0.38451200699999999
4,44000,E2,T2,moments_ms,5,1.8073599950000001
4,44000,E2,T2,pressure_post_ms,5,1.9691520300000001
4,44000,E2,T2,compaction_ms,5,5.2828159350000004
4,44000,E2,T2,boundary_ms,5,0.024576000899999999
4,44000,S1,S1,total_ms,5,27.2209921
4,44000,S1,S1,gas_flux_ms,5,0.34764800949999997
4,44000,S1,S1,eulerian_coupling_ms,5,0.099327996399999993
4,44000,S1,S1,injection_ms,5,0.032767999899999997
4,44000,S1,S1,bin_pre_ms,5,0.019455999099999999
4,44000,S1,S1,pressure_pre_ms,5,1.8590720300000001
4,44000,S1,S1,collision_pool_ms,5,0.95743998850000001
4,44000,S1,S1,relax_ms,5,10.4888482
4,44000,S1,S1,track_ms,5,3.8348801099999998
4,44000,S1,S1,bin_post_ms,5,0.37632000450000003
4,44000,S1,S1,moments_ms,5,1.799679995
4,44000,S1,S1,pressure_post_ms,5,1.9758080200000001
4,44000,S1,S1,compaction_ms,5,5.2587521050000001
4,44000,S1,S1,boundary_ms,5,0.024576000899999999
4,44000,S2,S2,total_ms,5,27.210240349999999
4,44000,S2,S2,gas_flux_ms,5,0.33587199400000001
4,44000,S2,S2,eulerian_coupling_ms,5,0.098304003500000001
4,44000,S2,S2,injection_ms,5,0.03225599975
4,44000,S2,S2,bin_pre_ms,5,0.099328000249999993
4,44000,S2,S2,pressure_pre_ms,5,1.8657280250000001
4,44000,S2,S2,collision_pool_ms,5,0.87244802700000001
4,44000,S2,S2,relax_ms,5,10.489344150000001
4,44000,S2,S2,track_ms,5,3.8328321000000001
4,44000,S2,S2,bin_post_ms,5,0.38451200699999999
4,44000,S2,S2,moments_ms,5,1.8078719950000002
4,44000,S2,S2,pressure_post_ms,5,1.9681440000000001
4,44000,S2,S2,compaction_ms,5,5.2444160000000002
4,44000,S2,S2,boundary_ms,5,0.0255999994
8,88000,E1,T1,total_ms,5,33.066495900000007
8,88000,E1,T1,gas_flux_ms,5,0.36096000699999997
8,88000,E1,T1,eulerian_coupling_ms,5,0.098304003500000001
8,88000,E1,T1,injection_ms,5,0.032767999899999997
8,88000,E1,T1,bin_pre_ms,5,0.38604798899999998
8,88000,E1,T1,pressure_pre_ms,5,2.8308479800000002
8,88000,E1,T1,collision_pool_ms,5,1.6732159850000001
8,88000,E1,T1,relax_ms,5,10.614799999999999
8,88000,E1,T1,track_ms,5,3.8604800699999999
8,88000,E1,T1,bin_post_ms,5,0.38297599599999999
8,88000,E1,T1,moments_ms,5,2.6179039450000001
8,88000,E1,T1,pressure_post_ms,5,2.804224015
8,88000,E1,T1,compaction_ms,5,7.2898559600000006
8,88000,E1,T1,boundary_ms,5,0.024576000899999999
8,88000,E2,T2,total_ms,5,31.691263200000002
8,88000,E2,T2,gas_flux_ms,5,0.35328000799999998
8,88000,E2,T2,eulerian_coupling_ms,5,0.098304003500000001
8,88000,E2,T2,injection_ms,5,0.032624000649999998
8,88000,E2,T2,bin_pre_ms,5,0.395264
8,88000,E2,T2,pressure_pre_ms,5,2.8349440100000001
8,88000,E2,T2,collision_pool_ms,5,0.98048001499999993
8,88000,E2,T2,relax_ms,5,10.616319650000001
8,88000,E2,T2,track_ms,5,3.86099207
8,88000,E2,T2,bin_post_ms,5,0.38963200200000003
8,88000,E2,T2,moments_ms,5,1.8252800100000002
8,88000,E2,T2,pressure_post_ms,5,2.8001279800000001
8,88000,E2,T2,compaction_ms,5,7.2657918949999996
8,88000,E2,T2,boundary_ms,5,0.024576000899999999
8,88000,S1,S1,total_ms,5,32.33535955
8,88000,S1,S1,gas_flux_ms,5,0.36710400899999995
8,88000,S1,S1,eulerian_coupling_ms,5,0.098304003500000001
8,88000,S1,S1,injection_ms,5,0.032767999899999997
8,88000,S1,S1,bin_pre_ms,5,0.019967999299999997
8,88000,S1,S1,pressure_pre_ms,5,2.57536006
8,88000,S1,S1,collision_pool_ms,5,1.3829120399999999
8,88000,S1,S1,relax_ms,5,10.61836815
8,88000,S1,S1,track_ms,5,3.8599680649999999
8,88000,S1,S1,bin_post_ms,5,0.38246399200000003
8,88000,S1,S1,moments_ms,5,2.61222398
8,88000,S1,S1,pressure_post_ms,5,2.8160001050000001
8,88000,S1,S1,compaction_ms,5,7.2826879
8,88000,S1,S1,boundary_ms,5,0.024576000899999999
8,88000,S2,S2,total_ms,5,31.089664450000001
8,88000,S2,S2,gas_flux_ms,5,0.35123199199999999
8,88000,S2,S2,eulerian_coupling_ms,5,0.098815999949999997
8,88000,S2,S2,injection_ms,5,0.032767999899999997
8,88000,S2,S2,bin_pre_ms,5,0.093311999000000007
8,88000,S2,S2,pressure_pre_ms,5,2.5733120400000002
8,88000,S2,S2,collision_pool_ms,5,0.87961599199999996
8,88000,S2,S2,relax_ms,5,10.615295850000001
8,88000,S2,S2,track_ms,5,3.8584320549999997
8,88000,S2,S2,bin_post_ms,5,0.39014399100000002
8,88000,S2,S2,moments_ms,5,1.820160035
8,88000,S2,S2,pressure_post_ms,5,2.800127985
8,88000,S2,S2,compaction_ms,5,7.2831997899999994
8,88000,S2,S2,boundary_ms,5,0.024607999299999999
16,176000,E1,T1,total_ms,5,43.715072649999996
16,176000,E1,T1,gas_flux_ms,5,0.37529601150000003
16,176000,E1,T1,eulerian_coupling_ms,5,0.098304003500000001
16,176000,E1,T1,injection_ms,5,0.032767999899999997
16,176000,E1,T1,bin_pre_ms,5,0.39731198499999998
16,176000,E1,T1,pressure_pre_ms,5,4.5593597900000002
16,176000,E1,T1,collision_pool_ms,5,2.816511985
16,176000,E1,T1,relax_ms,5,10.867199899999999
16,176000,E1,T1,track_ms,5,3.9306240099999998
16,176000,E1,T1,bin_post_ms,5,0.395264
16,176000,E1,T1,moments_ms,5,4.2772641199999999
16,176000,E1,T1,pressure_post_ms,5,4.5214719750000008
16,176000,E1,T1,compaction_ms,5,11.372543799999999
16,176000,E1,T1,boundary_ms,5,0.024576000899999999
16,176000,E2,T2,total_ms,5,39.506431599999999
16,176000,E2,T2,gas_flux_ms,5,0.36403200050000001
16,176000,E2,T2,eulerian_coupling_ms,5,0.098304003500000001
16,176000,E2,T2,injection_ms,5,0.032767999899999997
16,176000,E2,T2,bin_pre_ms,5,0.406527996
16,176000,E2,T2,pressure_pre_ms,5,4.6151678549999993
16,176000,E2,T2,collision_pool_ms,5,0.99225598599999998
16,176000,E2,T2,relax_ms,5,10.8687358
16,176000,E2,T2,track_ms,5,3.9311360149999999
16,176000,E2,T2,bin_post_ms,5,0.40243199499999999
16,176000,E2,T2,moments_ms,5,1.8380800500000001
16,176000,E2,T2,pressure_post_ms,5,4.530175925
16,176000,E2,T2,compaction_ms,5,11.35923195
16,176000,E2,T2,boundary_ms,5,0.024576000899999999
16,176000,S1,S1,total_ms,5,42.170368199999999
16,176000,S1,S1,gas_flux_ms,5,0.35686400500000004
16,176000,S1,S1,eulerian_coupling_ms,5,0.098304003500000001
16,176000,S1,S1,injection_ms,5,0.032767999899999997
16,176000,S1,S1,bin_pre_ms,5,0.035328000799999995
16,176000,S1,S1,pressure_pre_ms,5,4.0478718249999996
16,176000,S1,S1,collision_pool_ms,5,2.2476800699999999
16,176000,S1,S1,relax_ms,5,10.8697596
16,176000,S1,S1,track_ms,5,3.9296000050000002
16,176000,S1,S1,bin_post_ms,5,0.39423999199999998
16,176000,S1,S1,moments_ms,5,4.218368055
16,176000,S1,S1,pressure_post_ms,5,4.5071361049999998
16,176000,S1,S1,compaction_ms,5,11.4119682
16,176000,S1,S1,boundary_ms,5,0.024576000899999999
16,176000,S2,S2,total_ms,5,38.841856
16,176000,S2,S2,gas_flux_ms,5,0.38041599100000001
16,176000,S2,S2,eulerian_coupling_ms,5,0.098304003500000001
16,176000,S2,S2,injection_ms,5,0.032767999899999997
16,176000,S2,S2,bin_pre_ms,5,0.104959998
16,176000,S2,S2,pressure_pre_ms,5,4.0949759449999998
16,176000,S2,S2,collision_pool_ms,5,0.89139199250000001
16,176000,S2,S2,relax_ms,5,10.86822415
16,176000,S2,S2,track_ms,5,3.9331839100000003
16,176000,S2,S2,bin_post_ms,5,0.40243199499999999
16,176000,S2,S2,moments_ms,5,1.8391039949999999
16,176000,S2,S2,pressure_post_ms,5,4.5194239600000001
16,176000,S2,S2,compaction_ms,5,11.425280050000001
16,176000,S2,S2,boundary_ms,5,0.02468799985
32,352000,E1,T1,total_ms,5,65.112575550000003
32,352000,E1,T1,gas_flux_ms,5,0.371199995
32,352000,E1,T1,eulerian_coupling_ms,5,0.098304003500000001
32,352000,E1,T1,injection_ms,5,0.032767999899999997
32,352000,E1,T1,bin_pre_ms,5,0.42086398600000002
32,352000,E1,T1,pressure_pre_ms,5,8.0614399900000002
32,352000,E1,T1,collision_pool_ms,5,5.0775041549999997
32,352000,E1,T1,relax_ms,5,11.379200000000001
32,352000,E1,T1,track_ms,5,4.0483839499999998
32,352000,E1,T1,bin_post_ms,5,0.41881600000000002
32,352000,E1,T1,moments_ms,5,7.50080013
32,352000,E1,T1,pressure_post_ms,5,7.9513597499999999
32,352000,E1,T1,compaction_ms,5,19.914752
32,352000,E1,T1,boundary_ms,5,0.024576000899999999
32,352000,E2,T2,total_ms,5,55.5345917
32,352000,E2,T2,gas_flux_ms,5,0.35737599450000002
32,352000,E2,T2,eulerian_coupling_ms,5,0.098847996450000003
32,352000,E2,T2,injection_ms,5,0.032767999899999997
32,352000,E2,T2,bin_pre_ms,5,0.43007999699999999
32,352000,E2,T2,pressure_pre_ms,5,8.0977921500000001
32,352000,E2,T2,collision_pool_ms,5,1.0275839549999999
32,352000,E2,T2,relax_ms,5,11.381759600000001
32,352000,E2,T2,track_ms,5,4.0509440899999998
32,352000,E2,T2,bin_post_ms,5,0.42905598900000003
32,352000,E2,T2,moments_ms,5,1.89132798
32,352000,E2,T2,pressure_post_ms,5,8.0025601399999999
32,352000,E2,T2,compaction_ms,5,19.80006405
32,352000,E2,T2,boundary_ms,5,0.024576000899999999
32,352000,S1,S1,total_ms,5,62.439392050000002
32,352000,S1,S1,gas_flux_ms,5,0.3548160045
32,352000,S1,S1,eulerian_coupling_ms,5,0.098368000250000004
32,352000,S1,S1,injection_ms,5,0.032767999899999997
32,352000,S1,S1,bin_pre_ms,5,0.019455999099999999
32,352000,S1,S1,pressure_pre_ms,5,6.9616639649999996
32,352000,S1,S1,collision_pool_ms,5,3.92703998
32,352000,S1,S1,relax_ms,5,11.380784050000001
32,352000,S1,S1,track_ms,5,4.0468480600000003
32,352000,S1,S1,bin_post_ms,5,0.417791992
32,352000,S1,S1,moments_ms,5,7.4475519700000001
32,352000,S1,S1,pressure_post_ms,5,7.9764478199999997
32,352000,S1,S1,compaction_ms,5,19.7422085
32,352000,S1,S1,boundary_ms,5,0.024576000899999999
32,352000,S2,S2,total_ms,5,54.288896550000004
32,352000,S2,S2,gas_flux_ms,5,0.37324801099999999
32,352000,S2,S2,eulerian_coupling_ms,5,0.098304003500000001
32,352000,S2,S2,injection_ms,5,0.032767999899999997
32,352000,S2,S2,bin_pre_ms,5,0.104543999
32,352000,S2,S2,pressure_pre_ms,5,7.0128638750000007
32,352000,S2,S2,collision_pool_ms,5,0.92108798000000003
32,352000,S2,S2,relax_ms,5,11.38176015
32,352000,S2,S2,track_ms,5,4.0504319649999996
32,352000,S2,S2,bin_post_ms,5,0.42905598900000003
32,352000,S2,S2,moments_ms,5,1.8979840299999999
32,352000,S2,S2,pressure_post_ms,5,7.9959361549999999
32,352000,S2,S2,compaction_ms,5,19.9137287
32,352000,S2,S2,boundary_ms,5,0.025088000149999998
64,704000,E1,T1,total_ms,5,107.954689
64,704000,E1,T1,gas_flux_ms,5,0.37331199650000002
64,704000,E1,T1,eulerian_coupling_ms,5,0.099327996399999993
64,704000,E1,T1,injection_ms,5,0.032767999899999997
64,704000,E1,T1,bin_pre_ms,5,0.46284799300000001
64,704000,E1,T1,pressure_pre_ms,5,15.027711849999999
64,704000,E1,T1,collision_pool_ms,5,9.5293440800000013
64,704000,E1,T1,relax_ms,5,12.396544499999999
64,704000,E1,T1,track_ms,5,4.2915840149999998
64,704000,E1,T1,bin_post_ms,5,0.45977601400000001
64,704000,E1,T1,moments_ms,5,14.2740483
64,704000,E1,T1,pressure_post_ms,5,14.97292805
64,704000,E1,T1,compaction_ms,5,36.43289755
64,704000,E1,T1,boundary_ms,5,0.024576000899999999
64,704000,E2,T2,total_ms,5,87.647182450000003
64,704000,E2,T2,gas_flux_ms,5,0.35737599450000002
64,704000,E2,T2,eulerian_coupling_ms,5,0.098304003500000001
64,704000,E2,T2,injection_ms,5,0.032767999899999997
64,704000,E2,T2,bin_pre_ms,5,0.47206398799999999
64,704000,E2,T2,pressure_pre_ms,5,15.073279849999999
64,704000,E2,T2,collision_pool_ms,5,1.0926079799999999
64,704000,E2,T2,relax_ms,5,12.39807985
64,704000,E2,T2,track_ms,5,4.2864639750000002
64,704000,E2,T2,bin_post_ms,5,0.46796798699999997
64,704000,E2,T2,moments_ms,5,2.02704
64,704000,E2,T2,pressure_post_ms,5,14.9386239
64,704000,E2,T2,compaction_ms,5,36.429822950000002
64,704000,E2,T2,boundary_ms,5,0.024576000899999999
64,704000,S1,S1,total_ms,5,103.25862100000001
64,704000,S1,S1,gas_flux_ms,5,0.35739199799999999
64,704000,S1,S1,eulerian_coupling_ms,5,0.098304003500000001
64,704000,S1,S1,injection_ms,5,0.032767999899999997
64,704000,S1,S1,bin_pre_ms,5,0.020479999499999998
64,704000,S1,S1,pressure_pre_ms,5,12.819327850000001
64,704000,S1,S1,collision_pool_ms,5,7.3630719200000003
64,704000,S1,S1,relax_ms,5,12.398592000000001
64,704000,S1,S1,track_ms,5,4.2880001050000001
64,704000,S1,S1,bin_post_ms,5,0.45875200599999999
64,704000,S1,S1,moments_ms,5,14.244351850000001
64,704000,S1,S1,pressure_post_ms,5,14.973440200000001
64,704000,S1,S1,compaction_ms,5,36.413440700000002
64,704000,S1,S1,boundary_ms,5,0.024576000899999999
64,704000,S2,S2,total_ms,5,85.050880400000011
64,704000,S2,S2,gas_flux_ms,5,0.3620000035
64,704000,S2,S2,eulerian_coupling_ms,5,0.098304003500000001
64,704000,S2,S2,injection_ms,5,0.032767999899999997
64,704000,S2,S2,bin_pre_ms,5,0.103935998
64,704000,S2,S2,pressure_pre_ms,5,12.972383499999999
64,704000,S2,S2,collision_pool_ms,5,0.98099201899999999
64,704000,S2,S2,relax_ms,5,12.399615750000001
64,704000,S2,S2,track_ms,5,4.2910718899999996
64,704000,S2,S2,bin_post_ms,5,0.46847999099999998
64,704000,S2,S2,moments_ms,5,2.0270079399999998
64,704000,S2,S2,pressure_post_ms,5,14.9719038
64,704000,S2,S2,compaction_ms,5,36.243967050000002
64,704000,S2,S2,boundary_ms,5,0.0255999994
