multiplier,particle_count_initial,repeat,state,total_ms,gas_flux_ms,eulerian_coupling_ms,injection_ms,bin_pre_ms,pressure_pre_ms,collision_pool_ms,relax_ms,track_ms,bin_post_ms,moments_ms,pressure_post_ms,compaction_ms,boundary_ms,particle_count,base_particle_count,injected_particle_count,removed_particle_count,injection_fraction,occupancy_cv,occupancy_i2,occupancy_p99,occupancy_max,heavy_cell_fraction,heavy_particle_fraction,heavy_task_count_estimate
1,7581,1,L0,1.497215985,0.475135997,0.157695994,0.0071680001,0.0,0.256511986,0.103423998,0.0583680011,0.0501759984,0.0,0.0348160006,0.254976004,0.0245760009,0.02982400075,7588.0,7588.0,0.0,0.0,0.0,1.976755874180426,4.907564188732463,9.0,23.0,0.0,0.0,0.0
1,7581,2,L0,1.50425601,0.4766720085,0.15772799399999998,0.0071680001,0.0,0.256512001,0.103423998,0.0583680011,0.0501759984,0.0,0.0348160006,0.2544640005,0.0245760009,0.03486400095,7588.0,7588.0,0.0,0.0,0.0,1.976755874180426,4.907564188732463,9.0,23.0,0.0,0.0,0.0
1,7581,3,L0,1.484287975,0.4638720005,0.157695994,0.0071680001,0.0,0.255487993,0.1029119975,0.0573440008,0.048127999549999995,0.0,0.0348160006,0.250880003,0.0245760009,0.027136000799999997,7588.0,7588.0,0.0,0.0,0.0,1.976755874180426,4.907564188732463,9.0,23.0,0.0,0.0,0.0
1,7581,4,L0,1.44435197,0.456703991,0.157695994,0.0071680001,0.0,0.255999982,0.1029119975,0.0573440008,0.0486399997,0.0,0.0348160006,0.218111999,0.0225280002,0.033792000249999996,7588.0,7588.0,0.0,0.0,0.0,1.976755874180426,4.907564188732463,9.0,23.0,0.0,0.0,0.0
1,7581,5,L0,1.4878720049999998,0.4689919945,0.157695994,0.0071680001,0.0,0.255487993,0.103423998,0.0573440008,0.0476159994,0.0,0.0348160006,0.249855995,0.0245760009,0.027136000799999997,7588.0,7588.0,0.0,0.0,0.0,1.976755874180426,4.907564188732463,9.0,23.0,0.0,0.0,0.0
1,7581,1,L1,4.575743915,0.359935999,0.115712002,0.00614400022,0.0513119996,1.241600035,0.388096005,0.0430079997,0.0368640013,0.0194559991,0.965663999,1.23801601,0.0675840005,0.0184320007,7588.0,7588.0,0.0,0.0,0.0,1.976755874180426,4.907564188732463,9.0,23.0,0.0,0.0,0.0
1,7581,2,L1,4.548527955,0.345088005,0.11526400249999999,0.00614400022,0.0460800007,1.23955202,0.38809600499999997,0.0419839993,0.0368640013,0.0194559991,0.961023986,1.236479995,0.0675840005,0.0184320007,7588.0,7588.0,0.0,0.0,0.0,1.976755874180426,4.907564188732463,9.0,23.0,0.0,0.0,0.0
1,7581,3,L1,4.572160005,0.346112013,0.114688002,0.00614400022,0.048640001550000006,1.240032015,0.387071997,0.0419839993,0.0368640013,0.0194559991,0.9599999785,1.236992,0.0675840005,0.0184320007,7588.0,7588.0,0.0,0.0,0.0,1.976755874180426,4.907564188732463,9.0,23.0,0.0,0.0,0.0
1,7581,4,L1,4.54246402,0.3481599985,0.115712002,0.00614400022,0.04203199965,1.23955202,0.387071997,0.0419839993,0.0368640013,0.0189439999,0.958464026,1.236992,0.0675840005,0.0184320007,7588.0,7588.0,0.0,0.0,0.0,1.976755874180426,4.907564188732463,9.0,23.0,0.0,0.0,0.0
1,7581,5,L1,4.53631997,0.343039989,0.115712002,0.00614400022,0.0419839993,1.23904002,0.386559993,0.0419839993,0.0368640013,0.0184320007,0.9579520225,1.236992,0.0675840005,0.0184320007,7588.0,7588.0,0.0,0.0,0.0,1.976755874180426,4.907564188732463,9.0,23.0,0.0,0.0,0.0
1,7581,1,E1,4.55884814,0.3481599985,0.115712002,0.00614400022,0.049280000850000005,1.240576025,0.387071997,0.0419839993,0.0368640013,0.0194559991,0.965632021,1.236992,0.0675840005,0.0184320007,7588.0,7588.0,0.0,0.0,0.0,1.976755874180426,4.907564188732463,9.0,23.0,0.0,0.0,0.0
1,7581,2,E1,4.5445118,0.338431999,0.115712002,0.00614400022,0.04556800055,1.23801601,0.388096005,0.0419839993,0.0368640013,0.0194559991,0.960511982,1.236479995,0.0675840005,0.0184320007,7588.0,7588.0,0.0,0.0,0.0,1.976755874180426,4.907564188732463,9.0,23.0,0.0,0.0,0.0
1,7581,3,E1,4.563440085,0.343551993,0.115712002,0.00614400022,0.04710400105,1.24006402,0.388096005,0.0420479998,0.0368640013,0.0194559991,0.963584006,1.237504005,0.0675840005,0.0184320007,7588.0,7588.0,0.0,0.0,0.0,1.976755874180426,4.907564188732463,9.0,23.0,0.0,0.0,0.0
1,7581,4,E1,4.55420804,0.3436320125,0.114688002,0.00614400022,0.0488000009,1.23801601,0.387584001,0.0419839993,0.0368640013,0.0194559991,0.9605119825,1.236064015,0.0675840005,0.0184320007,7588.0,7588.0,0.0,0.0,0.0,1.976755874180426,4.907564188732463,9.0,23.0,0.0,0.0,0.0
1,7581,5,E1,4.571135995000001,0.35379199699999997,0.115712002,0.00614400022,0.0476160012,1.245696065,0.38963200200000003,0.04256,0.03692799995,0.0194559991,0.9651200175,1.242624045,0.0675840005,0.0184320007,7588.0,7588.0,0.0,0.0,0.0,1.976755874180426,4.907564188732463,9.0,23.0,0.0,0.0,0.0
1,7581,1,S1,4.5808639499999995,0.356864005,0.115712002,0.00614400022,0.049168,1.2523520000000001,0.38915200549999995,0.0419839993,0.0368640013,0.0194559991,0.963584006,1.23904002,0.0696320012,0.0189439999,7588.0,7588.0,0.0,0.0,0.0,1.976755874180426,4.907564188732463,9.0,23.0,0.0,0.0,0.0
1,7581,2,S1,4.58191991,0.357376009,0.115712002,0.00614400022,0.0460800007,1.25030398,0.388096005,0.04211200025,0.0368640013,0.0184320007,0.960511982,1.23652798,0.0696320012,0.0184320007,7588.0,7588.0,0.0,0.0,0.0,1.976755874180426,4.907564188732463,9.0,23.0,0.0,0.0,0.0
1,7581,3,S1,4.60390401,0.359935999,0.115712002,0.00614400022,0.0491999984,1.251839995,0.38860800900000003,0.0419839993,0.0368640013,0.0194559991,0.9641759995,1.236992,0.0696320012,0.0189919993,7588.0,7588.0,0.0,0.0,0.0,1.976755874180426,4.907564188732463,9.0,23.0,0.0,0.0,0.0
1,7581,4,S1,4.59008002,0.360447988,0.115200002,0.00614400022,0.052912000550000005,1.2538880099999998,0.39019200200000004,0.0419839993,0.0373760015,0.0194559991,0.962047994,1.239040015,0.0696320012,0.0184480008,7588.0,7588.0,0.0,0.0,0.0,1.976755874180426,4.907564188732463,9.0,23.0,0.0,0.0,0.0
1,7581,5,S1,4.590080025000001,0.35686399049999995,0.115712002,0.00614400022,0.0491519999,1.257984045,0.39270401,0.04201599955,0.0368640013,0.0184959993,0.9630720020000001,1.244672,0.0696800016,0.0184320007,7588.0,7588.0,0.0,0.0,0.0,1.976755874180426,4.907564188732463,9.0,23.0,0.0,0.0,0.0
10,75810,1,L0,1.67219198,0.3563520015,0.115712002,0.0133119998,0.0,0.27443200349999997,0.227328002,0.1551359965,0.09881599995,0.0,0.0552960001,0.2724319995,0.0389119983,0.0215039998,75970.0,75969.5,1.0,0.0,1.3167684035200852e-05,1.9752124248918839,4.901464453921517,90.0,230.0,0.0,0.0,0.0
10,75810,2,L0,1.7326079600000002,0.38553600050000003,0.115712002,0.0128000001,0.0,0.2749439775,0.227328002,0.154624,0.09983999669999999,0.0,0.0563200004,0.27289599200000003,0.0378880017,0.0266239997,75970.0,75969.5,1.0,0.0,1.3167684035200852e-05,1.9752124248918839,4.901464453921517,90.0,230.0,0.0,0.0,0.0
10,75810,3,L0,1.73020804,0.3998720045,0.116736002,0.0133119998,0.0,0.275968,0.227328002,0.155151993,0.0983040035,0.0,0.0547839999,0.273440003,0.0378880017,0.0266239997,75970.0,75969.5,1.0,0.0,1.3167684035200852e-05,1.9752124248918839,4.901464453921517,90.0,230.0,0.0,0.0,0.0
10,75810,4,L0,1.7290399650000001,0.3942400065,0.116736002,0.0128000001,0.0,0.27639998499999996,0.22684799849999998,0.155647993,0.0993279964,0.0,0.0542719997,0.27289599200000003,0.0378880017,0.0266239997,75970.0,75969.5,1.0,0.0,1.3167684035200852e-05,1.9752124248918839,4.901464453921517,90.0,230.0,0.0,0.0,0.0
10,75810,5,L0,1.714688,0.4003999975,0.115712002,0.0133119998,0.0,0.275968015,0.2268159985,0.1551359965,0.0983040035,0.0,0.0542719997,0.273407996,0.0389119983,0.0266239997,75970.0,75969.5,1.0,0.0,1.3167684035200852e-05,1.9752124248918839,4.901464453921517,90.0,230.0,0.0,0.0,0.0
10,75810,1,L1,4.75590396,0.35276800399999997,0.116736002,0.0122880004,0.0378879998,1.25030398,0.397311985,0.153600007,0.103423998,0.0286720004,0.94975999,1.24825597,0.0706560016,0.0204799995,75970.0,75969.5,1.0,0.0,1.3167684035200852e-05,1.9752124248918839,4.901464453921517,90.0,230.0,0.0,0.0,0.0
10,75810,2,L1,4.7534081950000004,0.34150399249999996,0.11622400199999999,0.0122880004,0.0337920003,1.25030398,0.397311985,0.153600007,0.103423998,0.0286720004,0.945151985,1.247743965,0.0706560016,0.0204799995,75970.0,75969.5,1.0,0.0,1.3167684035200852e-05,1.9752124248918839,4.901464453921517,90.0,230.0,0.0,0.0,0.0
10,75810,3,L1,4.782032015,0.35276800399999997,0.116736002,0.0122880004,0.04406400025,1.250815985,0.396336004,0.153600007,0.102959998,0.0286720004,0.954367995,1.24927998,0.06969600175,0.01958400015,75970.0,75969.5,1.0,0.0,1.3167684035200852e-05,1.9752124248918839,4.901464453921517,90.0,230.0,0.0,0.0,0.0
10,75810,4,L1,4.75494409,0.34867200249999997,0.116736002,0.0122880004,0.0297760004,1.25132799,0.397311985,0.153600007,0.104447998,0.0286720004,0.944207996,1.248767975,0.0706560016,0.0204799995,75970.0,75969.5,1.0,0.0,1.3167684035200852e-05,1.9752124248918839,4.901464453921517,90.0,230.0,0.0,0.0,0.0
10,75810,5,L1,4.75297594,0.34201599650000003,0.116736002,0.0122880004,0.03635200115,1.25132799,0.396799996,0.153600007,0.104959998,0.02918400055,0.945151985,1.248319985,0.0706560016,0.0204799995,75970.0,75969.5,1.0,0.0,1.3167684035200852e-05,1.9752124248918839,4.901464453921517,90.0,230.0,0.0,0.0,0.0
10,75810,1,E1,4.766207935000001,0.335871994,0.116736002,0.0133119998,0.0332800001,1.24979198,0.397311985,0.153600007,0.103935998,0.0204799995,0.9722880125,1.248767975,0.0706560016,0.0204799995,75970.0,75969.5,1.0,0.0,1.3167684035200852e-05,1.9752124248918839,4.901464453921517,90.0,230.0,0.0,0.0,0.0
10,75810,2,E1,4.78617597,0.346624002,0.116736002,0.0122880004,0.0431040004,1.2492799749999999,0.397311985,0.153600007,0.103423998,0.0204799995,0.97587201,1.247743965,0.0706560016,0.0204799995,75970.0,75969.5,1.0,0.0,1.3167684035200852e-05,1.9752124248918839,4.901464453921517,90.0,230.0,0.0,0.0,0.0
10,75810,3,E1,4.78822422,0.3353599905,0.116736002,0.0133119998,0.04147199915,1.2522560349999998,0.398335993,0.153600007,0.102399997,0.0204799995,0.9769119915,1.248287975,0.0706560016,0.0204799995,75970.0,75969.5,1.0,0.0,1.3167684035200852e-05,1.9752124248918839,4.901464453921517,90.0,230.0,0.0,0.0,0.0
10,75810,4,E1,4.8322560800000005,0.348159999,0.116736002,0.0128000001,0.0455680005,1.25542402,0.397311985,0.153600007,0.103423998,0.0204799995,0.989695996,1.24927998,0.0706560016,0.0204799995,75970.0,75969.5,1.0,0.0,1.3167684035200852e-05,1.9752124248918839,4.901464453921517,90.0,230.0,0.0,0.0,0.0
10,75810,5,E1,4.79897594,0.3583999875,0.116736002,0.0122880004,0.047103999199999996,1.251839995,0.396336004,0.153600007,0.102399997,0.0204799995,0.9774079920000001,1.248767975,0.0701920018,0.0194559991,75970.0,75969.5,1.0,0.0,1.3167684035200852e-05,1.9752124248918839,4.901464453921517,90.0,230.0,0.0,0.0,0.0
10,75810,1,S1,4.8087039,0.365567997,0.116736002,0.0122880004,0.04049599915,1.263103965,0.397839993,0.153600007,0.103423998,0.0204959996,0.97331202,1.247743965,0.0737280026,0.0204799995,75970.0,75969.5,1.0,0.0,1.3167684035200852e-05,1.9752124248918839,4.901464453921517,90.0,230.0,0.0,0.0,0.0
10,75810,2,S1,4.852736,0.359935999,0.116736002,0.0122880004,0.04403200005,1.2666879899999999,0.397839993,0.152575999,0.1024159975,0.0204799995,0.984063983,1.247743965,0.0727040023,0.0204799995,75970.0,75969.5,1.0,0.0,1.3167684035200852e-05,1.9752124248918839,4.901464453921517,90.0,230.0,0.0,0.0,0.0
10,75810,3,S1,4.820991995,0.360448003,0.116736002,0.0122880004,0.044032,1.26566398,0.3973919895,0.153600007,0.103423998,0.0204799995,0.97587198,1.24723196,0.0737280026,0.0204799995,75970.0,75969.5,1.0,0.0,1.3167684035200852e-05,1.9752124248918839,4.901464453921517,90.0,230.0,0.0,0.0,0.0
10,75810,4,S1,4.79640007,0.360448003,0.116736002,0.01239999985,0.033792000249999996,1.26412797,0.3979039935,0.153088003,0.1029119975,0.0204799995,0.971855998,1.2477439650000002,0.0727040023,0.0195840001,75970.0,75969.5,1.0,0.0,1.3167684035200852e-05,1.9752124248918839,4.901464453921517,90.0,230.0,0.0,0.0,0.0
10,75810,5,S1,4.837888005,0.3732480105,0.115744002,0.0122880004,0.0445440002,1.2666080000000002,0.398335993,0.153600007,0.1029119975,0.0204799995,0.9953279795,1.247743965,0.0737280026,0.0204799995,75970.0,75969.5,1.0,0.0,1.3167684035200852e-05,1.9752124248918839,4.901464453921517,90.0,230.0,0.0,0.0,0.0
100,758100,1,L0,8.15718365,0.3599839955,0.117760003,0.0143360002,0.0,1.24416006,1.822208045,1.40595198,0.669695973,0.0,0.4756799935,1.24620795,0.749567986,0.027648,759775.5,759786.5,17.5,0.0,2.3027118984784416e-05,1.9751044168071326,4.901037800606821,900.0,2300.0,0.007631578947368421,0.1148098180839115,119.0
100,758100,2,L0,8.156672,0.35276800399999997,0.117760003,0.0143360002,0.0,1.24416006,1.82272005,1.405439975,0.6712319849999999,0.0,0.480767995,1.246719955,0.749567986,0.027648,759775.5,759786.5,17.5,0.0,2.3027118984784416e-05,1.9751044168071326,4.901037800606821,900.0,2300.0,0.007631578947368421,0.1148098180839115,119.0
100,758100,3,L0,8.17612791,0.375808001,0.117760003,0.0143360002,0.0,1.246720015,1.82169604,1.405983985,0.668672025,0.0,0.4792960135,1.245695945,0.750591993,0.027648,759775.5,759786.5,17.5,0.0,2.3027118984784416e-05,1.9751044168071326,4.901037800606821,900.0,2300.0,0.007631578947368421,0.1148098180839115,119.0
100,758100,4,L0,8.16179228,0.357376009,0.117760003,0.0143360002,0.0,1.24518406,1.82169604,1.4064639799999998,0.670207977,0.0,0.481792003,1.24620795,0.748543978,0.027648,759775.5,759786.5,17.5,0.0,2.3027118984784416e-05,1.9751044168071326,4.901037800606821,900.0,2300.0,0.007631578947368421,0.1148098180839115,119.0
100,758100,5,L0,8.15769577,0.366592005,0.117760003,0.0143360002,0.0,1.24518406,1.822208045,1.4064639799999998,0.669695973,0.0,0.4782080055,1.245695945,0.74752003,0.0266239997,759775.5,759786.5,17.5,0.0,2.3027118984784416e-05,1.9751044168071326,4.901037800606821,900.0,2300.0,0.007631578947368421,0.1148098180839115,119.0
100,758100,1,L1,8.2114563,0.365567997,0.117760003,0.0143360002,0.186368003,1.37471998,0.439807996,1.4274560200000002,0.824832022,0.183295995,1.16019201,1.37420797,0.692736,0.0266239997,759775.5,759786.5,17.5,0.0,2.3027118984784416e-05,1.9751044168071326,4.901037800606821,900.0,2300.0,0.007631578947368421,0.1148098180839115,119.0
100,758100,2,L1,8.21401596,0.3604799955,0.118784003,0.0143360002,0.185343996,1.375231985,0.441343993,1.43001604,0.8258559999999999,0.1832960025,1.161231995,1.37625599,0.693248004,0.027648,759775.5,759786.5,17.5,0.0,2.3027118984784416e-05,1.9751044168071326,4.901037800606821,900.0,2300.0,0.007631578947368421,0.1148098180839115,119.0
100,758100,3,L1,8.239103790000001,0.37990400199999996,0.118784003,0.0143360002,0.1868799995,1.3747680199999999,0.440319985,1.432063995,0.8289279940000001,0.183807999,1.16121602,1.37625599,0.693247974,0.027135999850000002,759775.5,759786.5,17.5,0.0,2.3027118984784416e-05,1.9751044168071326,4.901037800606821,900.0,2300.0,0.007631578947368421,0.1148098180839115,119.0
100,758100,4,L1,8.223743915,0.3712000105,0.118784003,0.0143360002,0.186368003,1.375743985,0.440319985,1.43155199,0.824831992,0.184320003,1.16121602,1.37625599,0.693247974,0.0266239997,759775.5,759786.5,17.5,0.0,2.3027118984784416e-05,1.9751044168071326,4.901037800606821,900.0,2300.0,0.007631578947368421,0.1148098180839115,119.0
100,758100,5,L1,8.22323179,0.3640320005,0.117760003,0.0143360002,0.1868799995,1.374719975,0.441855997,1.432063995,0.8258559999999999,0.1838719995,1.16019201,1.374719975,0.694319993,0.027648,759775.5,759786.5,17.5,0.0,2.3027118984784416e-05,1.9751044168071326,4.901037800606821,900.0,2300.0,0.007631578947368421,0.1148098180839115,119.0
100,758100,1,E1,7.961600065,0.3481599985,0.118784003,0.0143360002,0.0634879991,1.3767679899999998,0.441343993,1.429503975,0.821247995,0.0532479994,1.16121602,1.375743985,0.6952959894999999,0.027648,759775.5,759786.5,17.5,0.0,2.3027118984784416e-05,1.9751044168071326,4.901037800606821,900.0,2300.0,0.007631578947368421,0.1148098180839115,119.0
100,758100,2,E1,7.95641613,0.351231992,0.117760003,0.0143360002,0.0634879991,1.375743985,0.442368001,1.431551995,0.821247995,0.0532479994,1.16121602,1.37523198,0.693247974,0.027135999850000002,759775.5,759786.5,17.5,0.0,2.3027118984784416e-05,1.9751044168071326,4.901037800606821,900.0,2300.0,0.007631578947368421,0.1148098180839115,119.0
100,758100,3,E1,7.965696100000001,0.340992004,0.118784003,0.0143360002,0.0639999993,1.3752319800000001,0.440319985,1.43155199,0.8320000169999999,0.0542719997,1.16121602,1.37625599,0.694783986,0.027648,759775.5,759786.5,17.5,0.0,2.3027118984784416e-05,1.9751044168071326,4.901037800606821,900.0,2300.0,0.007631578947368421,0.1148098180839115,119.0
100,758100,4,E1,7.9933440650000005,0.3620000035,0.118320003,0.0143360002,0.0639999993,1.378304,0.440319985,1.43052804,0.8238079844999999,0.0532479994,1.16121602,1.375743985,0.696832001,0.027648,759775.5,759786.5,17.5,0.0,2.3027118984784416e-05,1.9751044168071326,4.901037800606821,900.0,2300.0,0.007631578947368421,0.1148098180839115,119.0
100,758100,5,E1,8.00767994,0.370687991,0.118784003,0.0143360002,0.0645119995,1.378304005,0.442368001,1.429504035,0.824831992,0.0532479994,1.1719680449999998,1.37625599,0.69529599,0.027648,759775.5,759786.5,17.5,0.0,2.3027118984784416e-05,1.9751044168071326,4.901037800606821,900.0,2300.0,0.007631578947368421,0.1148098180839115,119.0
100,758100,1,S1,7.96774387,0.3640320005,0.118784003,0.0143360002,0.0245760009,1.378784,0.446464002,1.42900801,0.8217599984999999,0.0542719997,1.175040005,1.3880319600000002,0.700416028,0.027648,759775.5,759786.5,17.5,0.0,2.3027118984784416e-05,1.9751044168071326,4.901037800606821,900.0,2300.0,0.007631578947368421,0.1148098180839115,119.0
100,758100,2,S1,7.95699191,0.34559999399999997,0.117760003,0.013327999949999999,0.0245760009,1.38035202,0.445439994,1.42899203,0.821247995,0.0532479994,1.16121602,1.385472,0.700416028,0.027135999850000002,759775.5,759786.5,17.5,0.0,2.3027118984784416e-05,1.9751044168071326,4.901037800606821,900.0,2300.0,0.007631578947368421,0.1148098180839115,119.0
100,758100,3,S1,7.941632035,0.34150399249999996,0.118272003,0.0143360002,0.02611199955,1.37932801,0.446464002,1.428992035,0.825343996,0.0532479994,1.16121602,1.3880319600000002,0.6999040245,0.0267680008,759775.5,759786.5,17.5,0.0,2.3027118984784416e-05,1.9751044168071326,4.901037800606821,900.0,2300.0,0.007631578947368421,0.1148098180839115,119.0
100,758100,4,S1,8.00256014,0.379391998,0.117760003,0.0143360002,0.03430400045,1.38324803,0.446464002,1.4289920299999999,0.826880008,0.05375999955,1.161728025,1.38753599,0.699392021,0.027648,759775.5,759786.5,17.5,0.0,2.3027118984784416e-05,1.9751044168071326,4.901037800606821,900.0,2300.0,0.007631578947368421,0.1148098180839115,119.0
100,758100,5,S1,8.02764797,0.365055993,0.118784003,0.013824,0.03481599875,1.37932801,0.446976006,1.431040045,0.82329601,0.0532479994,1.172480045,1.3875199550000001,0.699392021,0.027648,759775.5,759786.5,17.5,0.0,2.3027118984784416e-05,1.9751044168071326,4.901037800606821,900.0,2300.0,0.007631578947368421,0.1148098180839115,119.0
500,3790500,1,L0,37.09235195,0.37376,0.119808003,0.0327679999,0.0,5.60998392,9.114111900000001,6.882303955,3.20460808,0.0,2.18420804,5.64275217,3.76524806,0.0266239997,3798931.5,3798986.5,86.0,0.0,2.263757888939615e-05,1.9750529265297534,4.900834463222398,4500.0,11498.5,0.12486842105263157,0.6127902992862572,2650.0
500,3790500,2,L0,37.1773434,0.3609760105,0.1203200035,0.0317439996,0.0,5.62124777,9.114111900000001,6.92479992,3.220479965,0.0,2.18265593,5.688832045,3.77702391,0.0266239997,3798931.5,3798986.5,86.0,0.0,2.263757888939615e-05,1.9750529265297534,4.900834463222398,4500.0,11498.5,0.12486842105263157,0.612790825453889,2650.0
500,3790500,3,L0,37.05958364999999,0.41625601050000005,0.119296003,0.0327679999,0.0,5.6545279,9.114623545,6.838272095000001,3.19846404,0.0,2.1780480100000004,5.710848095,3.7611520250000003,0.0255999994,3798931.5,3798986.5,86.0,0.0,2.263757888939615e-05,1.9750529917396682,4.900834720725923,4500.0,11498.5,0.12486842105263157,0.6127902992219267,2650.0
500,3790500,4,L0,37.107711800000004,0.4249600025,0.119808003,0.0327679999,0.0,5.652479885,9.11155224,6.845952035,3.181568025,0.0,2.191359995,5.623808145,3.77343988,0.0266239997,3798931.5,3798986.5,86.0,0.0,2.263757888939615e-05,1.9750529917396682,4.900834720725923,4500.0,11498.5,0.12486842105263157,0.6127906939119809,2650.0
500,3790500,5,L0,37.23878285,0.3814399985,0.119808003,0.0327679999,0.0,5.65657592,9.164800164999999,6.9232800050000005,3.21945596,0.0,2.19545603,5.7077760699999995,3.775488015,0.0266239997,3798931.5,3798986.5,86.0,0.0,2.263757888939615e-05,1.9750529265297534,4.900834463222398,4500.0,11498.5,0.12486842105263157,0.6127904308281651,2650.0
500,3790500,1,L1,24.72243215,0.392703995,0.1285120025,0.0348160006,0.906239986,2.032127975,0.780287981,7.416320085000001,4.19174409,0.904191971,2.255360005,2.0296159950000003,3.59935999,0.0266239997,3798931.5,3798987.5,86.0,0.0,2.263757888939615e-05,1.975053060416772,4.900834991920842,4500.0,11498.5,0.12486842105263157,0.6127905327481407,2650.0
500,3790500,2,L1,24.811488150000002,0.38092801,0.130048007,0.0348160006,0.9031679930000001,2.043392065,0.781311989,7.456768035,4.229631899999999,0.8959999975,2.256384015,2.034687995,3.6008959999999997,0.0266239997,3798931.5,3798987.5,86.0,0.0,2.263757888939615e-05,1.9750529269298143,4.900834464802174,4500.0,11498.5,0.12486842105263157,0.6127904012062328,2650.0
500,3790500,3,L1,24.87910365,0.422432005,0.129023999,0.03430400045,0.9011199775000001,2.039808035,0.781327993,7.473151919999999,4.246527915,0.8985600174999999,2.25587201,2.039327975,3.5911679249999997,0.0266239997,3798931.5,3798987.5,86.0,0.0,2.263757888939615e-05,1.975053060416772,4.900834991920842,4500.0,11498.5,0.12486842105263157,0.612790006580509,2650.0
500,3790500,4,L1,24.8478718,0.413696006,0.129023999,0.03430400045,0.9128960070000001,2.0459520849999997,0.7828480005,7.438335895,4.20607996,0.893999994,2.254336,2.03417599,3.597311975,0.0266239997,3798931.5,3798987.5,86.0,0.0,2.263757888939615e-05,1.9750529269298143,4.900834464802174,4500.0,11498.5,0.12486842105263157,0.6127900065162478,2650.0
500,3790500,5,L1,24.9169922,0.421391994,0.1285120025,0.03430400045,0.900608003,2.04543996,0.786432028,7.512063984999999,4.2352638250000005,0.919583976,2.269695995,2.0480001,3.594751955,0.0266239997,3798931.5,3798987.5,86.0,0.0,2.263757888939615e-05,1.9750529921397288,4.900834722305699,4500.0,11498.5,0.12486842105263157,0.6127904012062328,2650.0
500,3790500,1,E1,23.7491207,0.3983359935,0.130048007,0.0348160006,0.347135991,2.03673601,0.778751999,7.47929597,4.257791995,0.332800001,2.254863975,2.03417599,3.60196805,0.0266239997,3798931.5,3798987.5,86.0,0.0,2.263757888939615e-05,1.9750529921397288,4.900834722305699,4500.0,11498.5,0.12486842105263157,0.6127904012062328,2650.0
500,3790500,2,E1,23.711232199999998,0.400383994,0.128000006,0.0348160006,0.347135991,2.037248015,0.779263973,7.462911845000001,4.248064045,0.332800001,2.26867199,2.04185605,3.600896,0.0266239997,3798931.5,3798987.5,86.0,0.0,2.263757888939615e-05,1.9750530586831754,4.900834985075145,4500.0,11498.5,0.12486842105263157,0.6127907958962178,2650.0
500,3790500,3,E1,23.7798395,0.382975996,0.129536003,0.0348160006,0.348159999,2.04441607,0.7802879810000001,7.482879875,4.228096005,0.332800001,2.255360005,2.0357120049999997,3.5983840249999997,0.0266239997,3798931.5,3798987.5,86.0,0.0,2.263757888939615e-05,1.9750530586831754,4.900834985075145,4500.0,11498.5,0.12486842105263157,0.6127904012704939,2650.0
500,3790500,4,E1,23.89094445,0.40243199500000004,0.129536003,0.0348160006,0.348159999,2.056703925,0.784896016,7.501312015,4.264959815,0.332800001,2.264063955,2.043392065,3.60243201,0.0266239997,3798931.5,3798987.5,86.0,0.0,2.263757888939615e-05,1.9750529921397288,4.900834722305699,4500.0,11498.5,0.12486842105263157,0.6127900064519867,2650.0
500,3790500,5,E1,23.696895599999998,0.417792007,0.129023999,0.0348160006,0.347135991,2.0413440449999998,0.7813600005,7.483903885,4.2209279550000005,0.331775993,2.2548799500000003,2.0459520849999997,3.601920005,0.0266239997,3798931.5,3798987.5,86.0,0.0,2.263757888939615e-05,1.9750529269298143,4.900834464802174,4500.0,11498.5,0.12486842105263157,0.6127901380581557,2650.0
500,3790500,1,S1,23.3062401,0.39731200050000004,0.129023999,0.0337920003,0.0255999994,2.038272025,0.74496001,7.47929597,4.18918395,0.332287997,2.255360005,2.048560025,3.604480025,0.0266239997,3798931.5,3798987.5,86.0,0.0,2.263757888939615e-05,1.9750529921397288,4.900834722305699,4500.0,11498.5,0.12486842105263157,0.6127907958319565,2650.0
500,3790500,2,S1,23.3912325,0.45312000799999996,0.1285120025,0.0337920003,0.06707200035,2.04799998,0.7429120245,7.424000025,4.217855935,0.331775993,2.24153602,2.051072,3.61062407,0.0266239997,3798931.5,3798987.5,86.0,0.0,2.263757888939615e-05,1.9750530586831754,4.900834985075145,4500.0,11498.5,0.12486842105263157,0.6127905327481407,2650.0
500,3790500,3,S1,23.48851205,0.3845119925,0.1305600035,0.03430400045,0.0255999994,2.052608015,0.745472014,7.490559814999999,4.244992014999999,0.332287997,2.26764798,2.06131196,3.6014080049999997,0.0266239997,3798931.5,3798987.5,86.0,0.0,2.263757888939615e-05,1.9750529921397288,4.900834722305699,4500.0,11498.5,0.12486842105263157,0.6127905326838796,2650.0
500,3790500,4,S1,23.5274248,0.414719999,0.130048007,0.0348160006,0.0255999994,2.052608015,0.7480320039999999,7.483903885,4.24396801,0.332800001,2.256384015,2.053119895,3.606528045,0.0266239997,3798931.5,3798987.5,86.0,0.0,2.263757888939615e-05,1.9750529921397288,4.900834722305699,4500.0,11498.5,0.12486842105263157,0.6127898749743399,2650.0
500,3790500,5,S1,23.531007799999998,0.41881599999999997,0.129536003,0.0337920003,0.0266239997,2.060783985,0.750591993,7.478783845000001,4.251136065,0.332800001,2.28454399,2.0613119600000003,3.612160085,0.0266239997,3798931.5,3798987.5,86.0,0.0,2.263757888939615e-05,1.9750529921397288,4.900834722305699,4500.0,11498.5,0.12486842105263157,0.6127910589800336,2650.0
1000,7581000,1,L0,74.9132805,0.385023996,0.122879997,0.0532479994,0.0,11.741183750000001,19.28500845,13.909503950000001,6.32217598,0.0,4.27776003,11.159040000000001,7.435263875,0.0255999994,7597874.0,7597991.0,172.0,1.5,2.2634306979087577e-05,1.9750419155986139,4.900790974745712,9000.0,22995.5,0.23651315789473684,0.8344335866385977,6346.5
1000,7581000,2,L0,74.81139375000001,0.43519999099999995,0.125952005,0.05375999955,0.0,11.77753595,19.2885761,13.8536959,6.33139205,0.0,4.267024040000001,11.101696050000001,7.429120060000001,0.02612799965,7597874.0,7597991.0,172.0,1.5,2.2634306979087577e-05,1.9750418833935726,4.900790847574161,9000.0,22995.5,0.23651315789473684,0.8344335866385977,6346.5
1000,7581000,3,L0,74.8718109,0.4265440105,0.1285120025,0.0522239991,0.0,11.76217605,19.26604845,13.9581442,6.37952018,0.0,4.275712015,11.184639950000001,7.42912006,0.0255999994,7597874.0,7597991.0,172.0,1.5,2.2634306979087577e-05,1.9750419802087247,4.900791229878699,9000.0,22995.5,0.23651315789473684,0.8344335866385977,6346.5
1000,7581000,4,L0,75.05561449999999,0.378879994,0.1203200035,0.0522239991,0.0,11.91782375,19.3295355,13.92748785,6.360575915,0.0,4.263935805,11.0807042,7.45062399,0.0266239997,7597874.0,7597991.0,172.0,1.0,2.2634308468395027e-05,1.9750419802087247,4.900791229878699,9000.0,22995.5,0.23651315789473684,0.8344335757427299,6346.5
1000,7581000,5,L0,75.4672661,0.415232003,0.129023999,0.0553120002,0.0,12.069376,19.4145279,14.0037117,6.366719965,0.0,4.2783041,11.1052799,7.435775995,0.0255999994,7597874.0,7597991.0,172.0,1.5,2.2634306979087577e-05,1.9750419802087247,4.900791229878699,9000.0,22995.5,0.23651315789473684,0.8344335866385977,6346.5
1000,7581000,1,L1,46.8469772,0.3957760035,0.130048007,0.0563200004,1.82123202,2.99571204,1.3240319500000002,15.4926076,8.933887955,1.846272055,3.633664015,3.0305279499999997,7.1101441350000005,0.0266239997,7597875.5,7597992.0,172.0,1.0,2.2634306979087577e-05,1.9750422122892557,4.9007921466517965,9000.0,22995.5,0.23651315789473684,0.8344333783073365,6346.5
1000,7581000,2,L1,46.77120015,0.442880005,0.1305600035,0.0563200004,1.825792015,3.013120055,1.32505596,15.5335679,8.756735805,1.8488319500000001,3.59321594,3.0192641,7.105023859999999,0.0266239997,7597875.5,7597992.0,172.0,1.0,2.2634306979087577e-05,1.9750421456788563,4.900791883620024,9000.0,22995.5,0.23651315789473684,0.8344333783073365,6346.5
1000,7581000,3,L1,46.8106251,0.442368001,0.131072,0.0563200004,1.80889601,3.00953603,1.3312,15.55766395,8.793087960000001,1.8565120099999999,3.6556799399999997,3.0269439250000003,7.1050241,0.0266239997,7597875.5,7597992.0,172.0,1.0,2.2634306979087577e-05,1.9750421452787936,4.900791882040254,9000.0,22995.5,0.23651315789473684,0.8344333783073365,6346.5
1000,7581000,4,L1,46.96831895,0.408624008,0.130048007,0.0563200004,1.814015985,3.00083196,1.32812798,15.5566082,8.920063970000001,1.831936,3.615743995,3.014144065,7.13472009,0.0266239997,7597875.5,7597992.0,172.0,1.0,2.2634306979087577e-05,1.9750422122892557,4.9007921466517965,9000.0,22995.5,0.23651315789473684,0.8344333783073365,6346.5
1000,7581000,5,L1,46.9657612,0.40908800050000005,0.131072,0.0563200004,1.8155519949999999,3.009024025,1.3291519900000002,15.519743949999999,8.8975358,1.846783995,3.63827205,3.01363206,7.11679983,0.0266239997,7597875.5,7597992.0,172.0,1.0,2.2634306979087577e-05,1.9750421452787936,4.900791882040254,9000.0,22995.5,0.23651315789473684,0.8344333783073365,6346.5
1000,7581000,1,E1,44.4707851,0.4249599875,0.1315839965,0.0563200004,0.749055982,2.984448075,1.319936035,15.22329615,8.744959829999999,0.748032004,3.65670395,3.02591991,7.110656025,0.0266239997,7597875.5,7597992.0,172.0,1.0,2.2634306979087577e-05,1.9750421452787936,4.900791882040254,9000.0,22995.5,0.23651315789473684,0.8344333783073365,6346.5
1000,7581000,2,E1,44.6679039,0.449024007,0.1300960035,0.0563200004,0.751103997,2.99315202,1.32454395,15.6416001,8.76697588,0.74752003,3.634176015,3.01004803,7.11423993,0.0266239997,7597875.5,7597992.0,172.0,1.0,2.2634306979087577e-05,1.9750421476791686,4.900791891518876,9000.0,22995.5,0.23651315789473684,0.8344333783073365,6346.5
1000,7581000,3,E1,44.523521450000004,0.41420801,0.131072,0.0563200004,0.7500799895,2.99417591,1.321472045,15.4383359,8.77107191,0.748543978,3.639296055,3.028479935,7.14547205,0.0266239997,7597875.5,7597992.0,172.0,1.0,2.2634306979087577e-05,1.9750416792392418,4.90079004173938,9000.0,22995.5,0.23651315789473684,0.8344333783073365,6346.5
1000,7581000,4,E1,44.53427125,0.398336008,0.130048007,0.0563200004,0.7500799895,2.987008095,1.32147199,15.52895975,8.709119795,0.745472014,3.6157599649999996,3.009024025,7.140352010000001,0.0266239997,7597875.5,7597992.0,172.0,1.0,2.2634306979087577e-05,1.975041912242376,4.900790961823993,9000.0,22995.5,0.23651315789473684,0.8344333783073365,6346.5
1000,7581000,5,E1,44.586977000000005,0.444415987,0.131072,0.0568320006,0.751616001,2.99417591,1.324543955,15.50080015,8.83507204,0.747008026,3.6823039050000004,3.02540791,7.15878415,0.0266239997,7597875.5,7597992.0,172.0,1.0,2.2634306979087577e-05,1.9750418153938916,4.900790579387907,9000.0,22995.5,0.23651315789473684,0.8344333783073365,6346.5
1000,7581000,1,S1,43.6986885,0.447519988,0.1305600035,0.05580800025,0.0255999994,3.036671995,1.231359955,15.284256,8.63795185,0.740351975,3.62393594,3.10681605,7.14547205,0.0266239997,7597875.5,7597992.0,172.0,1.0,2.2634306979087577e-05,1.975042080635364,4.9007916267756855,9000.0,22995.5,0.23651315789473684,0.8344333783073365,6346.5
1000,7581000,2,S1,44.01817705,0.4556799975,0.131072,0.0563200004,0.0445440002,3.04384005,1.238528015,15.539200300000001,8.663551805,0.738816023,3.592703935,3.116032005,7.160831925,0.0266239997,7597875.5,7597992.0,172.0,1.0,2.2634306979087577e-05,1.9750421477125073,4.900791891650524,9000.0,22995.5,0.23651315789473684,0.8344333783073365,6346.5
1000,7581000,3,S1,43.764736150000004,0.4367360025,0.131072,0.0563200004,0.027135999850000002,3.05820799,1.237504005,15.369215950000001,8.702463625,0.737792015,3.603968025,3.11398411,7.10963202,0.0266239997,7597875.5,7597992.0,172.0,1.0,2.2634306979087577e-05,1.9750420484636706,4.900791499735815,9000.0,22995.5,0.23651315789473684,0.8344333783073365,6346.5
1000,7581000,4,S1,43.79289625,0.460800007,0.130048007,0.0563200004,0.06060799955,3.048448085,1.2354559900000002,15.20895955,8.825855735000001,0.740352005,3.6418559549999996,3.117103935,7.140864135,0.0266239997,7597875.5,7597992.0,172.0,1.0,2.2634306979087577e-05,1.9750422122892557,4.9007921466517965,9000.0,22995.5,0.23651315789473684,0.8344333783073365,6346.5
1000,7581000,5,S1,43.8414726,0.440831989,0.132095993,0.0563200004,0.02611199955,3.049984095,1.234431985,15.40454435,8.752128124999999,0.740351975,3.6131840950000003,3.104768035,7.121407985,0.0266239997,7597875.5,7597992.0,172.0,1.0,2.2634306979087577e-05,1.975042048430332,4.900791499604168,9000.0,22995.5,0.23651315789473684,0.8344333783073365,6346.5
1250,9476250,1,L0,93.17375945,0.453631997,0.129536003,0.066048,0.0,15.02310375,24.11878395,17.18272015,7.767551900000001,0.0,5.216768025,13.8209281,9.375743865,0.027648,9497351.0,9497494.0,216.0,2.0,2.2734709770187058e-05,1.9750248566593027,4.900723612181354,11250.0,28746.0,0.40151315789473685,0.9999198600715602,11095.0
1250,9476250,2,L0,93.2449303,0.410672009,0.131072,0.0655359998,0.0,15.10092785,23.9646721,17.19808005,7.752703905000001,0.0,5.1947519799999995,13.95968005,9.38700819,0.0266239997,9497351.0,9497494.0,216.0,2.0,2.2734709770187058e-05,1.9750248566593027,4.900723612181354,11250.0,28746.0,0.40151315789473685,0.9999194391363473,11095.0
1250,9476250,3,L0,93.6535034,0.43008001149999997,0.130048007,0.0655359998,0.0,15.0794239,24.16947175,17.22111985,7.784447910000001,0.0,5.20192003,13.984256299999998,9.393664359999999,0.027648,9497351.0,9497494.0,216.0,2.0,2.2734709770187058e-05,1.9750248566593027,4.900723612181354,11250.0,28746.0,0.40151315789473685,0.999919491753249,11095.0
1250,9476250,4,L0,93.23571394999999,0.3957760035,0.130048007,0.0655359998,0.0,15.0021124,24.0522232,17.184767700000002,7.763455865,0.0,5.208575965,13.8557439,9.359871865,0.027648,9497351.0,9497494.0,216.0,2.0,2.2734709770187058e-05,1.9750248566593027,4.900723612181354,11250.0,28746.0,0.40151315789473685,0.9999196496039537,11095.0
1250,9476250,5,L0,93.25823975,0.42444799850000003,0.131072,0.0655359998,0.0,15.0850563,24.193023699999998,17.1970558,7.764480115,0.0,5.210111855,13.80454395,9.365504265,0.0266239997,9497351.0,9497494.0,216.0,2.0,2.2734709770187058e-05,1.9750248566593027,4.900723612181354,11250.0,28746.0,0.40151315789473685,0.9999198600715602,11095.0
1250,9476250,1,L1,58.36646465,0.414223999,0.130048007,0.06707200035,2.28864002,3.576352,1.6957440400000001,20.042240149999998,11.0049276,2.285055995,4.29363203,3.57580805,8.888832095,0.0266239997,9497351.0,9497494.0,216.0,2.0,2.2734709770187058e-05,1.9750248044263383,4.900723405926877,11250.0,28746.0,0.40151315789473685,0.9999194391363473,11095.0
1250,9476250,2,L1,58.2748165,0.45056000350000003,0.129536003,0.06707200035,2.267135975,3.5773440599999997,1.690111995,19.87635135,10.996223950000001,2.26304007,4.268543960000001,3.569664005,8.902143955,0.0266239997,9497351.0,9497494.0,216.0,2.0,2.2734709770187058e-05,1.9750247511051842,4.900723195375432,11250.0,28746.0,0.40151315789473685,0.9999195969870522,11095.0
1250,9476250,3,L1,57.99116895,0.448512003,0.130048007,0.06707200035,2.28044796,3.59014392,1.696768045,19.75859165,11.02182385,2.27942395,4.205567835,3.5537919999999996,8.912384034999999,0.0266239997,9497351.0,9497494.0,216.0,2.0,2.2734709770187058e-05,1.9750248044263383,4.900723405926877,11250.0,28746.0,0.40151315789473685,0.9999195443701505,11095.0
1250,9476250,4,L1,58.27993585,0.40704,0.130048007,0.06553599985,2.256384015,3.55891192,1.684991955,20.062720300000002,10.985984349999999,2.2876160150000002,4.292095895,3.576336025,8.86835194,0.0266239997,9497351.0,9497494.0,216.0,2.0,2.2734709770187058e-05,1.9750247511051842,4.900723195375432,11250.0,28746.0,0.40151315789473685,0.9999196496039537,11095.0
1250,9476250,5,L1,58.05926515,0.461824,0.130048007,0.066048,2.27788806,3.566079975,1.686015965,19.876352349999998,10.99571185,2.244095925,4.23833585,3.568639995,8.85964775,0.0266239997,9497351.0,9497494.0,216.0,2.0,2.2734709770187058e-05,1.9750248044263383,4.900723405926877,11250.0,28746.0,0.40151315789473685,0.999919491753249,11095.0
1250,9476250,1,E1,55.382528300000004,0.399359986,0.129023999,0.0655359998,0.9456639885,3.54457605,1.68140805,19.728896149999997,11.13036825,0.941568017,4.240383865,3.56044793,8.908799649999999,0.02567999995,9497351.0,9497494.0,216.0,2.0,2.2734709770187058e-05,1.9750247511051842,4.900723195375432,11250.0,28746.0,0.40151315789473685,0.9999198074546586,11095.0
1250,9476250,2,E1,55.6574726,0.455680013,0.1305600035,0.06707200035,0.950272024,3.55891192,1.686015965,19.9306564,11.158527849999999,0.9456639885,4.235264065,3.5578879150000002,8.919552325,0.0266239997,9497351.0,9497494.0,216.0,2.0,2.2734709770187058e-05,1.9750248044263383,4.900723405926877,11250.0,28746.0,0.40151315789473685,0.9999193865194458,11095.0
1250,9476250,3,E1,55.174144749999996,0.4367360025,0.129536003,0.0665600002,0.9466879960000001,3.55686402,1.687039975,19.6838398,10.89638425,0.944127977,4.283391955,3.569152,8.93132782,0.0266239997,9497351.0,9497494.0,216.0,2.0,2.2734709770187058e-05,1.97502456464115,4.900722459077283,11250.0,28746.0,0.40151315789473685,0.9999199126884617,11095.0
1250,9476250,4,E1,55.721473700000004,0.398335993,0.130048007,0.06656000014999999,0.9472,3.549696085,1.688575985,20.014592200000003,10.90303995,0.943104029,4.267008065000001,3.5783680650000003,8.888831615,0.0266239997,9497351.0,9497494.0,216.0,2.0,2.2734709770187058e-05,1.9750248044263383,4.900723405926877,11250.0,28746.0,0.40151315789473685,0.9999196496039537,11095.0
1250,9476250,5,E1,55.869440100000006,0.47052800650000004,0.1315839965,0.06707200035,0.948224008,3.5609599349999996,1.68550396,20.0171518,11.07353595,0.941568017,4.2521598350000005,3.56454396,8.93286419,0.0266239997,9497351.0,9497494.0,216.0,2.0,2.2734709770187058e-05,1.975024617962314,4.900722669628728,11250.0,28746.0,0.40151315789473685,0.9999199653053634,11095.0
1250,9476250,1,S1,54.7502079,0.424960002,0.1305600035,0.0655359998,0.0255999994,3.587072015,1.558016005,19.7857285,11.0438399,0.941056013,4.29567981,3.71097589,8.94975996,0.0266239997,9497351.0,9497494.0,216.0,2.0,2.2734709770187058e-05,1.9750247511051842,4.900723195375432,11250.0,28746.0,0.40151315789473685,0.999919491753249,11095.0
1250,9476250,2,S1,54.71232035,0.4331520055,0.1305600035,0.06707200035,0.0255999994,3.586048125,1.55648005,19.922944049999998,11.0074878,0.940032005,4.283904075000001,3.7125119,8.911872385,0.0266239997,9497351.0,9497494.0,216.0,2.0,2.2734709770187058e-05,1.9750247511051842,4.900723195375432,11250.0,28746.0,0.40151315789473685,0.9999193865194458,11095.0
1250,9476250,3,S1,54.67289545,0.4254720065,0.1305600035,0.06707200035,0.0255999994,3.571200015,1.5554560450000001,19.8650885,11.054592150000001,0.942080021,4.279807805,3.726848005,8.922623635,0.0266239997,9497351.0,9497494.0,216.0,2.0,2.2734709770187058e-05,1.9750247511051842,4.900723195375432,11250.0,28746.0,0.40151315789473685,0.9999193865194458,11095.0
1250,9476250,4,S1,54.17313575,0.388096005,0.129023999,0.0665600002,0.0255999994,3.558447955,1.55699199,19.742719649999998,10.9107199,0.9395200015,4.2378239650000005,3.69971204,8.90419197,0.02611199955,9497351.0,9497494.0,216.0,2.0,2.2734709770187058e-05,1.9750247511051842,4.900723195375432,11250.0,28746.0,0.40151315789473685,0.9999195969870522,11095.0
1250,9476250,5,S1,54.30937575,0.439807996,0.129023999,0.06502399965,0.0255999994,3.5630079500000003,1.549312,19.715071700000003,10.8533759,0.940032005,4.23935986,3.7150719150000002,8.918047905,0.0266239997,9497351.0,9497494.0,216.0,2.0,2.2734709770187058e-05,1.9750248044263383,4.900723405926877,11250.0,28746.0,0.40151315789473685,0.9999193865194458,11095.0
