schema_version,run_id,variant,backend_pid,step,simulation_time,dt,mode,timing_valid,status,error_stage,error_message,n_cells,particle_path,particle_count,particle_capacity,particle_utilisation,occupancy_sum,occupancy_nonempty,occupancy_min,occupancy_mean,occupancy_stddev,occupancy_cv,occupancy_p50,occupancy_p95,occupancy_p99,occupancy_max,occupancy_matches_count,bad_cells,bad_particles,bad_field_mask,first_bad_cell,first_bad_particle,total_ms,gas_flux_ms,eulerian_coupling_ms,injection_ms,bin_pre_ms,pressure_pre_ms,collision_pool_ms,relax_ms,track_ms,bin_post_ms,moments_ms,pressure_post_ms,compaction_ms,boundary_ms
1,"m32_ppc64_E1_S1_paired_r2","E1",580314,10,0.0010000000000000002,0.0001,"timing",1,"ok","","",32768,1,2097152,2098176,0.99951195705222062,2097152,32768,64,64,0,0,64,64,64,64,1,0,0,0x0000000000000000,-1,-1,21.3043194,3.8758719,0.391167998,0.001024,0.160768002,0.00204799999,4.09702396,4.2844162,1.64044797,0.156672001,4.7104001,0.00204799999,1.93024004,0.0235520005
1,"m32_ppc64_E1_S1_paired_r2","E1",580314,20,0.0020000000000000005,0.0001,"timing",1,"ok","","",32768,1,2097152,2098176,0.99951195705222062,2097152,32768,64,64,0,0,64,64,64,64,1,0,0,0x0000000000000000,-1,-1,20.5107193,3.76627207,0.374783993,0.00204799999,0.158720002,0.00409599999,3.91782403,4.0888319,1.57388794,0.156672001,4.49638414,0.00204799999,1.92409599,0.0235520005
1,"m32_ppc64_E1_S1_paired_r2","E1",580314,30,0.0029999999999999988,0.0001,"timing",1,"ok","","",32768,1,2097152,2098176,0.99951195705222062,2097152,32768,64,64,0,0,64,64,64,64,1,0,0,0x0000000000000000,-1,-1,20.5721607,3.74271989,0.375808001,0.00204799999,0.157695994,0.00204799999,3.94649601,4.11340809,1.58208001,0.155647993,4.5219841,0.001024,1.92409599,0.0245760009
1,"m32_ppc64_E1_S1_paired_r2","E1",580314,40,0.0039999999999999975,0.0001,"timing",1,"ok","","",32768,1,2097152,2098176,0.99951195705222062,2097152,32768,63,64,0.091108623356957824,0.001423572239952466,64,64,64,65,1,0,0,0x0000000000000000,-1,-1,20.6735363,3.76729608,0.453631997,0.00204799999,0.157695994,0.00409599999,3.93523192,4.11443186,1.55238402,0.155647993,4.56294394,0.001024,1.926144,0.0235520005
1,"m32_ppc64_E1_S1_paired_r2","E1",580314,50,0.0050000000000000001,0.0001,"timing",1,"ok","","",32768,1,2097152,2098176,0.99951195705222062,2097152,32768,62,64,0.31888018174935234,0.0049825028398336304,64,64,65,66,1,0,0,0x0000000000000000,-1,-1,20.6007671,3.77241611,0.376832008,0.001024,0.159743994,0.00409599999,3.94035196,4.11443186,1.56262398,0.155647993,4.53529596,0.00204799999,1.93331206,0.0225280002
1,"m32_ppc64_E1_S1_paired_r2","E1",580314,60,0.0060000000000000027,0.0001,"timing",1,"ok","","",32768,1,2097152,2098176,0.99951195705222062,2097152,32768,61,64,0.57722692068955861,0.0090191706357743533,64,65,66,68,1,0,0,0x0000000000000000,-1,-1,20.7032318,3.8645761,0.374783993,0.00204799999,0.157695994,0.00409599999,3.94137597,4.11443186,1.56262398,0.155647993,4.5445118,0.001024,1.93843198,0.0225280002
1,"m32_ppc64_E1_S1_paired_r2","E1",580314,70,0.0070000000000000053,0.0001,"timing",1,"ok","","",32768,1,2097152,2098176,0.99951195705222062,2097152,32768,60,64,0.78650575877977524,0.012289152480933988,64,65,67,68,1,0,0,0x0000000000000000,-1,-1,20.7513599,3.84204793,0.376832008,0.001024,0.160768002,0.00204799999,3.95571208,4.11136007,1.56979203,0.158720002,4.58239985,0.001024,1.94252801,0.0215039998
1,"m32_ppc64_E1_S1_paired_r2","E1",580314,80,0.0080000000000000071,0.0001,"timing",1,"ok","","",32768,1,2097152,2098176,0.99951195705222062,2097152,32768,59,64,0.94055491848562467,0.014696170601337885,64,66,67,69,1,0,0,0x0000000000000000,-1,-1,20.7196159,3.82361603,0.375808001,0.00204799999,0.160768002,0.00409599999,3.94342399,4.11340809,1.58617604,0.156672001,4.56294394,0.00204799999,1.94662404,0.0225280002
1,"m32_ppc64_E1_S1_paired_r2","E1",580314,90,0.0090000000000000011,0.0001,"timing",1,"ok","","",32768,1,2097152,2098176,0.99951195705222062,2097152,32768,59,64,1.0813188652202688,0.016895607269066699,64,66,68,69,1,0,0,0x0000000000000000,-1,-1,20.7349758,3.82566404,0.376832008,0.00204799999,0.158720002,0.00204799999,3.94342399,4.11443186,1.58720005,0.156672001,4.57215977,0.00204799999,1.94764805,0.0225280002
1,"m32_ppc64_E1_S1_paired_r2","E1",580314,100,0.009999999999999995,0.0001,"timing",1,"ok","","",32768,1,2097152,2098176,0.99951195705222062,2097152,32768,59,64,1.2251933042636578,0.019143645379119653,64,66,68,70,1,0,0,0x0000000000000000,-1,-1,20.7964153,3.87891197,0.375871986,0.001024,0.157695994,0.00409599999,3.94854403,4.11340809,1.58515203,0.156672001,4.57830381,0.00204799999,1.94764805,0.0215039998
1,"m32_ppc64_E1_S1_paired_r2","E1",580314,110,0.010999999999999989,0.0001,"timing",1,"ok","","",32768,1,2097152,2098176,0.99951195705222062,2097152,32768,58,64,1.3529165904745384,0.021139321726164662,64,66,68,71,1,0,0,0x0000000000000000,-1,-1,20.8158722,3.85436797,0.377855986,0.001024,0.158720002,0.00409599999,3.97004795,4.11443186,1.60153604,0.154624,4.58342409,0.00204799999,1.94969594,0.0215039998
1,"m32_ppc64_E1_S1_paired_r2","E1",580314,120,0.011999999999999983,0.0001,"timing",1,"ok","","",32768,1,2097152,2098176,0.99951195705222062,2097152,32768,57,64,1.4748874427392755,0.02304511629280118,64,67,69,71,1,0,0,0x0000000000000000,-1,-1,20.8220158,3.86764789,0.374783993,0.001024,0.159743994,0.00307200011,3.9577601,4.11136007,1.60563195,0.155647993,4.58752012,0.00204799999,1.95174396,0.0225280002
1,"m32_ppc64_E1_S1_paired_r2","E1",580314,130,0.012999999999999977,0.0001,"timing",1,"ok","","",32768,1,2097152,2098176,0.99951195705222062,2097152,32768,56,64,1.6091284701955124,0.025142632346804882,64,67,69,71,1,0,0,0x0000000000000000,-1,-1,20.8834553,3.881984,0.375808001,0.00204799999,0.159743994,0.00307200011,3.98643208,4.11238384,1.61382401,0.156672001,4.59263992,0.001024,1.95174396,0.0225280002
1,"m32_ppc64_E1_S1_paired_r2","E1",580314,140,0.013999999999999971,0.0001,"timing",1,"ok","","",32768,1,2097152,2098176,0.99951195705222062,2097152,32768,57,64,1.7185546764014377,0.026852416818772464,64,67,69,71,1,0,0,0x0000000000000000,-1,-1,20.842432,3.85740805,0.376832008,0.001024,0.158720002,0.00307200011,3.9587841,4.11136007,1.61792004,0.157695994,4.5977602,0.00204799999,1.95379198,0.0225280002
1,"m32_ppc64_E1_S1_paired_r2","E1",580314,150,0.014999999999999965,0.0001,"timing",1,"ok","","",32768,1,2097152,2098176,0.99951195705222062,2097152,32768,57,64,1.8277076179517198,0.028557931530495621,64,67,69,72,1,0,0,0x0000000000000000,-1,-1,20.8517113,3.86048007,0.375808001,0.001024,0.157695994,0.00409599999,3.96492791,4.11443186,1.61792004,0.156672001,4.60083199,0.001024,1.95276797,0.0215039998
1,"m32_ppc64_E1_S1_paired_r2","E1",580314,160,0.015999999999999959,0.0001,"timing",1,"ok","","",32768,1,2097152,2098176,0.99951195705222062,2097152,32768,57,64,1.9167551213737501,0.029949298771464846,64,67,70,72,1,0,0,0x0000000000000000,-1,-1,20.9295368,3.91987205,0.377855986,0.00204799999,0.157695994,0.00204799999,3.97824001,4.11238384,1.61996806,0.155647993,4.60083199,0.001024,1.95379198,0.0225280002
1,"m32_ppc64_E1_S1_paired_r2","E1",580314,170,0.016999999999999953,0.0001,"timing",1,"ok","","",32768,1,2097152,2098176,0.99951195705222062,2097152,32768,55,64,1.9823439408942132,0.030974124076472081,64,68,70,73,1,0,0,0x0000000000000000,-1,-1,20.9868793,3.90963197,0.448511988,0.00204799999,0.160768002,0.00409599999,3.96595192,4.11238384,1.62099195,0.158720002,4.60390377,0.001024,1.95583999,0.0225280002
1,"m32_ppc64_E1_S1_paired_r2","E1",580314,180,0.017999999999999947,0.0001,"timing",1,"ok","","",32768,1,2097152,2098176,0.99951195705222062,2097152,32768,55,64,2.0927586272370258,0.032699353550578528,64,68,70,73,1,0,0,0x0000000000000000,-1,-1,20.9397755,3.89017606,0.376832008,0.001024,0.158720002,0.00409599999,4.00076818,4.11443186,1.63020802,0.155647993,4.60595179,0.00204799999,1.95583999,0.0225280002
1,"m32_ppc64_E1_S1_paired_r2","E1",580314,190,0.018999999999999941,0.0001,"timing",1,"ok","","",32768,1,2097152,2098176,0.99951195705222062,2097152,32768,55,64,2.1786371797381729,0.034041205933408952,64,68,70,74,1,0,0,0x0000000000000000,-1,-1,20.9797115,3.93830395,0.376832008,0.00204799999,0.158720002,0.00307200011,3.99155211,4.11238384,1.63020802,0.155647993,4.60697603,0.001024,1.956864,0.0215039998
1,"m32_ppc64_E1_S1_paired_r2","E1",580314,200,0.019999999999999934,0.0001,"timing",1,"ok","","",32768,1,2097152,2098176,0.99951195705222062,2097152,32768,55,64,2.269245490830873,0.035456960794232391,64,68,71,75,1,0,0,0x0000000000000000,-1,-1,21.0288639,3.88095999,0.464895993,0.001024,0.160768002,0.00307200011,3.96902394,4.11136007,1.659904,0.157695994,4.61107206,0.001024,1.96096003,0.0215039998
