factor,pair,order_in_pair,state,run_id,metric,value
1,1,1,S1,k1_pair01_o1_S1,particle_count,3798929
1,1,1,S1,k1_pair01_o1_S1,occupancy_mean,499.8590789473684
1,1,1,S1,k1_pair01_o1_S1,occupancy_cv,1.9750548130902637
1,1,1,S1,k1_pair01_o1_S1,occupancy_p99,4500
1,1,1,S1,k1_pair01_o1_S1,occupancy_max,11498.5
1,1,1,S1,k1_pair01_o1_S1,heavy_threshold,0
1,1,1,S1,k1_pair01_o1_S1,heavy_cell_count,0
1,1,1,S1,k1_pair01_o1_S1,heavy_particle_count,0
1,1,1,S1,k1_pair01_o1_S1,heavy_particle_fraction,0
1,1,1,S1,k1_pair01_o1_S1,heavy_task_count_estimate,0
1,1,2,S2,k1_pair01_o2_S2,particle_count,3798929
1,1,2,S2,k1_pair01_o2_S2,occupancy_mean,499.8590789473684
1,1,2,S2,k1_pair01_o2_S2,occupancy_cv,1.9750549479108819
1,1,2,S2,k1_pair01_o2_S2,occupancy_p99,4500
1,1,2,S2,k1_pair01_o2_S2,occupancy_max,11498.5
1,1,2,S2,k1_pair01_o2_S2,heavy_threshold,8384
1,1,2,S2,k1_pair01_o2_S2,heavy_cell_count,19
1,1,2,S2,k1_pair01_o2_S2,heavy_particle_count,186245
1,1,2,S2,k1_pair01_o2_S2,heavy_particle_fraction,0.049022870471078145
1,1,2,S2,k1_pair01_o2_S2,heavy_task_count_estimate,38
1,2,1,S2,k1_pair02_o1_S2,particle_count,3798929
1,2,1,S2,k1_pair02_o1_S2,occupancy_mean,499.8590789473684
1,2,1,S2,k1_pair02_o1_S2,occupancy_cv,1.9750551463411949
1,2,1,S2,k1_pair02_o1_S2,occupancy_p99,4500
1,2,1,S2,k1_pair02_o1_S2,occupancy_max,11498.5
1,2,1,S2,k1_pair02_o1_S2,heavy_threshold,8384
1,2,1,S2,k1_pair02_o1_S2,heavy_cell_count,19
1,2,1,S2,k1_pair02_o1_S2,heavy_particle_count,186245
1,2,1,S2,k1_pair02_o1_S2,heavy_particle_fraction,0.049022870471078145
1,2,1,S2,k1_pair02_o1_S2,heavy_task_count_estimate,38
1,2,2,S1,k1_pair02_o2_S1,particle_count,3798929
1,2,2,S1,k1_pair02_o2_S1,occupancy_mean,499.8590789473684
1,2,2,S1,k1_pair02_o2_S1,occupancy_cv,1.9750549463106375
1,2,2,S1,k1_pair02_o2_S1,occupancy_p99,4500
1,2,2,S1,k1_pair02_o2_S1,occupancy_max,11498.5
1,2,2,S1,k1_pair02_o2_S1,heavy_threshold,0
1,2,2,S1,k1_pair02_o2_S1,heavy_cell_count,0
1,2,2,S1,k1_pair02_o2_S1,heavy_particle_count,0
1,2,2,S1,k1_pair02_o2_S1,heavy_particle_fraction,0
1,2,2,S1,k1_pair02_o2_S1,heavy_task_count_estimate,0
1,3,1,S1,k1_pair03_o1_S1,particle_count,3798929
1,3,1,S1,k1_pair03_o1_S1,occupancy_mean,499.8590789473684
1,3,1,S1,k1_pair03_o1_S1,occupancy_cv,1.9750550131208482
1,3,1,S1,k1_pair03_o1_S1,occupancy_p99,4500
1,3,1,S1,k1_pair03_o1_S1,occupancy_max,11498.5
1,3,1,S1,k1_pair03_o1_S1,heavy_threshold,0
1,3,1,S1,k1_pair03_o1_S1,heavy_cell_count,0
1,3,1,S1,k1_pair03_o1_S1,heavy_particle_count,0
1,3,1,S1,k1_pair03_o1_S1,heavy_particle_fraction,0
1,3,1,S1,k1_pair03_o1_S1,heavy_task_count_estimate,0
1,3,2,S2,k1_pair03_o2_S2,particle_count,3798929
1,3,2,S2,k1_pair03_o2_S2,occupancy_mean,499.8590789473684
1,3,2,S2,k1_pair03_o2_S2,occupancy_cv,1.9750550131208482
1,3,2,S2,k1_pair03_o2_S2,occupancy_p99,4500
1,3,2,S2,k1_pair03_o2_S2,occupancy_max,11498.5
1,3,2,S2,k1_pair03_o2_S2,heavy_threshold,8384
1,3,2,S2,k1_pair03_o2_S2,heavy_cell_count,19
1,3,2,S2,k1_pair03_o2_S2,heavy_particle_count,186245
1,3,2,S2,k1_pair03_o2_S2,heavy_particle_fraction,0.049022870471078145
1,3,2,S2,k1_pair03_o2_S2,heavy_task_count_estimate,38
1,4,1,S2,k1_pair04_o1_S2,particle_count,3798929
1,4,1,S2,k1_pair04_o1_S2,occupancy_mean,499.8590789473684
1,4,1,S2,k1_pair04_o1_S2,occupancy_cv,1.9750550131208482
1,4,1,S2,k1_pair04_o1_S2,occupancy_p99,4500
1,4,1,S2,k1_pair04_o1_S2,occupancy_max,11498.5
1,4,1,S2,k1_pair04_o1_S2,heavy_threshold,8384
1,4,1,S2,k1_pair04_o1_S2,heavy_cell_count,19
1,4,1,S2,k1_pair04_o1_S2,heavy_particle_count,186245
1,4,1,S2,k1_pair04_o1_S2,heavy_particle_fraction,0.049022870471078145
1,4,1,S2,k1_pair04_o1_S2,heavy_task_count_estimate,38
1,4,2,S1,k1_pair04_o2_S1,particle_count,3798929
1,4,2,S1,k1_pair04_o2_S1,occupancy_mean,499.8590789473684
1,4,2,S1,k1_pair04_o2_S1,occupancy_cv,1.9750551463411949
1,4,2,S1,k1_pair04_o2_S1,occupancy_p99,4500
1,4,2,S1,k1_pair04_o2_S1,occupancy_max,11498.5
1,4,2,S1,k1_pair04_o2_S1,heavy_threshold,0
1,4,2,S1,k1_pair04_o2_S1,heavy_cell_count,0
1,4,2,S1,k1_pair04_o2_S1,heavy_particle_count,0
1,4,2,S1,k1_pair04_o2_S1,heavy_particle_fraction,0
1,4,2,S1,k1_pair04_o2_S1,heavy_task_count_estimate,0
1,5,1,S1,k1_pair05_o1_S1,particle_count,3798929
1,5,1,S1,k1_pair05_o1_S1,occupancy_mean,499.8590789473684
1,5,1,S1,k1_pair05_o1_S1,occupancy_cv,1.9750550128541406
1,5,1,S1,k1_pair05_o1_S1,occupancy_p99,4500
1,5,1,S1,k1_pair05_o1_S1,occupancy_max,11498.5
1,5,1,S1,k1_pair05_o1_S1,heavy_threshold,0
1,5,1,S1,k1_pair05_o1_S1,heavy_cell_count,0
1,5,1,S1,k1_pair05_o1_S1,heavy_particle_count,0
1,5,1,S1,k1_pair05_o1_S1,heavy_particle_fraction,0
1,5,1,S1,k1_pair05_o1_S1,heavy_task_count_estimate,0
1,5,2,S2,k1_pair05_o2_S2,particle_count,3798929
1,5,2,S2,k1_pair05_o2_S2,occupancy_mean,499.8590789473684
1,5,2,S2,k1_pair05_o2_S2,occupancy_cv,1.9750550797977007
1,5,2,S2,k1_pair05_o2_S2,occupancy_p99,4500
1,5,2,S2,k1_pair05_o2_S2,occupancy_max,11498.5
1,5,2,S2,k1_pair05_o2_S2,heavy_threshold,8384
1,5,2,S2,k1_pair05_o2_S2,heavy_cell_count,19
1,5,2,S2,k1_pair05_o2_S2,heavy_particle_count,186245
1,5,2,S2,k1_pair05_o2_S2,heavy_particle_fraction,0.049022870471078145
1,5,2,S2,k1_pair05_o2_S2,heavy_task_count_estimate,38
2,1,1,S1,k2_pair01_o1_S1,particle_count,3809929
2,1,1,S1,k2_pair01_o1_S1,occupancy_mean,501.30644736842106
2,1,1,S1,k2_pair01_o1_S1,occupancy_cv,2.004800084733676
2,1,1,S1,k2_pair01_o1_S1,occupancy_p99,4500
2,1,1,S1,k2_pair01_o1_S1,occupancy_max,17999
2,1,1,S1,k2_pair01_o1_S1,heavy_threshold,0
2,1,1,S1,k2_pair01_o1_S1,heavy_cell_count,0
2,1,1,S1,k2_pair01_o1_S1,heavy_particle_count,0
2,1,1,S1,k2_pair01_o1_S1,heavy_particle_fraction,0
2,1,1,S1,k2_pair01_o1_S1,heavy_task_count_estimate,0
2,1,2,S2,k2_pair01_o2_S2,particle_count,3809929
2,1,2,S2,k2_pair01_o2_S2,occupancy_mean,501.30644736842106
2,1,2,S2,k2_pair01_o2_S2,occupancy_cv,2.0047996327879605
2,1,2,S2,k2_pair01_o2_S2,occupancy_p99,4500
2,1,2,S2,k2_pair01_o2_S2,occupancy_max,17999
2,1,2,S2,k2_pair01_o2_S2,heavy_threshold,8384
2,1,2,S2,k2_pair01_o2_S2,heavy_cell_count,20
2,1,2,S2,k2_pair01_o2_S2,heavy_particle_count,199989
2,1,2,S2,k2_pair01_o2_S2,heavy_particle_fraction,0.052488079195337892
2,1,2,S2,k2_pair01_o2_S2,heavy_task_count_estimate,40.5
2,2,1,S2,k2_pair02_o1_S2,particle_count,3809929
2,2,1,S2,k2_pair02_o1_S2,occupancy_mean,501.30644736842106
2,2,1,S2,k2_pair02_o1_S2,occupancy_cv,2.0047999519700879
2,2,1,S2,k2_pair02_o1_S2,occupancy_p99,4500
2,2,1,S2,k2_pair02_o1_S2,occupancy_max,17999
2,2,1,S2,k2_pair02_o1_S2,heavy_threshold,8384
2,2,1,S2,k2_pair02_o1_S2,heavy_cell_count,20
2,2,1,S2,k2_pair02_o1_S2,heavy_particle_count,199989
2,2,1,S2,k2_pair02_o1_S2,heavy_particle_fraction,0.052488079195337892
2,2,1,S2,k2_pair02_o1_S2,heavy_task_count_estimate,40.5
2,2,2,S1,k2_pair02_o2_S1,particle_count,3809929
2,2,2,S1,k2_pair02_o2_S1,occupancy_mean,501.30644736842106
2,2,2,S1,k2_pair02_o2_S1,occupancy_cv,2.0048008014288214
2,2,2,S1,k2_pair02_o2_S1,occupancy_p99,4500
2,2,2,S1,k2_pair02_o2_S1,occupancy_max,17999
2,2,2,S1,k2_pair02_o2_S1,heavy_threshold,0
2,2,2,S1,k2_pair02_o2_S1,heavy_cell_count,0
2,2,2,S1,k2_pair02_o2_S1,heavy_particle_count,0
2,2,2,S1,k2_pair02_o2_S1,heavy_particle_fraction,0
2,2,2,S1,k2_pair02_o2_S1,heavy_task_count_estimate,0
2,3,1,S1,k2_pair03_o1_S1,particle_count,3809929
2,3,1,S1,k2_pair03_o1_S1,occupancy_mean,501.30644736842106
2,3,1,S1,k2_pair03_o1_S1,occupancy_cv,2.0048002800613025
2,3,1,S1,k2_pair03_o1_S1,occupancy_p99,4500
2,3,1,S1,k2_pair03_o1_S1,occupancy_max,17999
2,3,1,S1,k2_pair03_o1_S1,heavy_threshold,0
2,3,1,S1,k2_pair03_o1_S1,heavy_cell_count,0
2,3,1,S1,k2_pair03_o1_S1,heavy_particle_count,0
2,3,1,S1,k2_pair03_o1_S1,heavy_particle_fraction,0
2,3,1,S1,k2_pair03_o1_S1,heavy_task_count_estimate,0
2,3,2,S2,k2_pair03_o2_S2,particle_count,3809929
2,3,2,S2,k2_pair03_o2_S2,occupancy_mean,501.30644736842106
2,3,2,S2,k2_pair03_o2_S2,occupancy_cv,2.0048004103789636
2,3,2,S2,k2_pair03_o2_S2,occupancy_p99,4500
2,3,2,S2,k2_pair03_o2_S2,occupancy_max,17999
2,3,2,S2,k2_pair03_o2_S2,heavy_threshold,8384
2,3,2,S2,k2_pair03_o2_S2,heavy_cell_count,20
2,3,2,S2,k2_pair03_o2_S2,heavy_particle_count,199989
2,3,2,S2,k2_pair03_o2_S2,heavy_particle_fraction,0.052488079195337892
2,3,2,S2,k2_pair03_o2_S2,heavy_task_count_estimate,40.5
2,4,1,S2,k2_pair04_o1_S2,particle_count,3809929
2,4,1,S2,k2_pair04_o1_S2,occupancy_mean,501.30644736842106
2,4,1,S2,k2_pair04_o1_S2,occupancy_cv,2.0047998911154128
2,4,1,S2,k2_pair04_o1_S2,occupancy_p99,4500
2,4,1,S2,k2_pair04_o1_S2,occupancy_max,17999
2,4,1,S2,k2_pair04_o1_S2,heavy_threshold,8384
2,4,1,S2,k2_pair04_o1_S2,heavy_cell_count,20
2,4,1,S2,k2_pair04_o1_S2,heavy_particle_count,199989
2,4,1,S2,k2_pair04_o1_S2,heavy_particle_fraction,0.052488079195337892
2,4,1,S2,k2_pair04_o1_S2,heavy_task_count_estimate,40.5
2,4,2,S1,k2_pair04_o2_S1,particle_count,3809929
2,4,2,S1,k2_pair04_o2_S1,occupancy_mean,501.30644736842106
2,4,2,S1,k2_pair04_o2_S1,occupancy_cv,2.0048000227373866
2,4,2,S1,k2_pair04_o2_S1,occupancy_p99,4500
2,4,2,S1,k2_pair04_o2_S1,occupancy_max,17999
2,4,2,S1,k2_pair04_o2_S1,heavy_threshold,0
2,4,2,S1,k2_pair04_o2_S1,heavy_cell_count,0
2,4,2,S1,k2_pair04_o2_S1,heavy_particle_count,0
2,4,2,S1,k2_pair04_o2_S1,heavy_particle_fraction,0
2,4,2,S1,k2_pair04_o2_S1,heavy_task_count_estimate,0
2,5,1,S1,k2_pair05_o1_S1,particle_count,3809929
2,5,1,S1,k2_pair05_o1_S1,occupancy_mean,501.30644736842106
2,5,1,S1,k2_pair05_o1_S1,occupancy_cv,2.0048006023015303
2,5,1,S1,k2_pair05_o1_S1,occupancy_p99,4500
2,5,1,S1,k2_pair05_o1_S1,occupancy_max,17999
2,5,1,S1,k2_pair05_o1_S1,heavy_threshold,0
2,5,1,S1,k2_pair05_o1_S1,heavy_cell_count,0
2,5,1,S1,k2_pair05_o1_S1,heavy_particle_count,0
2,5,1,S1,k2_pair05_o1_S1,heavy_particle_fraction,0
2,5,1,S1,k2_pair05_o1_S1,heavy_task_count_estimate,0
2,5,2,S2,k2_pair05_o2_S2,particle_count,3809929
2,5,2,S2,k2_pair05_o2_S2,occupancy_mean,501.30644736842106
2,5,2,S2,k2_pair05_o2_S2,occupancy_cv,2.0048004747001915
2,5,2,S2,k2_pair05_o2_S2,occupancy_p99,4500
2,5,2,S2,k2_pair05_o2_S2,occupancy_max,17999
2,5,2,S2,k2_pair05_o2_S2,heavy_threshold,8384
2,5,2,S2,k2_pair05_o2_S2,heavy_cell_count,20
2,5,2,S2,k2_pair05_o2_S2,heavy_particle_count,199989
2,5,2,S2,k2_pair05_o2_S2,heavy_particle_fraction,0.052488079195337892
2,5,2,S2,k2_pair05_o2_S2,heavy_task_count_estimate,40.5
4,1,1,S1,k4_pair01_o1_S1,particle_count,3831929
4,1,1,S1,k4_pair01_o1_S1,occupancy_mean,504.20118421052632
4,1,1,S1,k4_pair01_o1_S1,occupancy_cv,2.1111274438831718
4,1,1,S1,k4_pair01_o1_S1,occupancy_p99,4500
4,1,1,S1,k4_pair01_o1_S1,occupancy_max,32000
4,1,1,S1,k4_pair01_o1_S1,heavy_threshold,0
4,1,1,S1,k4_pair01_o1_S1,heavy_cell_count,0
4,1,1,S1,k4_pair01_o1_S1,heavy_particle_count,0
4,1,1,S1,k4_pair01_o1_S1,heavy_particle_fraction,0
4,1,1,S1,k4_pair01_o1_S1,heavy_task_count_estimate,0
4,1,2,S2,k4_pair01_o2_S2,particle_count,3831929
4,1,2,S2,k4_pair01_o2_S2,occupancy_mean,504.20118421052632
4,1,2,S2,k4_pair01_o2_S2,occupancy_cv,2.1111276858704335
4,1,2,S2,k4_pair01_o2_S2,occupancy_p99,4500
4,1,2,S2,k4_pair01_o2_S2,occupancy_max,32000
4,1,2,S2,k4_pair01_o2_S2,heavy_threshold,8448
4,1,2,S2,k4_pair01_o2_S2,heavy_cell_count,20
4,1,2,S2,k4_pair01_o2_S2,heavy_particle_count,221989
4,1,2,S2,k4_pair01_o2_S2,heavy_particle_fraction,0.05792761104818106
4,1,2,S2,k4_pair01_o2_S2,heavy_task_count_estimate,43
4,2,1,S2,k4_pair02_o1_S2,particle_count,3831929
4,2,1,S2,k4_pair02_o1_S2,occupancy_mean,504.20118421052632
4,2,1,S2,k4_pair02_o1_S2,occupancy_cv,2.1111272571461601
4,2,1,S2,k4_pair02_o1_S2,occupancy_p99,4500
4,2,1,S2,k4_pair02_o1_S2,occupancy_max,32000
4,2,1,S2,k4_pair02_o1_S2,heavy_threshold,8448
4,2,1,S2,k4_pair02_o1_S2,heavy_cell_count,20
4,2,1,S2,k4_pair02_o1_S2,heavy_particle_count,221989
4,2,1,S2,k4_pair02_o1_S2,heavy_particle_fraction,0.05792761104818106
4,2,1,S2,k4_pair02_o1_S2,heavy_task_count_estimate,43
4,2,2,S1,k4_pair02_o2_S1,particle_count,3831929
4,2,2,S1,k4_pair02_o2_S1,occupancy_mean,504.20118421052632
4,2,2,S1,k4_pair02_o2_S1,occupancy_cv,2.1111276843242752
4,2,2,S1,k4_pair02_o2_S1,occupancy_p99,4500
4,2,2,S1,k4_pair02_o2_S1,occupancy_max,32000
4,2,2,S1,k4_pair02_o2_S1,heavy_threshold,0
4,2,2,S1,k4_pair02_o2_S1,heavy_cell_count,0
4,2,2,S1,k4_pair02_o2_S1,heavy_particle_count,0
4,2,2,S1,k4_pair02_o2_S1,heavy_particle_fraction,0
4,2,2,S1,k4_pair02_o2_S1,heavy_task_count_estimate,0
4,3,1,S1,k4_pair03_o1_S1,particle_count,3831929
4,3,1,S1,k4_pair03_o1_S1,occupancy_mean,504.20118421052632
4,3,1,S1,k4_pair03_o1_S1,occupancy_cv,2.1111275638470772
4,3,1,S1,k4_pair03_o1_S1,occupancy_p99,4500
4,3,1,S1,k4_pair03_o1_S1,occupancy_max,32000
4,3,1,S1,k4_pair03_o1_S1,heavy_threshold,0
4,3,1,S1,k4_pair03_o1_S1,heavy_cell_count,0
4,3,1,S1,k4_pair03_o1_S1,heavy_particle_count,0
4,3,1,S1,k4_pair03_o1_S1,heavy_particle_fraction,0
4,3,1,S1,k4_pair03_o1_S1,heavy_task_count_estimate,0
4,3,2,S2,k4_pair03_o2_S2,particle_count,3831929
4,3,2,S2,k4_pair03_o2_S2,occupancy_mean,504.20118421052632
4,3,2,S2,k4_pair03_o2_S2,occupancy_cv,2.1111271355161216
4,3,2,S2,k4_pair03_o2_S2,occupancy_p99,4500
4,3,2,S2,k4_pair03_o2_S2,occupancy_max,32000
4,3,2,S2,k4_pair03_o2_S2,heavy_threshold,8448
4,3,2,S2,k4_pair03_o2_S2,heavy_cell_count,20
4,3,2,S2,k4_pair03_o2_S2,heavy_particle_count,221989
4,3,2,S2,k4_pair03_o2_S2,heavy_particle_fraction,0.05792761104818106
4,3,2,S2,k4_pair03_o2_S2,heavy_task_count_estimate,43
4,4,1,S2,k4_pair04_o1_S2,particle_count,3831929
4,4,1,S2,k4_pair04_o1_S2,occupancy_mean,504.20118421052632
4,4,1,S2,k4_pair04_o1_S2,occupancy_cv,2.1111272003978336
4,4,1,S2,k4_pair04_o1_S2,occupancy_p99,4500
4,4,1,S2,k4_pair04_o1_S2,occupancy_max,32000
4,4,1,S2,k4_pair04_o1_S2,heavy_threshold,8448
4,4,1,S2,k4_pair04_o1_S2,heavy_cell_count,20
4,4,1,S2,k4_pair04_o1_S2,heavy_particle_count,221989
4,4,1,S2,k4_pair04_o1_S2,heavy_particle_fraction,0.05792761104818106
4,4,1,S2,k4_pair04_o1_S2,heavy_task_count_estimate,43
4,4,2,S1,k4_pair04_o2_S1,particle_count,3831929
4,4,2,S1,k4_pair04_o2_S1,occupancy_mean,504.20118421052632
4,4,2,S1,k4_pair04_o2_S1,occupancy_cv,2.1111271969192726
4,4,2,S1,k4_pair04_o2_S1,occupancy_p99,4500
4,4,2,S1,k4_pair04_o2_S1,occupancy_max,32000
4,4,2,S1,k4_pair04_o2_S1,heavy_threshold,0
4,4,2,S1,k4_pair04_o2_S1,heavy_cell_count,0
4,4,2,S1,k4_pair04_o2_S1,heavy_particle_count,0
4,4,2,S1,k4_pair04_o2_S1,heavy_particle_fraction,0
4,4,2,S1,k4_pair04_o2_S1,heavy_task_count_estimate,0
4,5,1,S1,k4_pair05_o1_S1,particle_count,3831929
4,5,1,S1,k4_pair05_o1_S1,occupancy_mean,504.20118421052632
4,5,1,S1,k4_pair05_o1_S1,occupancy_cv,2.1111275022691283
4,5,1,S1,k4_pair05_o1_S1,occupancy_p99,4500
4,5,1,S1,k4_pair05_o1_S1,occupancy_max,32000
4,5,1,S1,k4_pair05_o1_S1,heavy_threshold,0
4,5,1,S1,k4_pair05_o1_S1,heavy_cell_count,0
4,5,1,S1,k4_pair05_o1_S1,heavy_particle_count,0
4,5,1,S1,k4_pair05_o1_S1,heavy_particle_fraction,0
4,5,1,S1,k4_pair05_o1_S1,heavy_task_count_estimate,0
4,5,2,S2,k4_pair05_o2_S2,particle_count,3831929
4,5,2,S2,k4_pair05_o2_S2,occupancy_mean,504.20118421052632
4,5,2,S2,k4_pair05_o2_S2,occupancy_cv,2.1111273800986035
4,5,2,S2,k4_pair05_o2_S2,occupancy_p99,4500
4,5,2,S2,k4_pair05_o2_S2,occupancy_max,32000
4,5,2,S2,k4_pair05_o2_S2,heavy_threshold,8448
4,5,2,S2,k4_pair05_o2_S2,heavy_cell_count,20
4,5,2,S2,k4_pair05_o2_S2,heavy_particle_count,221989
4,5,2,S2,k4_pair05_o2_S2,heavy_particle_fraction,0.05792761104818106
4,5,2,S2,k4_pair05_o2_S2,heavy_task_count_estimate,43
8,1,1,S1,k8_pair01_o1_S1,particle_count,3875929
8,1,1,S1,k8_pair01_o1_S1,occupancy_mean,509.99065789473684
8,1,1,S1,k8_pair01_o1_S1,occupancy_cv,2.472172726620415
8,1,1,S1,k8_pair01_o1_S1,occupancy_p99,4500
8,1,1,S1,k8_pair01_o1_S1,occupancy_max,60999.5
8,1,1,S1,k8_pair01_o1_S1,heavy_threshold,0
8,1,1,S1,k8_pair01_o1_S1,heavy_cell_count,0
8,1,1,S1,k8_pair01_o1_S1,heavy_particle_count,0
8,1,1,S1,k8_pair01_o1_S1,heavy_particle_fraction,0
8,1,1,S1,k8_pair01_o1_S1,heavy_task_count_estimate,0
8,1,2,S2,k8_pair01_o2_S2,particle_count,3875929
8,1,2,S2,k8_pair01_o2_S2,occupancy_mean,509.99065789473684
8,1,2,S2,k8_pair01_o2_S2,occupancy_cv,2.4721729287722138
8,1,2,S2,k8_pair01_o2_S2,occupancy_p99,4500
8,1,2,S2,k8_pair01_o2_S2,occupancy_max,60999.5
8,1,2,S2,k8_pair01_o2_S2,heavy_threshold,8512
8,1,2,S2,k8_pair01_o2_S2,heavy_cell_count,15
8,1,2,S2,k8_pair01_o2_S2,heavy_particle_count,229496
8,1,2,S2,k8_pair01_o2_S2,heavy_particle_fraction,0.059202416067747191
8,1,2,S2,k8_pair01_o2_S2,heavy_task_count_estimate,38.5
8,2,1,S2,k8_pair02_o1_S2,particle_count,3875929
8,2,1,S2,k8_pair02_o1_S2,occupancy_mean,509.99065789473684
8,2,1,S2,k8_pair02_o1_S2,occupancy_cv,2.4721725735299822
8,2,1,S2,k8_pair02_o1_S2,occupancy_p99,4500
8,2,1,S2,k8_pair02_o1_S2,occupancy_max,60999.5
8,2,1,S2,k8_pair02_o1_S2,heavy_threshold,8512
8,2,1,S2,k8_pair02_o1_S2,heavy_cell_count,15
8,2,1,S2,k8_pair02_o1_S2,heavy_particle_count,229496
8,2,1,S2,k8_pair02_o1_S2,heavy_particle_fraction,0.059202416067747191
8,2,1,S2,k8_pair02_o1_S2,heavy_task_count_estimate,38.5
8,2,2,S1,k8_pair02_o2_S1,particle_count,3875929
8,2,2,S1,k8_pair02_o2_S1,occupancy_mean,509.99065789473684
8,2,2,S1,k8_pair02_o2_S1,occupancy_cv,2.4721727755886169
8,2,2,S1,k8_pair02_o2_S1,occupancy_p99,4500
8,2,2,S1,k8_pair02_o2_S1,occupancy_max,60999.5
8,2,2,S1,k8_pair02_o2_S1,heavy_threshold,0
8,2,2,S1,k8_pair02_o2_S1,heavy_cell_count,0
8,2,2,S1,k8_pair02_o2_S1,heavy_particle_count,0
8,2,2,S1,k8_pair02_o2_S1,heavy_particle_fraction,0
8,2,2,S1,k8_pair02_o2_S1,heavy_task_count_estimate,0
8,3,1,S1,k8_pair03_o1_S1,particle_count,3875929
8,3,1,S1,k8_pair03_o1_S1,occupancy_mean,509.99065789473684
8,3,1,S1,k8_pair03_o1_S1,occupancy_cv,2.4721731864198428
8,3,1,S1,k8_pair03_o1_S1,occupancy_p99,4500
8,3,1,S1,k8_pair03_o1_S1,occupancy_max,60999.5
8,3,1,S1,k8_pair03_o1_S1,heavy_threshold,0
8,3,1,S1,k8_pair03_o1_S1,heavy_cell_count,0
8,3,1,S1,k8_pair03_o1_S1,heavy_particle_count,0
8,3,1,S1,k8_pair03_o1_S1,heavy_particle_fraction,0
8,3,1,S1,k8_pair03_o1_S1,heavy_task_count_estimate,0
8,3,2,S2,k8_pair03_o2_S2,particle_count,3875929
8,3,2,S2,k8_pair03_o2_S2,occupancy_mean,509.99065789473684
8,3,2,S2,k8_pair03_o2_S2,occupancy_cv,2.4721731861963341
8,3,2,S2,k8_pair03_o2_S2,occupancy_p99,4500
8,3,2,S2,k8_pair03_o2_S2,occupancy_max,60999.5
8,3,2,S2,k8_pair03_o2_S2,heavy_threshold,8512
8,3,2,S2,k8_pair03_o2_S2,heavy_cell_count,15
8,3,2,S2,k8_pair03_o2_S2,heavy_particle_count,229496
8,3,2,S2,k8_pair03_o2_S2,heavy_particle_fraction,0.059202416067747191
8,3,2,S2,k8_pair03_o2_S2,heavy_task_count_estimate,38.5
8,4,1,S2,k8_pair04_o1_S2,particle_count,3875929
8,4,1,S2,k8_pair04_o1_S2,occupancy_mean,509.99065789473684
8,4,1,S2,k8_pair04_o1_S2,occupancy_cv,2.4721728256146633
8,4,1,S2,k8_pair04_o1_S2,occupancy_p99,4500
8,4,1,S2,k8_pair04_o1_S2,occupancy_max,60999.5
8,4,1,S2,k8_pair04_o1_S2,heavy_threshold,8512
8,4,1,S2,k8_pair04_o1_S2,heavy_cell_count,15
8,4,1,S2,k8_pair04_o1_S2,heavy_particle_count,229496
8,4,1,S2,k8_pair04_o1_S2,heavy_particle_fraction,0.059202416067747191
8,4,1,S2,k8_pair04_o1_S2,heavy_task_count_estimate,38.5
8,4,2,S1,k8_pair04_o2_S1,particle_count,3875929
8,4,2,S1,k8_pair04_o2_S1,occupancy_mean,509.99065789473684
8,4,2,S1,k8_pair04_o2_S1,occupancy_cv,2.4721729781623263
8,4,2,S1,k8_pair04_o2_S1,occupancy_p99,4500
8,4,2,S1,k8_pair04_o2_S1,occupancy_max,60999.5
8,4,2,S1,k8_pair04_o2_S1,heavy_threshold,0
8,4,2,S1,k8_pair04_o2_S1,heavy_cell_count,0
8,4,2,S1,k8_pair04_o2_S1,heavy_particle_count,0
8,4,2,S1,k8_pair04_o2_S1,heavy_particle_fraction,0
8,4,2,S1,k8_pair04_o2_S1,heavy_task_count_estimate,0
8,5,1,S1,k8_pair05_o1_S1,particle_count,3875929
8,5,1,S1,k8_pair05_o1_S1,occupancy_mean,509.99065789473684
8,5,1,S1,k8_pair05_o1_S1,occupancy_cv,2.4721731356008414
8,5,1,S1,k8_pair05_o1_S1,occupancy_p99,4500
8,5,1,S1,k8_pair05_o1_S1,occupancy_max,60999.5
8,5,1,S1,k8_pair05_o1_S1,heavy_threshold,0
8,5,1,S1,k8_pair05_o1_S1,heavy_cell_count,0
8,5,1,S1,k8_pair05_o1_S1,heavy_particle_count,0
8,5,1,S1,k8_pair05_o1_S1,heavy_particle_fraction,0
8,5,1,S1,k8_pair05_o1_S1,heavy_task_count_estimate,0
8,5,2,S2,k8_pair05_o2_S2,particle_count,3875929
8,5,2,S2,k8_pair05_o2_S2,occupancy_mean,509.99065789473684
8,5,2,S2,k8_pair05_o2_S2,occupancy_cv,2.4721728798129332
8,5,2,S2,k8_pair05_o2_S2,occupancy_p99,4500
8,5,2,S2,k8_pair05_o2_S2,occupancy_max,60999.5
8,5,2,S2,k8_pair05_o2_S2,heavy_threshold,8512
8,5,2,S2,k8_pair05_o2_S2,heavy_cell_count,15
8,5,2,S2,k8_pair05_o2_S2,heavy_particle_count,229496
8,5,2,S2,k8_pair05_o2_S2,heavy_particle_fraction,0.059202416067747191
8,5,2,S2,k8_pair05_o2_S2,heavy_task_count_estimate,38.5
16,1,1,S1,k16_pair01_o1_S1,particle_count,3963929
16,1,1,S1,k16_pair01_o1_S1,occupancy_mean,521.56960526315788
16,1,1,S1,k16_pair01_o1_S1,occupancy_cv,3.5074423978610243
16,1,1,S1,k16_pair01_o1_S1,occupancy_p99,4500
16,1,1,S1,k16_pair01_o1_S1,occupancy_max,118994
16,1,1,S1,k16_pair01_o1_S1,heavy_threshold,0
16,1,1,S1,k16_pair01_o1_S1,heavy_cell_count,0
16,1,1,S1,k16_pair01_o1_S1,heavy_particle_count,0
16,1,1,S1,k16_pair01_o1_S1,heavy_particle_fraction,0
16,1,1,S1,k16_pair01_o1_S1,heavy_task_count_estimate,0
16,1,2,S2,k16_pair01_o2_S2,particle_count,3963929
16,1,2,S2,k16_pair01_o2_S2,occupancy_mean,521.56960526315788
16,1,2,S2,k16_pair01_o2_S2,occupancy_cv,3.5074422954859186
16,1,2,S2,k16_pair01_o2_S2,occupancy_p99,4500
16,1,2,S2,k16_pair01_o2_S2,occupancy_max,118994
16,1,2,S2,k16_pair01_o2_S2,heavy_threshold,8704
16,1,2,S2,k16_pair01_o2_S2,heavy_cell_count,15
16,1,2,S2,k16_pair01_o2_S2,heavy_particle_count,317496
16,1,2,S2,k16_pair01_o2_S2,heavy_particle_fraction,0.080085490734191925
16,1,2,S2,k16_pair01_o2_S2,heavy_task_count_estimate,48
16,2,1,S2,k16_pair02_o1_S2,particle_count,3963929
16,2,1,S2,k16_pair02_o1_S2,occupancy_mean,521.56960526315788
16,2,1,S2,k16_pair02_o1_S2,occupancy_cv,3.5074423289069592
16,2,1,S2,k16_pair02_o1_S2,occupancy_p99,4500
16,2,1,S2,k16_pair02_o1_S2,occupancy_max,118994
16,2,1,S2,k16_pair02_o1_S2,heavy_threshold,8704
16,2,1,S2,k16_pair02_o1_S2,heavy_cell_count,15
16,2,1,S2,k16_pair02_o1_S2,heavy_particle_count,317496
16,2,1,S2,k16_pair02_o1_S2,heavy_particle_fraction,0.080085490734191925
16,2,1,S2,k16_pair02_o1_S2,heavy_task_count_estimate,48
16,2,2,S1,k16_pair02_o2_S1,particle_count,3963929
16,2,2,S1,k16_pair02_o2_S1,occupancy_mean,521.56960526315788
16,2,2,S1,k16_pair02_o2_S1,occupancy_cv,3.5074423289069592
16,2,2,S1,k16_pair02_o2_S1,occupancy_p99,4500
16,2,2,S1,k16_pair02_o2_S1,occupancy_max,118994
16,2,2,S1,k16_pair02_o2_S1,heavy_threshold,0
16,2,2,S1,k16_pair02_o2_S1,heavy_cell_count,0
16,2,2,S1,k16_pair02_o2_S1,heavy_particle_count,0
16,2,2,S1,k16_pair02_o2_S1,heavy_particle_fraction,0
16,2,2,S1,k16_pair02_o2_S1,heavy_task_count_estimate,0
16,3,1,S1,k16_pair03_o1_S1,particle_count,3963929
16,3,1,S1,k16_pair03_o1_S1,occupancy_mean,521.56960526315788
16,3,1,S1,k16_pair03_o1_S1,occupancy_cv,3.5074423286286898
16,3,1,S1,k16_pair03_o1_S1,occupancy_p99,4500
16,3,1,S1,k16_pair03_o1_S1,occupancy_max,118994
16,3,1,S1,k16_pair03_o1_S1,heavy_threshold,0
16,3,1,S1,k16_pair03_o1_S1,heavy_cell_count,0
16,3,1,S1,k16_pair03_o1_S1,heavy_particle_count,0
16,3,1,S1,k16_pair03_o1_S1,heavy_particle_fraction,0
16,3,1,S1,k16_pair03_o1_S1,heavy_task_count_estimate,0
16,3,2,S2,k16_pair03_o2_S2,particle_count,3963929
16,3,2,S2,k16_pair03_o2_S2,occupancy_mean,521.56960526315788
16,3,2,S2,k16_pair03_o2_S2,occupancy_cv,3.5074423969060291
16,3,2,S2,k16_pair03_o2_S2,occupancy_p99,4500
16,3,2,S2,k16_pair03_o2_S2,occupancy_max,118994
16,3,2,S2,k16_pair03_o2_S2,heavy_threshold,8704
16,3,2,S2,k16_pair03_o2_S2,heavy_cell_count,15
16,3,2,S2,k16_pair03_o2_S2,heavy_particle_count,317496
16,3,2,S2,k16_pair03_o2_S2,heavy_particle_fraction,0.080085490734191925
16,3,2,S2,k16_pair03_o2_S2,heavy_task_count_estimate,48
16,4,1,S2,k16_pair04_o1_S2,particle_count,3963929
16,4,1,S2,k16_pair04_o1_S2,occupancy_mean,521.56960526315788
16,4,1,S2,k16_pair04_o1_S2,occupancy_cv,3.5074424666796187
16,4,1,S2,k16_pair04_o1_S2,occupancy_p99,4500
16,4,1,S2,k16_pair04_o1_S2,occupancy_max,118994
16,4,1,S2,k16_pair04_o1_S2,heavy_threshold,8704
16,4,1,S2,k16_pair04_o1_S2,heavy_cell_count,15
16,4,1,S2,k16_pair04_o1_S2,heavy_particle_count,317496
16,4,1,S2,k16_pair04_o1_S2,heavy_particle_fraction,0.080085490734191925
16,4,1,S2,k16_pair04_o1_S2,heavy_task_count_estimate,48
16,4,2,S1,k16_pair04_o2_S1,particle_count,3963929
16,4,2,S1,k16_pair04_o2_S1,occupancy_mean,521.56960526315788
16,4,2,S1,k16_pair04_o2_S1,occupancy_cv,3.5074423286286898
16,4,2,S1,k16_pair04_o2_S1,occupancy_p99,4500
16,4,2,S1,k16_pair04_o2_S1,occupancy_max,118994
16,4,2,S1,k16_pair04_o2_S1,heavy_threshold,0
16,4,2,S1,k16_pair04_o2_S1,heavy_cell_count,0
16,4,2,S1,k16_pair04_o2_S1,heavy_particle_count,0
16,4,2,S1,k16_pair04_o2_S1,heavy_particle_fraction,0
16,4,2,S1,k16_pair04_o2_S1,heavy_task_count_estimate,0
16,5,1,S1,k16_pair05_o1_S1,particle_count,3963929
16,5,1,S1,k16_pair05_o1_S1,occupancy_mean,521.56960526315788
16,5,1,S1,k16_pair05_o1_S1,occupancy_cv,3.5074423969060291
16,5,1,S1,k16_pair05_o1_S1,occupancy_p99,4500
16,5,1,S1,k16_pair05_o1_S1,occupancy_max,118994
16,5,1,S1,k16_pair05_o1_S1,heavy_threshold,0
16,5,1,S1,k16_pair05_o1_S1,heavy_cell_count,0
16,5,1,S1,k16_pair05_o1_S1,heavy_particle_count,0
16,5,1,S1,k16_pair05_o1_S1,heavy_particle_fraction,0
16,5,1,S1,k16_pair05_o1_S1,heavy_task_count_estimate,0
16,5,2,S2,k16_pair05_o2_S2,particle_count,3963929
16,5,2,S2,k16_pair05_o2_S2,occupancy_mean,521.56960526315788
16,5,2,S2,k16_pair05_o2_S2,occupancy_cv,3.5074425349569553
16,5,2,S2,k16_pair05_o2_S2,occupancy_p99,4500
16,5,2,S2,k16_pair05_o2_S2,occupancy_max,118994
16,5,2,S2,k16_pair05_o2_S2,heavy_threshold,8704
16,5,2,S2,k16_pair05_o2_S2,heavy_cell_count,15
16,5,2,S2,k16_pair05_o2_S2,heavy_particle_count,317496
16,5,2,S2,k16_pair05_o2_S2,heavy_particle_fraction,0.080085490734191925
16,5,2,S2,k16_pair05_o2_S2,heavy_task_count_estimate,48
32,1,1,S1,k32_pair01_o1_S1,particle_count,4139929
32,1,1,S1,k32_pair01_o1_S1,occupancy_mean,544.72749999999996
32,1,1,S1,k32_pair01_o1_S1,occupancy_cv,5.8725828677347387
32,1,1,S1,k32_pair01_o1_S1,occupancy_p99,4500
32,1,1,S1,k32_pair01_o1_S1,occupancy_max,235001
32,1,1,S1,k32_pair01_o1_S1,heavy_threshold,0
32,1,1,S1,k32_pair01_o1_S1,heavy_cell_count,0
32,1,1,S1,k32_pair01_o1_S1,heavy_particle_count,0
32,1,1,S1,k32_pair01_o1_S1,heavy_particle_fraction,0
32,1,1,S1,k32_pair01_o1_S1,heavy_task_count_estimate,0
32,1,2,S2,k32_pair01_o2_S2,particle_count,4139929
32,1,2,S2,k32_pair01_o2_S2,occupancy_mean,544.72749999999996
32,1,2,S2,k32_pair01_o2_S2,occupancy_cv,5.8725827921020706
32,1,2,S2,k32_pair01_o2_S2,occupancy_p99,4500
32,1,2,S2,k32_pair01_o2_S2,occupancy_max,235001
32,1,2,S2,k32_pair01_o2_S2,heavy_threshold,9088
32,1,2,S2,k32_pair01_o2_S2,heavy_cell_count,12
32,1,2,S2,k32_pair01_o2_S2,heavy_particle_count,463248.5
32,1,2,S2,k32_pair01_o2_S2,heavy_particle_fraction,0.11191387363750571
32,1,2,S2,k32_pair01_o2_S2,heavy_task_count_estimate,61
32,2,1,S2,k32_pair02_o1_S2,particle_count,4139929
32,2,1,S2,k32_pair02_o1_S2,occupancy_mean,544.72749999999996
32,2,1,S2,k32_pair02_o1_S2,occupancy_cv,5.8725828294280102
32,2,1,S2,k32_pair02_o1_S2,occupancy_p99,4500
32,2,1,S2,k32_pair02_o1_S2,occupancy_max,235001
32,2,1,S2,k32_pair02_o1_S2,heavy_threshold,9088
32,2,1,S2,k32_pair02_o1_S2,heavy_cell_count,12
32,2,1,S2,k32_pair02_o1_S2,heavy_particle_count,463248.5
32,2,1,S2,k32_pair02_o1_S2,heavy_particle_fraction,0.11191387363750571
32,2,1,S2,k32_pair02_o1_S2,heavy_task_count_estimate,61
32,2,2,S1,k32_pair02_o2_S1,particle_count,4139929
32,2,2,S1,k32_pair02_o2_S1,occupancy_mean,544.72749999999996
32,2,2,S1,k32_pair02_o2_S1,occupancy_cv,5.872582905022484
32,2,2,S1,k32_pair02_o2_S1,occupancy_p99,4500
32,2,2,S1,k32_pair02_o2_S1,occupancy_max,235001
32,2,2,S1,k32_pair02_o2_S1,heavy_threshold,0
32,2,2,S1,k32_pair02_o2_S1,heavy_cell_count,0
32,2,2,S1,k32_pair02_o2_S1,heavy_particle_count,0
32,2,2,S1,k32_pair02_o2_S1,heavy_particle_fraction,0
32,2,2,S1,k32_pair02_o2_S1,heavy_task_count_estimate,0
32,3,1,S1,k32_pair03_o1_S1,particle_count,4139929
32,3,1,S1,k32_pair03_o1_S1,occupancy_mean,544.72749999999996
32,3,1,S1,k32_pair03_o1_S1,occupancy_cv,5.8725828863217551
32,3,1,S1,k32_pair03_o1_S1,occupancy_p99,4500
32,3,1,S1,k32_pair03_o1_S1,occupancy_max,235001
32,3,1,S1,k32_pair03_o1_S1,heavy_threshold,0
32,3,1,S1,k32_pair03_o1_S1,heavy_cell_count,0
32,3,1,S1,k32_pair03_o1_S1,heavy_particle_count,0
32,3,1,S1,k32_pair03_o1_S1,heavy_particle_fraction,0
32,3,1,S1,k32_pair03_o1_S1,heavy_task_count_estimate,0
32,3,2,S2,k32_pair03_o2_S2,particle_count,4139929
32,3,2,S2,k32_pair03_o2_S2,occupancy_mean,544.72749999999996
32,3,2,S2,k32_pair03_o2_S2,occupancy_cv,5.8725829049842897
32,3,2,S2,k32_pair03_o2_S2,occupancy_p99,4500
32,3,2,S2,k32_pair03_o2_S2,occupancy_max,235001
32,3,2,S2,k32_pair03_o2_S2,heavy_threshold,9088
32,3,2,S2,k32_pair03_o2_S2,heavy_cell_count,12
32,3,2,S2,k32_pair03_o2_S2,heavy_particle_count,463248.5
32,3,2,S2,k32_pair03_o2_S2,heavy_particle_fraction,0.11191387363750571
32,3,2,S2,k32_pair03_o2_S2,heavy_task_count_estimate,61
32,4,1,S2,k32_pair04_o1_S2,particle_count,4139929
32,4,1,S2,k32_pair04_o1_S2,occupancy_mean,544.72749999999996
32,4,1,S2,k32_pair04_o1_S2,occupancy_cv,5.8725828295425924
32,4,1,S2,k32_pair04_o1_S2,occupancy_p99,4500
32,4,1,S2,k32_pair04_o1_S2,occupancy_max,235001
32,4,1,S2,k32_pair04_o1_S2,heavy_threshold,9088
32,4,1,S2,k32_pair04_o1_S2,heavy_cell_count,12
32,4,1,S2,k32_pair04_o1_S2,heavy_particle_count,463248.5
32,4,1,S2,k32_pair04_o1_S2,heavy_particle_fraction,0.11191387363750571
32,4,1,S2,k32_pair04_o1_S2,heavy_task_count_estimate,61
32,4,2,S1,k32_pair04_o2_S1,particle_count,4139929
32,4,2,S1,k32_pair04_o2_S1,occupancy_mean,544.72749999999996
32,4,2,S1,k32_pair04_o2_S1,occupancy_cv,5.8725829049842897
32,4,2,S1,k32_pair04_o2_S1,occupancy_p99,4500
32,4,2,S1,k32_pair04_o2_S1,occupancy_max,235001
32,4,2,S1,k32_pair04_o2_S1,heavy_threshold,0
32,4,2,S1,k32_pair04_o2_S1,heavy_cell_count,0
32,4,2,S1,k32_pair04_o2_S1,heavy_particle_count,0
32,4,2,S1,k32_pair04_o2_S1,heavy_particle_fraction,0
32,4,2,S1,k32_pair04_o2_S1,heavy_task_count_estimate,0
32,5,1,S1,k32_pair05_o1_S1,particle_count,4139929
32,5,1,S1,k32_pair05_o1_S1,occupancy_mean,544.72749999999996
32,5,1,S1,k32_pair05_o1_S1,occupancy_cv,5.872582905022484
32,5,1,S1,k32_pair05_o1_S1,occupancy_p99,4500
32,5,1,S1,k32_pair05_o1_S1,occupancy_max,235001
32,5,1,S1,k32_pair05_o1_S1,heavy_threshold,0
32,5,1,S1,k32_pair05_o1_S1,heavy_cell_count,0
32,5,1,S1,k32_pair05_o1_S1,heavy_particle_count,0
32,5,1,S1,k32_pair05_o1_S1,heavy_particle_fraction,0
32,5,1,S1,k32_pair05_o1_S1,heavy_task_count_estimate,0
32,5,2,S2,k32_pair05_o2_S2,particle_count,4139929
32,5,2,S2,k32_pair05_o2_S2,occupancy_mean,544.72749999999996
32,5,2,S2,k32_pair05_o2_S2,occupancy_cv,5.8725828676965453
32,5,2,S2,k32_pair05_o2_S2,occupancy_p99,4500
32,5,2,S2,k32_pair05_o2_S2,occupancy_max,235001
32,5,2,S2,k32_pair05_o2_S2,heavy_threshold,9088
32,5,2,S2,k32_pair05_o2_S2,heavy_cell_count,12
32,5,2,S2,k32_pair05_o2_S2,heavy_particle_count,463248.5
32,5,2,S2,k32_pair05_o2_S2,heavy_particle_fraction,0.11191387363750571
32,5,2,S2,k32_pair05_o2_S2,heavy_task_count_estimate,61
64,1,1,S1,k64_pair01_o1_S1,particle_count,4491929
64,1,1,S1,k64_pair01_o1_S1,occupancy_mean,591.04328947368413
64,1,1,S1,k64_pair01_o1_S1,occupancy_cv,10.359768448230763
64,1,1,S1,k64_pair01_o1_S1,occupancy_p99,4500
64,1,1,S1,k64_pair01_o1_S1,occupancy_max,467016.5
64,1,1,S1,k64_pair01_o1_S1,heavy_threshold,0
64,1,1,S1,k64_pair01_o1_S1,heavy_cell_count,0
64,1,1,S1,k64_pair01_o1_S1,heavy_particle_count,0
64,1,1,S1,k64_pair01_o1_S1,heavy_particle_fraction,0
64,1,1,S1,k64_pair01_o1_S1,heavy_task_count_estimate,0
64,1,2,S2,k64_pair01_o2_S2,particle_count,4491929
64,1,2,S2,k64_pair01_o2_S2,occupancy_mean,591.04328947368413
64,1,2,S2,k64_pair01_o2_S2,occupancy_cv,10.359768475833203
64,1,2,S2,k64_pair01_o2_S2,occupancy_p99,4500
64,1,2,S2,k64_pair01_o2_S2,occupancy_max,467016.5
64,1,2,S2,k64_pair01_o2_S2,heavy_threshold,9856
64,1,2,S2,k64_pair01_o2_S2,heavy_cell_count,8
64,1,2,S2,k64_pair01_o2_S2,heavy_particle_count,775248.5
64,1,2,S2,k64_pair01_o2_S2,heavy_particle_fraction,0.17256918470454313
64,1,2,S2,k64_pair01_o2_S2,heavy_task_count_estimate,85
64,2,1,S2,k64_pair02_o1_S2,particle_count,4491929
64,2,1,S2,k64_pair02_o1_S2,occupancy_mean,591.04328947368413
64,2,1,S2,k64_pair02_o1_S2,occupancy_cv,10.359768466677119
64,2,1,S2,k64_pair02_o1_S2,occupancy_p99,4500
64,2,1,S2,k64_pair02_o1_S2,occupancy_max,467016.5
64,2,1,S2,k64_pair02_o1_S2,heavy_threshold,9856
64,2,1,S2,k64_pair02_o1_S2,heavy_cell_count,8
64,2,1,S2,k64_pair02_o1_S2,heavy_particle_count,775248.5
64,2,1,S2,k64_pair02_o1_S2,heavy_particle_fraction,0.17256918470454313
64,2,1,S2,k64_pair02_o1_S2,heavy_task_count_estimate,85
64,2,2,S1,k64_pair02_o2_S1,particle_count,4491929
64,2,2,S1,k64_pair02_o2_S1,occupancy_mean,591.04328947368413
64,2,2,S1,k64_pair02_o2_S1,occupancy_cv,10.359768430295613
64,2,2,S1,k64_pair02_o2_S1,occupancy_p99,4500
64,2,2,S1,k64_pair02_o2_S1,occupancy_max,467016.5
64,2,2,S1,k64_pair02_o2_S1,heavy_threshold,0
64,2,2,S1,k64_pair02_o2_S1,heavy_cell_count,0
64,2,2,S1,k64_pair02_o2_S1,heavy_particle_count,0
64,2,2,S1,k64_pair02_o2_S1,heavy_particle_fraction,0
64,2,2,S1,k64_pair02_o2_S1,heavy_task_count_estimate,0
64,3,1,S1,k64_pair03_o1_S1,particle_count,4491929
64,3,1,S1,k64_pair03_o1_S1,occupancy_mean,591.04328947368413
64,3,1,S1,k64_pair03_o1_S1,occupancy_cv,10.359768466677119
64,3,1,S1,k64_pair03_o1_S1,occupancy_p99,4500
64,3,1,S1,k64_pair03_o1_S1,occupancy_max,467016.5
64,3,1,S1,k64_pair03_o1_S1,heavy_threshold,0
64,3,1,S1,k64_pair03_o1_S1,heavy_cell_count,0
64,3,1,S1,k64_pair03_o1_S1,heavy_particle_count,0
64,3,1,S1,k64_pair03_o1_S1,heavy_particle_fraction,0
64,3,1,S1,k64_pair03_o1_S1,heavy_task_count_estimate,0
64,3,2,S2,k64_pair03_o2_S2,particle_count,4491929
64,3,2,S2,k64_pair03_o2_S2,occupancy_mean,591.04328947368413
64,3,2,S2,k64_pair03_o2_S2,occupancy_cv,10.359768430277201
64,3,2,S2,k64_pair03_o2_S2,occupancy_p99,4500
64,3,2,S2,k64_pair03_o2_S2,occupancy_max,467016.5
64,3,2,S2,k64_pair03_o2_S2,heavy_threshold,9856
64,3,2,S2,k64_pair03_o2_S2,heavy_cell_count,8
64,3,2,S2,k64_pair03_o2_S2,heavy_particle_count,775248.5
64,3,2,S2,k64_pair03_o2_S2,heavy_particle_fraction,0.17256918470454313
64,3,2,S2,k64_pair03_o2_S2,heavy_task_count_estimate,85
64,4,1,S2,k64_pair04_o1_S2,particle_count,4491929
64,4,1,S2,k64_pair04_o1_S2,occupancy_mean,591.04328947368413
64,4,1,S2,k64_pair04_o1_S2,occupancy_cv,10.359768448212353
64,4,1,S2,k64_pair04_o1_S2,occupancy_p99,4500
64,4,1,S2,k64_pair04_o1_S2,occupancy_max,467016.5
64,4,1,S2,k64_pair04_o1_S2,heavy_threshold,9856
64,4,1,S2,k64_pair04_o1_S2,heavy_cell_count,8
64,4,1,S2,k64_pair04_o1_S2,heavy_particle_count,775248.5
64,4,1,S2,k64_pair04_o1_S2,heavy_particle_fraction,0.17256918470454313
64,4,1,S2,k64_pair04_o1_S2,heavy_task_count_estimate,85
64,4,2,S1,k64_pair04_o2_S1,particle_count,4491929
64,4,2,S1,k64_pair04_o2_S1,occupancy_mean,591.04328947368413
64,4,2,S1,k64_pair04_o2_S1,occupancy_cv,10.359768475635718
64,4,2,S1,k64_pair04_o2_S1,occupancy_p99,4500
64,4,2,S1,k64_pair04_o2_S1,occupancy_max,467016.5
64,4,2,S1,k64_pair04_o2_S1,heavy_threshold,0
64,4,2,S1,k64_pair04_o2_S1,heavy_cell_count,0
64,4,2,S1,k64_pair04_o2_S1,heavy_particle_count,0
64,4,2,S1,k64_pair04_o2_S1,heavy_particle_fraction,0
64,4,2,S1,k64_pair04_o2_S1,heavy_task_count_estimate,0
64,5,1,S1,k64_pair05_o1_S1,particle_count,4491929
64,5,1,S1,k64_pair05_o1_S1,occupancy_mean,591.04328947368413
64,5,1,S1,k64_pair05_o1_S1,occupancy_cv,10.359768475851613
64,5,1,S1,k64_pair05_o1_S1,occupancy_p99,4500
64,5,1,S1,k64_pair05_o1_S1,occupancy_max,467016.5
64,5,1,S1,k64_pair05_o1_S1,heavy_threshold,0
64,5,1,S1,k64_pair05_o1_S1,heavy_cell_count,0
64,5,1,S1,k64_pair05_o1_S1,heavy_particle_count,0
64,5,1,S1,k64_pair05_o1_S1,heavy_particle_fraction,0
64,5,1,S1,k64_pair05_o1_S1,heavy_task_count_estimate,0
64,5,2,S2,k64_pair05_o2_S2,particle_count,4491929
64,5,2,S2,k64_pair05_o2_S2,occupancy_mean,591.04328947368413
64,5,2,S2,k64_pair05_o2_S2,occupancy_cv,10.359768466677119
64,5,2,S2,k64_pair05_o2_S2,occupancy_p99,4500
64,5,2,S2,k64_pair05_o2_S2,occupancy_max,467016.5
64,5,2,S2,k64_pair05_o2_S2,heavy_threshold,9856
64,5,2,S2,k64_pair05_o2_S2,heavy_cell_count,8
64,5,2,S2,k64_pair05_o2_S2,heavy_particle_count,775248.5
64,5,2,S2,k64_pair05_o2_S2,heavy_particle_fraction,0.17256918470454313
64,5,2,S2,k64_pair05_o2_S2,heavy_task_count_estimate,85
