factor,pair,stage,s1_median_ms,s2_median_ms,s1_over_s2_speedup
1,1,total_ms,24.654848099999999,25.226752250000001,0.97732945785758052
1,1,gas_flux_ms,0.3717119995,0.37273600699999998,0.99725272718286118
1,1,eulerian_coupling_ms,0.10649599849999999,0.10188799700000001,1.045226146706957
1,1,injection_ms,0.032767999899999997,0.032767999899999997,1
1,1,bin_pre_ms,0.036480000250000005,0.093712002049999993,0.38927778141519287
1,1,pressure_pre_ms,1.4815520049999999,1.47814405,1.0023055635206866
1,1,collision_pool_ms,0.727039993,0.87296000100000004,0.83284456580731692
1,1,relax_ms,10.52876805,10.6419201,0.98936732761224166
1,1,track_ms,3.8896640549999999,3.8481919749999998,1.0107770299063628
1,1,bin_post_ms,0.373760015,0.38195198800000002,0.97855234883605313
1,1,moments_ms,1.5831039549999999,1.8206720349999999,0.86951626902974866
1,1,pressure_post_ms,1.522176025,1.525759995,0.99765102636604386
1,1,compaction_ms,3.9449599950000001,3.9562240850000001,0.99715281800070232
1,1,boundary_ms,0.0255999994,0.02465599965,1.03828681713986
1,2,total_ms,25.057791700000003,25.339904799999999,0.98886684451947915
1,2,gas_flux_ms,0.32615999900000003,0.3624960035,0.89976164109627221
1,2,eulerian_coupling_ms,0.1035199985,0.1029119975,1.0059079700595648
1,2,injection_ms,0.032767999899999997,0.032767999899999997,1
1,2,bin_pre_ms,0.019983999449999998,0.088064000050000008,0.22692586571872392
1,2,pressure_pre_ms,1.4827519650000001,1.4774400550000002,1.0035953472237491
1,2,collision_pool_ms,0.73932799699999996,0.87296000100000004,0.84692081670761443
1,2,relax_ms,10.822144,10.711040050000001,1.0103728442318727
1,2,track_ms,3.9418880949999999,3.9157760100000001,1.0066684317318753
1,2,bin_post_ms,0.37785598599999998,0.38348799950000001,0.98531371644655585
1,2,moments_ms,1.6235519649999999,1.8380799849999998,0.88328689624461587
1,2,pressure_post_ms,1.53958398,1.5262719950000001,1.0087218956015764
1,2,compaction_ms,3.9608319999999999,3.9454720000000001,1.0038930703348039
1,2,boundary_ms,0.0255999994,0.0255999994,1
1,3,total_ms,24.987648,25.539071999999997,0.97840861249774469
1,3,gas_flux_ms,0.32153600449999997,0.31129600099999999,1.0328947479797532
1,3,eulerian_coupling_ms,0.104959998,0.103935998,1.0098522169383508
1,3,injection_ms,0.032816000249999998,0.033280000099999998,0.98605769685679778
1,3,bin_pre_ms,0.020479999499999998,0.086688000749999994,0.23624953076334501
1,3,pressure_pre_ms,1.484287975,1.4812159550000001,1.0020739852211489
1,3,collision_pool_ms,0.73932799699999996,0.88319999000000005,0.83710145535667402
1,3,relax_ms,10.75711965,10.8108802,0.99502718104303844
1,3,track_ms,3.991551995,3.9516160449999997,1.0101062323730898
1,3,bin_post_ms,0.37785598599999998,0.385024011,0.98138291432427049
1,3,moments_ms,1.6255999800000001,1.8693119899999999,0.86962475429262087
1,3,pressure_post_ms,1.53139198,1.533952,0.99833109510597462
1,3,compaction_ms,3.9449759699999998,3.9603199949999999,0.9961255592933469
1,3,boundary_ms,0.0255999994,0.024576000899999999,1.0416666041056339
1,4,total_ms,25.2467203,25.515008000000002,0.98948510225824726
1,4,gas_flux_ms,0.36044800300000002,0.36812800150000002,0.97913769539750695
1,4,eulerian_coupling_ms,0.1059839985,0.103423998,1.0247524805606527
1,4,injection_ms,0.033280000099999998,0.032767999899999997,1.0156250061511993
1,4,bin_pre_ms,0.03020799905,0.13619199399999998,0.22180451407444701
1,4,pressure_pre_ms,1.4959360350000002,1.4959680450000001,0.99997860248411929
1,4,collision_pool_ms,0.74137598299999996,0.88371199349999996,0.83893393826616658
1,4,relax_ms,10.833408349999999,10.7299843,1.0096387885674725
1,4,track_ms,3.98438406,3.9193600399999999,1.0165904686827394
1,4,bin_post_ms,0.377856001,0.385024011,0.98138295328287983
1,4,moments_ms,1.6261119850000001,1.84985602,0.87904786503330135
1,4,pressure_post_ms,1.53804797,1.5329279900000001,1.0033400003349147
1,4,compaction_ms,3.9485440249999999,3.9562240849999997,0.99805873989061478
1,4,boundary_ms,0.0255999994,0.0255999994,1
1,5,total_ms,25.155071299999999,25.811967850000002,0.97455069858224685
1,5,gas_flux_ms,0.38092800999999998,0.33945600650000002,1.1221719536725887
1,5,eulerian_coupling_ms,0.105471998,0.104959998,1.0048780488734383
1,5,injection_ms,0.032767999899999997,0.033280000099999998,0.984615378651997
1,5,bin_pre_ms,0.020479999499999998,0.093696001899999992,0.21857922520384512
1,5,pressure_pre_ms,1.490448,1.4883360250000002,1.0014190175904665
1,5,collision_pool_ms,0.74035197500000005,0.88831999900000003,0.83342936760787711
1,5,relax_ms,10.866688249999999,10.931711700000001,0.99405185100152227
1,5,track_ms,3.9470080149999998,3.9808000300000002,0.99151125031517839
1,5,bin_post_ms,0.37734399699999999,0.38655999299999999,0.97615895031330879
1,5,moments_ms,1.613312005,1.8882560150000001,0.85439262058963972
1,5,pressure_post_ms,1.5360000149999999,1.5349760100000001,1.0006671146606387
1,5,compaction_ms,3.969023945,3.955200075,1.0034951126966694
1,5,boundary_ms,0.0255999994,0.0255999994,1
2,1,total_ms,25.434623700000003,25.994239800000003,0.97847153429737921
2,1,gas_flux_ms,0.38297599599999999,0.38092800999999998,1.0053763071925323
2,1,eulerian_coupling_ms,0.103423998,0.104959998,0.98536585337968474
2,1,injection_ms,0.032767999899999997,0.032767999899999997,1
2,1,bin_pre_ms,0.019455999099999999,0.094208002050000003,0.20652172508311886
2,1,pressure_pre_ms,1.50425601,1.5020319849999999,1.0014806775236549
2,1,collision_pool_ms,0.75161600100000003,0.88934397700000001,0.84513531371225559
2,1,relax_ms,10.797568349999999,10.826240049999999,0.99735164749094951
2,1,track_ms,3.9869440799999998,3.96748805,1.004903866062054
2,1,bin_post_ms,0.378879994,0.38758400100000001,0.97754291462613796
2,1,moments_ms,1.62252796,1.8903039700000002,0.8583423543251617
2,1,pressure_post_ms,1.5493119950000001,1.5503360050000001,0.99933949157040958
2,1,compaction_ms,4.2378239600000001,4.2337279300000006,1.0009674759615457
2,1,boundary_ms,0.0255999994,0.0255999994,1
2,2,total_ms,25.664000549999997,26.033663749999999,0.98580056946460326
2,2,gas_flux_ms,0.33279998600000005,0.38758400100000001,0.85865253762112859
2,2,eulerian_coupling_ms,0.103423998,0.105471998,0.9805825239036432
2,2,injection_ms,0.032767999899999997,0.0337920003,0.96969695812887402
2,2,bin_pre_ms,0.019967999299999997,0.10193599754999999,0.19588761359995147
2,2,pressure_pre_ms,1.50681603,1.5027199950000001,1.002725747320611
2,2,collision_pool_ms,0.75059199350000005,0.89548802400000005,0.83819322356453985
2,2,relax_ms,10.88614415,10.924543849999999,0.9964850065570473
2,2,track_ms,3.9966719199999998,3.9782400149999999,1.0046331807358284
2,2,bin_post_ms,0.37990400200000002,0.387071997,0.98148149425544728
2,2,moments_ms,1.6281599999999998,1.8805760149999999,0.86577728685963273
2,2,pressure_post_ms,1.55392003,1.5498240000000001,1.0026429000970432
2,2,compaction_ms,4.2475519149999998,4.2419199949999999,1.0013276818060308
2,2,boundary_ms,0.0255999994,0.0255999994,1
2,3,total_ms,25.586175949999998,25.967103950000002,0.98533036257206474
2,3,gas_flux_ms,0.3261440095,0.3353600055,0.97251909634764122
2,3,eulerian_coupling_ms,0.105471998,0.1029119975,1.0248756273533608
2,3,injection_ms,0.033280000099999998,0.0337920003,0.98484847906443695
2,3,bin_pre_ms,0.019455999099999999,0.096272002899999987,0.20209405137451442
2,3,pressure_pre_ms,1.5057920249999999,1.5052800149999999,1.0003401426943146
2,3,collision_pool_ms,0.75315198299999997,0.88831999899999992,0.84783859853187882
2,3,relax_ms,10.966015800000001,10.889215950000001,1.0070528356084261
2,3,track_ms,4.0115199100000005,3.9818240400000002,1.0074578559227345
2,3,bin_post_ms,0.37990400200000002,0.38809600500000002,0.97889181312237417
2,3,moments_ms,1.6261119850000001,1.8831359750000001,0.86351278218239125
2,3,pressure_post_ms,1.5524480350000001,1.557504,0.99675380287947901
2,3,compaction_ms,4.2280960099999998,4.2178559299999998,1.0024277927387624
2,3,boundary_ms,0.0255999994,0.0255999994,1
2,4,total_ms,25.68908785,26.138624200000002,0.98280183583648595
2,4,gas_flux_ms,0.3737599995,0.33945599199999998,1.1010558314139289
2,4,eulerian_coupling_ms,0.105471998,0.103423998,1.019801980580948
2,4,injection_ms,0.034304000449999997,0.0337920003,1.0151515194559226
2,4,bin_pre_ms,0.028672000399999998,0.086015999349999997,0.33333334050254221
2,4,pressure_pre_ms,1.50784004,1.5057920199999999,1.0013600948688786
2,4,collision_pool_ms,0.75264000900000005,0.88576000899999996,0.8497109841860111
2,4,relax_ms,10.92095995,10.9813762,0.99449829885620356
2,4,track_ms,3.9731199750000004,3.99923217,0.99347069790149256
2,4,bin_post_ms,0.37895999850000001,0.38912001299999999,0.97388976624031931
2,4,moments_ms,1.6204800050000001,1.9046879999999999,0.85078501308350774
2,4,pressure_post_ms,1.5508480100000002,1.5493119950000001,1.0009914174839911
2,4,compaction_ms,4.2188801799999993,4.2449920150000002,0.9938487905494916
2,4,boundary_ms,0.0255999994,0.0255999994,1
2,5,total_ms,25.723392499999999,25.97222425,0.9904193130474761
2,5,gas_flux_ms,0.36556799699999998,0.33331199,1.0967742174531434
2,5,eulerian_coupling_ms,0.105471998,0.104447998,1.0098039217563557
2,5,injection_ms,0.0337920003,0.033280000099999998,1.0153846213480029
2,5,bin_pre_ms,0.020479999499999998,0.084543999300000006,0.24224072281378339
2,5,pressure_pre_ms,1.5083520400000001,1.50835198,1.0000000397785138
2,5,collision_pool_ms,0.75878399600000002,0.88729602100000005,0.85516442995522002
2,5,relax_ms,10.923519599999999,10.908159699999999,1.0014081110308644
2,5,track_ms,3.9802880250000001,4.01561594,0.99120236707696707
2,5,bin_post_ms,0.37942400600000004,0.38963200200000003,0.97380093024289105
2,5,moments_ms,1.6327680349999998,1.8897919650000001,0.86399353221929887
2,5,pressure_post_ms,1.551872015,1.5559680450000002,0.99736753591234573
2,5,compaction_ms,4.2148480399999997,4.2137601350000002,1.0002581791476366
2,5,boundary_ms,0.0255999994,0.0255999994,1
4,1,total_ms,27.630080249999999,27.780608149999999,0.99458154770452711
4,1,gas_flux_ms,0.38451200699999999,0.377360001,1.018952740038815
4,1,eulerian_coupling_ms,0.103423998,0.10239999700000001,1.010000010058594
4,1,injection_ms,0.03225599975,0.0337920003,0.95454543867295127
4,1,bin_pre_ms,0.020991999649999999,0.09684800360000001,0.21675201211891576
4,1,pressure_pre_ms,1.86419201,1.8846720449999999,0.98913336935498508
4,1,collision_pool_ms,0.96460801350000003,0.88063999999999998,1.0953488525390627
4,1,relax_ms,10.718208349999999,10.737152099999999,0.99823568206694213
4,1,track_ms,3.951103925,3.95980811,0.99780186696976081
4,1,bin_post_ms,0.38195198800000002,0.39168000199999997,0.97516336307616758
4,1,moments_ms,1.86675203,1.8918399799999999,0.98673886255432663
4,1,pressure_post_ms,1.98963201,1.99219203,0.99871497327494074
4,1,compaction_ms,5.2679679400000001,5.2899839899999996,0.99583816320774921
4,1,boundary_ms,0.0255999994,0.026623999700000001,0.96153844983704684
4,2,total_ms,27.639216400000002,27.886080749999998,0.99114739886851988
4,2,gas_flux_ms,0.30259199449999996,0.37171201399999998,0.81404954132044804
4,2,eulerian_coupling_ms,0.10239999700000001,0.103423998,0.99009900004059026
4,2,injection_ms,0.032767999899999997,0.032767999899999997,1
4,2,bin_pre_ms,0.019455999099999999,0.097791999599999999,0.19895287119172478
4,2,pressure_pre_ms,1.872384015,1.8772000100000001,0.9974344795576684
4,2,collision_pool_ms,0.96204799399999996,0.88422399750000003,1.0880138932216663
4,2,relax_ms,10.793984399999999,10.841599949999999,0.99560806982183481
4,2,track_ms,3.93881595,4.0104959000000004,0.98212691103860739
4,2,bin_post_ms,0.38092800999999998,0.38963200200000003,0.97766099305159215
4,2,moments_ms,1.86163199,1.86675203,0.99725724685565231
4,2,pressure_post_ms,1.9911680199999999,2.0034559949999999,0.99386661098089157
4,2,compaction_ms,5.2986879350000002,5.31200004,0.99749395615591907
4,2,boundary_ms,0.0251519997,0.0255999994,0.98250001130859399
4,3,total_ms,27.7913599,27.715583800000001,1.0027340611169084
4,3,gas_flux_ms,0.33023999650000002,0.30003199000000003,1.1006826188767405
4,3,eulerian_coupling_ms,0.100863997,0.101375997,0.99494949480003636
4,3,injection_ms,0.032767999899999997,0.0337920003,0.96969695812887402
4,3,bin_pre_ms,0.019455999099999999,0.090128000799999997,0.21587074968160172
4,3,pressure_pre_ms,1.8671680099999999,1.883648035,0.99125100618916839
4,3,collision_pool_ms,0.96358400550000001,0.883711994,1.0903824006489609
4,3,relax_ms,10.726912049999999,10.77811195,0.99524964110249381
4,3,track_ms,3.96902394,3.9782400099999999,0.99768338009350022
4,3,bin_post_ms,0.38246399200000003,0.38912001299999999,0.98289468344564446
4,3,moments_ms,1.86419201,1.8780159950000002,0.99263904831651861
4,3,pressure_post_ms,2.0075520249999999,1.972224,1.0179127852617147
4,3,compaction_ms,5.2848639500000001,5.3022720799999998,0.99671685463564519
4,3,boundary_ms,0.0255999994,0.0255999994,1
4,4,total_ms,27.674112350000001,28.013567950000002,0.98788245750752357
4,4,gas_flux_ms,0.33843199899999998,0.332287997,1.018489990777488
4,4,eulerian_coupling_ms,0.10188799700000001,0.10188799700000001,1
4,4,injection_ms,0.032767999899999997,0.03225599975,1.0158730206463371
4,4,bin_pre_ms,0.019999999550000001,0.092672001549999994,0.21581490866159028
4,4,pressure_pre_ms,1.8831359750000001,1.8800640099999999,1.0016339683030262
4,4,collision_pool_ms,0.96870398499999999,0.88115200400000004,1.0993608147091043
4,4,relax_ms,10.7479043,10.9004803,0.98600281860974515
4,4,track_ms,3.98438406,3.9936000100000002,0.99769232021811816
4,4,bin_post_ms,0.38195198800000002,0.39065599449999999,0.97771951122587986
4,4,moments_ms,1.86060804,1.8856960549999999,0.98669562099709651
4,4,pressure_post_ms,2.00448,2.0019200449999999,1.0012787498713518
4,4,compaction_ms,5.2587521099999996,5.323776005,0.98778613244829783
4,4,boundary_ms,0.0255999994,0.0255999994,1
4,5,total_ms,27.7386236,27.594240200000002,1.0052323745445979
4,5,gas_flux_ms,0.32460799799999995,0.309312001,1.0494516764643733
4,5,eulerian_coupling_ms,0.10239999700000001,0.100351997,1.0204081638754037
4,5,injection_ms,0.032767999899999997,0.03225599975,1.0158730206463371
4,5,bin_pre_ms,0.019967999299999997,0.088128000499999998,0.22657951146866198
4,5,pressure_pre_ms,1.8708480600000001,1.8631679999999999,1.0041220437448477
4,5,collision_pool_ms,0.97331199050000006,0.87756800700000004,1.1091014972472668
4,5,relax_ms,10.792448,10.73305605,1.0055335544437038
4,5,track_ms,3.9490560299999999,3.9352319250000001,1.0035129073110474
4,5,bin_post_ms,0.38041600600000003,0.38911999800000002,0.97763159939160982
4,5,moments_ms,1.8631679999999999,1.887232005,0.98724904784560386
4,5,pressure_post_ms,1.98963201,1.98963201,1
4,5,compaction_ms,5.2357440000000004,5.2807679150000002,0.99147398338182791
4,5,boundary_ms,0.0255999994,0.0255999994,1
8,1,total_ms,32.133632649999996,31.162367799999998,1.0311678771084911
8,1,gas_flux_ms,0.37478399299999998,0.35175999999999996,1.0654536985444623
8,1,eulerian_coupling_ms,0.100351997,0.100863997,0.99492385771704051
8,1,injection_ms,0.032767999899999997,0.031791999949999997,1.0306995455314223
8,1,bin_pre_ms,0.019455999099999999,0.10700799850000001,0.18181817595625804
8,1,pressure_pre_ms,2.5922560700000004,2.6265599699999997,0.98693960907353684
8,1,collision_pool_ms,1.3788320449999998,0.88268798599999998,1.5620831674036173
8,1,relax_ms,10.675231950000001,10.744831999999999,0.99352246270579214
8,1,track_ms,3.897856,3.9398399599999996,0.98934373973911371
8,1,bin_post_ms,0.38195198800000002,0.39219200599999998,0.9738902939291425
8,1,moments_ms,2.565631985,1.8534400499999999,1.384254098210514
8,1,pressure_post_ms,2.8267519449999998,2.8303359750000001,0.99873370863683408
8,1,compaction_ms,7.2724480600000003,7.2888319500000005,0.99775219265413295
8,1,boundary_ms,0.024576000899999999,0.0255999994,0.96000005765625129
8,2,total_ms,32.357376099999996,31.336959799999999,1.0325627089070715
8,2,gas_flux_ms,0.31948800350000001,0.32767999149999999,0.97500003597259621
8,2,eulerian_coupling_ms,0.099327996399999993,0.099327996399999993,1
8,2,injection_ms,0.031791999949999997,0.032767999899999997,0.9702148451849818
8,2,bin_pre_ms,0.019455999099999999,0.093184001749999995,0.20879119521178968
8,2,pressure_pre_ms,2.612735985,2.588672045,1.0092958627364479
8,2,collision_pool_ms,1.387520015,0.88268798599999998,1.571925795985627
8,2,relax_ms,10.661376000000001,10.722303849999999,0.99431765310400166
8,2,track_ms,3.905023935,3.9157760149999996,0.99725416368075903
8,2,bin_post_ms,0.38297599599999999,0.39372800299999999,0.97269178997156569
8,2,moments_ms,2.5861120250000003,1.8652160150000001,1.386494649521868
8,2,pressure_post_ms,2.8554240449999999,2.84159994,1.0048649019186
8,2,compaction_ms,7.2094719400000002,7.2570879450000003,0.99343868982147221
8,2,boundary_ms,0.025088000149999998,0.024576000899999999,1.0208333020528169
8,3,total_ms,32.385536200000004,31.2340479,1.0368664447108056
8,3,gas_flux_ms,0.31795200700000004,0.34150399249999996,0.93103452370326267
8,3,eulerian_coupling_ms,0.099327996399999993,0.099327996399999993,1
8,3,injection_ms,0.031743999600000003,0.031743999600000003,1
8,3,bin_pre_ms,0.020479999499999998,0.085632000099999994,0.23916292362765915
8,3,pressure_pre_ms,2.5768959499999999,2.6035200349999998,0.98977381213046822
8,3,collision_pool_ms,1.3798400150000001,0.88166397799999996,1.5650407064719618
8,3,relax_ms,10.6490879,10.737152099999999,0.9917981789603223
8,3,track_ms,3.8917120700000001,3.9280639900000001,0.99074558864302009
8,3,bin_post_ms,0.38195198800000002,0.39219200599999998,0.9738902939291425
8,3,moments_ms,2.6583040950000001,1.84627199,1.4398225772790931
8,3,pressure_post_ms,2.8149759750000003,2.828799965,0.99511312564654963
8,3,compaction_ms,7.3748478899999999,7.3118720049999997,1.0086128265042025
8,3,boundary_ms,0.025088000149999998,0.025088000149999998,1
8,4,total_ms,32.401920349999997,31.373824149999997,1.032769234476633
8,4,gas_flux_ms,0.35225600000000001,0.35020799899999999,1.0058479560885187
8,4,eulerian_coupling_ms,0.099839996699999989,0.100351997,0.99489795604167186
8,4,injection_ms,0.031743999600000003,0.032767999899999997,0.9687499907493593
8,4,bin_pre_ms,0.019455999099999999,0.088064000000000003,0.2209302223382994
8,4,pressure_pre_ms,2.59481597,2.5779200800000002,1.0065540782784856
8,4,collision_pool_ms,1.3731839699999999,0.88063999999999998,1.5593022915152617
8,4,relax_ms,10.670591850000001,10.753023649999999,0.99233408177243254
8,4,track_ms,3.8963199849999999,3.8896640549999999,1.0017111837695711
8,4,bin_post_ms,0.38297599599999999,0.39219200599999998,0.97650128034481154
8,4,moments_ms,2.6501439800000002,1.8426879650000001,1.4381946538626251
8,4,pressure_post_ms,2.8441599599999998,2.82726407,1.0059760565626965
8,4,compaction_ms,7.3108479949999996,7.2407040600000006,1.0096874467480996
8,4,boundary_ms,0.0247200001,0.0255999994,0.96562502653808657
8,5,total_ms,32.410112400000003,31.373311999999999,1.0330472090418763
8,5,gas_flux_ms,0.32153600500000001,0.3645439895,0.88202251103086704
8,5,eulerian_coupling_ms,0.100351997,0.099327996399999993,1.0103092847647535
8,5,injection_ms,0.031743999600000003,0.03225599975,0.98412697935366278
8,5,bin_pre_ms,0.019455999099999999,0.088064000050000008,0.2209302222128621
8,5,pressure_pre_ms,2.587648035,2.612735985,0.99039782429452006
8,5,collision_pool_ms,1.3726719599999999,0.87961599199999996,1.5605354751212845
8,5,relax_ms,10.660863899999999,10.719232099999999,0.9945548151718816
8,5,track_ms,3.8824959999999997,3.9029759149999999,0.99475274368942646
8,5,bin_post_ms,0.38400000299999998,0.39116799800000002,0.98167540535869691
8,5,moments_ms,2.63679993,1.8611200450000001,1.4167812211167712
8,5,pressure_post_ms,2.8211200249999999,2.8457601100000001,0.99134147501983216
8,5,compaction_ms,7.3313281549999996,7.2468478699999999,1.0116575215204566
8,5,boundary_ms,0.0255999994,0.0255999994,1
16,1,total_ms,42.352127100000004,38.9862404,1.0863352471401682
16,1,gas_flux_ms,0.32614400999999998,0.3281919955,0.99375979448590779
16,1,eulerian_coupling_ms,0.098304003500000001,0.099327996399999993,0.98969079275619021
16,1,injection_ms,0.031743999600000003,0.031743999600000003,1
16,1,bin_pre_ms,0.019455999099999999,0.08550399915000001,0.2275449019158538
16,1,pressure_pre_ms,4.0227837550000007,4.1236479299999997,0.9755400614426365
16,1,collision_pool_ms,2.2348799699999997,0.89139199250000001,2.5071797691743338
16,1,relax_ms,10.8702717,10.890751849999999,0.99811949163087399
16,1,track_ms,3.9326719050000003,3.944447995,0.99701451508172323
16,1,bin_post_ms,0.39478400349999998,0.40448001,0.97602846553529299
16,1,moments_ms,4.2562561050000003,1.8534399850000001,2.296408915015395
16,1,pressure_post_ms,4.523519995,4.6059520250000006,0.98210315054247654
16,1,compaction_ms,11.6792803,11.477503800000001,1.0175801727898359
16,1,boundary_ms,0.024576000899999999,0.024576000899999999,1
16,2,total_ms,42.42892835,38.582271550000002,1.0997001121360881
16,2,gas_flux_ms,0.36915199450000002,0.324095994,1.1390205412412473
16,2,eulerian_coupling_ms,0.099327996399999993,0.099327996399999993,1
16,2,injection_ms,0.031743999600000003,0.031743999600000003,1
16,2,bin_pre_ms,0.019455999099999999,0.089200001249999994,0.21811657878199864
16,2,pressure_pre_ms,4.0226557249999999,4.0744957900000003,0.9872769373999033
16,2,collision_pool_ms,2.2236160050000002,0.89139199250000001,2.4945433924794878
16,2,relax_ms,10.8707838,10.87129595,0.99995288970125029
16,2,track_ms,3.9275679600000002,3.9275521050000002,1.0000040368656038
16,2,bin_post_ms,0.39423999199999998,0.40243199499999999,0.97964375819571703
16,2,moments_ms,4.2849280850000007,1.8503680249999999,2.3157166720928402
16,2,pressure_post_ms,4.5783040550000003,4.4974081550000005,1.0179872266896799
16,2,compaction_ms,11.472384,11.526656150000001,0.99529159634036612
16,2,boundary_ms,0.024576000899999999,0.0255999994,0.96000005765625129
16,3,total_ms,42.10534475,38.654464700000005,1.0892750702094187
16,3,gas_flux_ms,0.36710400850000002,0.33023999599999998,1.1116279461800866
16,3,eulerian_coupling_ms,0.099327996399999993,0.098815999949999997,1.0051813112275245
16,3,injection_ms,0.03225599975,0.032767999899999997,0.98437499537467965
16,3,bin_pre_ms,0.019455999099999999,0.082623999599999998,0.23547636515044715
16,3,pressure_pre_ms,4.0319998249999998,4.048896075,0.99582694895422819
16,3,collision_pool_ms,2.2446079250000004,0.89292800400000005,2.513761372635817
16,3,relax_ms,10.873343950000001,10.8718076,1.000141315046819
16,3,track_ms,3.93216002,3.9423999800000002,0.99740260753552457
16,3,bin_post_ms,0.39475199599999999,0.40243199499999999,0.98091603278213502
16,3,moments_ms,4.2362880700000005,1.8447359799999998,2.2964197131342345
16,3,pressure_post_ms,4.4938240050000005,4.5480959399999996,0.98806710858434543
16,3,compaction_ms,11.38227225,11.323392399999999,1.005199841877775
16,3,boundary_ms,0.0255999994,0.0255999994,1
16,4,total_ms,42.21491245,38.745086700000002,1.0895552454654851
16,4,gas_flux_ms,0.37273600699999998,0.36608000099999999,1.0181818345220119
16,4,eulerian_coupling_ms,0.099839996699999989,0.099327996399999993,1.0051546423823767
16,4,injection_ms,0.032767999899999997,0.031743999600000003,1.0322580743732115
16,4,bin_pre_ms,0.019455999099999999,0.089600000550000003,0.21714284576530618
16,4,pressure_pre_ms,4.0580158199999996,4.0242400199999997,1.0083930878456897
16,4,collision_pool_ms,2.2143999350000003,0.89139199250000001,2.4842044281657603
16,4,relax_ms,10.8702717,10.87744,0.9993409938367851
16,4,track_ms,3.93116808,3.9321598999999998,0.99974776712411928
16,4,bin_post_ms,0.39423999199999998,0.40345600199999998,0.97715733573347607
16,4,moments_ms,4.257279875,1.8508800249999999,2.3001382139828324
16,4,pressure_post_ms,4.5742881299999993,4.5342719549999995,1.0088252701640168
16,4,compaction_ms,11.39148805,11.386879950000001,1.0004046850428066
16,4,boundary_ms,0.024576000899999999,0.0255999994,0.96000005765625129
16,5,total_ms,42.41561695,38.814207100000004,1.0927858668018493
16,5,gas_flux_ms,0.37171201399999998,0.3087359965,1.2039801584976502
16,5,eulerian_coupling_ms,0.099327996399999993,0.099327996399999993,1
16,5,injection_ms,0.0317599997,0.032767999899999997,0.96923827505260707
16,5,bin_pre_ms,0.019455999099999999,0.09164800125,0.21229049007765458
16,5,pressure_pre_ms,4.0663038499999997,4.0268797899999997,1.0097902252006385
16,5,collision_pool_ms,2.2420479050000002,0.89292800400000005,2.510894377773373
16,5,relax_ms,10.874368199999999,10.881536000000001,0.9993412878475979
16,5,track_ms,3.9311360149999999,3.9388159549999999,0.99805019069493439
16,5,bin_post_ms,0.39423999199999998,0.40294399849999996,0.97839896726988984
16,5,moments_ms,4.2880001050000001,1.8334720149999999,2.3387322358448981
16,5,pressure_post_ms,4.4948480150000005,4.5475840600000002,0.98840350297999779
16,5,compaction_ms,11.332096100000001,11.5763202,0.97890313192960932
16,5,boundary_ms,0.024576000899999999,0.0255999994,0.96000005765625129
32,1,total_ms,62.162942899999997,53.768703450000004,1.1561175723310098
32,1,gas_flux_ms,0.31846399599999997,0.30924800050000001,1.0298013099036996
32,1,eulerian_coupling_ms,0.098304003500000001,0.098832000049999993,0.99465763568750132
32,1,injection_ms,0.031743999600000003,0.032767999899999997,0.9687499907493593
32,1,bin_pre_ms,0.018943999900000001,0.089088000400000006,0.21264367608367601
32,1,pressure_pre_ms,7.0717439649999996,7.0625278950000006,1.0013049251113788
32,1,collision_pool_ms,3.9813120400000002,0.92057597599999996,4.324805495467329
32,1,relax_ms,11.37510395,11.3894401,0.99874127701852522
32,1,track_ms,4.0442879200000004,4.0550398849999993,0.99734849340452325
32,1,bin_post_ms,0.417791992,0.42803201099999999,0.97607651124952899
32,1,moments_ms,7.29292798,1.892863985,3.8528536850998303
32,1,pressure_post_ms,7.9365119900000005,7.9943680749999997,0.99276289452059041
32,1,compaction_ms,19.807231900000001,19.448831599999998,1.018427857640559
32,1,boundary_ms,0.025088000149999998,0.024576000899999999,1.0208333020528169
32,2,total_ms,62.638080600000002,53.72415925,1.1659201646789847
32,2,gas_flux_ms,0.36505600799999999,0.36710399399999999,0.99442123748727174
32,2,eulerian_coupling_ms,0.099327996399999993,0.100351997,0.98979591208334394
32,2,injection_ms,0.032767999899999997,0.031743999600000003,1.0322580743732115
32,2,bin_pre_ms,0.019455999099999999,0.0887360014,0.21925710864857609
32,2,pressure_pre_ms,7.0379519500000001,6.9258239249999995,1.0161898463221473
32,2,collision_pool_ms,3.9495679149999998,0.92159998399999998,4.2855555377266583
32,2,relax_ms,11.37868785,11.381247999999999,0.99977505542450185
32,2,track_ms,4.0458240500000002,4.0535039949999998,0.99810535649909982
32,2,bin_post_ms,0.41830399600000001,0.42956799300000004,0.9737783140654056
32,2,moments_ms,7.56684804,1.9143680349999999,3.9526610879709976
32,2,pressure_post_ms,8.0552961849999996,7.9810562150000006,1.009302023190924
32,2,compaction_ms,19.582976350000003,19.562496199999998,1.0010469088295595
32,2,boundary_ms,0.025088000149999998,0.0255999994,0.98000002882812554
32,3,total_ms,62.467056299999996,53.829633749999999,1.1604585048844029
32,3,gas_flux_ms,0.32512000200000002,0.33177599299999999,0.97993829830840118
32,3,eulerian_coupling_ms,0.099327996399999993,0.099343996500000004,0.99983894245687999
32,3,injection_ms,0.032767999899999997,0.031743999600000003,1.0322580743732115
32,3,bin_pre_ms,0.019455999099999999,0.098479997399999991,0.19756295302258001
32,3,pressure_pre_ms,6.996480225,6.8889598850000002,1.0156076304398454
32,3,collision_pool_ms,3.95161593,0.92059201000000002,4.2924725470949934
32,3,relax_ms,11.379231949999999,11.38534405,0.99946316071142349
32,3,track_ms,4.0417280199999999,4.0509438499999995,0.99772501660322954
32,3,bin_post_ms,0.417791992,0.42905598900000003,0.97374702302547278
32,3,moments_ms,7.4004478450000004,1.9430400149999998,3.8086955429994069
32,3,pressure_post_ms,8.1039359550000007,7.9841280000000001,1.0150057658143758
32,3,compaction_ms,19.6305914,19.444224349999999,1.0095846996334417
32,3,boundary_ms,0.024576000899999999,0.0255999994,0.96000005765625129
32,4,total_ms,64.366029749999996,55.063039799999999,1.1689516231539399
32,4,gas_flux_ms,0.38860800849999999,0.37734401249999999,1.0298507346794061
32,4,eulerian_coupling_ms,0.098847996450000003,0.099327996399999993,0.99516752610143266
32,4,injection_ms,0.031743999600000003,0.031743999600000003,1
32,4,bin_pre_ms,0.019967999299999997,0.099328000050000004,0.20103092068649778
32,4,pressure_pre_ms,7.4880001549999999,7.3523199550000005,1.0184540663124608
32,4,collision_pool_ms,3.9603199999999998,0.92111998800000006,4.2994615811116237
32,4,relax_ms,11.377664100000001,11.387904150000001,0.9991007959089645
32,4,track_ms,4.0509600649999999,4.0611839300000003,0.99748254076244203
32,4,bin_post_ms,0.41728000300000001,0.43110400399999999,0.96793348966436421
32,4,moments_ms,8.0839681600000013,1.88364804,4.2916553349318916
32,4,pressure_post_ms,8.0199680349999998,7.8551042099999995,1.0209881143002686
32,4,compaction_ms,19.694591500000001,20.520447699999998,0.95975447455758989
32,4,boundary_ms,0.0255999994,0.0255999994,1
32,5,total_ms,62.395393349999999,53.889024750000004,1.1578497410087198
32,5,gas_flux_ms,0.31846399599999997,0.37785600149999998,0.8428184142524463
32,5,eulerian_coupling_ms,0.099327996399999993,0.099839996699999989,0.99487179169748519
32,5,injection_ms,0.03177599985,0.032767999899999997,0.96972656088173392
32,5,bin_pre_ms,0.019455999099999999,0.1122240015,0.17336754027613246
32,5,pressure_pre_ms,6.9990398850000002,6.9749760649999999,1.0034500218747346
32,5,collision_pool_ms,3.9577599750000001,0.91801601649999998,4.3112101574101462
32,5,relax_ms,11.381247999999999,11.383296,0.99982008725768001
32,5,track_ms,4.0432639100000003,4.0550401199999992,0.99709590789449476
32,5,bin_post_ms,0.41881600000000002,0.42854400000000004,0.97729988052568695
32,5,moments_ms,7.4757120600000002,1.900063995,3.9344527761550476
32,5,pressure_post_ms,7.95443225,8.090656280000001,0.98316279603463752
32,5,compaction_ms,19.7278719,19.393024449999999,1.0172663862134201
32,5,boundary_ms,0.024576000899999999,0.0255999994,0.96000005765625129
64,1,total_ms,102.62067400000001,85.129726399999996,1.2054622790377019
64,1,gas_flux_ms,0.36966399849999998,0.33177600799999996,1.1141974994768158
64,1,eulerian_coupling_ms,0.099327996399999993,0.099327996399999993,1
64,1,injection_ms,0.032287999999999997,0.031743999600000003,1.0171371095909412
64,1,bin_pre_ms,0.019455999099999999,0.088624000549999998,0.21953420043392524
64,1,pressure_pre_ms,12.9515519,12.764160149999999,1.0146810873412617
64,1,collision_pool_ms,7.40761614,0.98099201899999999,7.5511482219306414
64,1,relax_ms,12.396544,12.3903999,1.0004958758433615
64,1,track_ms,4.2890241099999997,4.2798078049999999,1.0021534389907025
64,1,bin_post_ms,0.45875200599999999,0.46899199499999999,0.97816596208641049
64,1,moments_ms,13.94329595,2.0116480599999997,6.9312799923859449
64,1,pressure_post_ms,14.757887849999999,15.017472250000001,0.98271450776278269
64,1,compaction_ms,36.105216949999999,36.694015500000006,0.98395382620362148
64,1,boundary_ms,0.024592000099999997,0.024576000899999999,1.0006510090907426
64,2,total_ms,102.7302395,85.088256849999993,1.2073374552859935
64,2,gas_flux_ms,0.33382399350000003,0.37580800049999996,0.8882833602686967
64,2,eulerian_coupling_ms,0.099327996399999993,0.099327996399999993,1
64,2,injection_ms,0.031743999600000003,0.032703999400000003,0.97064579814051732
64,2,bin_pre_ms,0.018943999900000001,0.098303999749999996,0.1927083328061634
64,2,pressure_pre_ms,12.8414717,12.944895750000001,0.99201043778201137
64,2,collision_pool_ms,7.2647678850000004,0.98359999049999991,7.3858966603965222
64,2,relax_ms,12.375040049999999,12.39398385,0.9984715326218534
64,2,track_ms,4.2808320549999994,4.2874879850000003,0.9984475921510948
64,2,bin_post_ms,0.45875200599999999,0.46796798699999997,0.98030638578702611
64,2,moments_ms,14.003712199999999,2.003968,6.9879919240227384
64,2,pressure_post_ms,14.9575677,15.087103800000001,0.99141411753261743
64,2,compaction_ms,36.394494999999999,36.363264100000002,1.0008588585423495
64,2,boundary_ms,0.024640000449999998,0.0255999994,0.96250004013671964
64,3,total_ms,104.86015699999999,84.987392449999987,1.2338319129121604
64,3,gas_flux_ms,0.33075200049999998,0.34406399700000001,0.96130953364469562
64,3,eulerian_coupling_ms,0.098815999949999997,0.098320003599999997,1.005044714522366
64,3,injection_ms,0.032767999899999997,0.032767999899999997,1
64,3,bin_pre_ms,0.019455999099999999,0.092160001399999997,0.21111109813850329
64,3,pressure_pre_ms,12.91878415,13.0882082,0.98705521432643473
64,3,collision_pool_ms,7.4112000449999993,0.98559999500000006,7.5194806032847019
64,3,relax_ms,12.391424149999999,12.394496,0.99975216015237722
64,3,track_ms,4.2772481449999997,4.2813439399999993,0.9990433389474429
64,3,bin_post_ms,0.46182400000000001,0.46899199499999999,0.98471616770345949
64,3,moments_ms,14.4737282,2.0193279999999998,7.1675964479272318
64,3,pressure_post_ms,14.85875175,14.983679800000001,0.99166239190455729
64,3,compaction_ms,37.972991950000001,36.265472399999993,1.0470838910125435
64,3,boundary_ms,0.024640000449999998,0.0255999994,0.96250004013671964
64,4,total_ms,103.6487695,84.555267349999994,1.2258109133635187
64,4,gas_flux_ms,0.38451199250000001,0.32204800850000004,1.1939586097456025
64,4,eulerian_coupling_ms,0.118272003,0.098815999949999997,1.1968912226749167
64,4,injection_ms,0.03225599975,0.032767999899999997,0.98437499537467965
64,4,bin_pre_ms,0.019455999099999999,0.090112000750000004,0.21590907912451382
64,4,pressure_pre_ms,12.972544200000002,12.975104349999999,0.99980268752135337
64,4,collision_pool_ms,7.2990720299999996,0.98099201899999999,7.4405009303138883
64,4,relax_ms,12.3699198,12.394496,0.99801716826565601
64,4,track_ms,4.2813441750000001,4.2874879850000003,0.99856703738377939
64,4,bin_post_ms,0.45926401,0.46899199499999999,0.97925767368374805
64,4,moments_ms,14.4286718,2.0408320450000002,7.0699947285471003
64,4,pressure_post_ms,15.147007949999999,14.839295849999999,1.0207363006378769
64,4,compaction_ms,36.402191149999993,36.126207350000001,1.0076394346443895
64,4,boundary_ms,0.0255999994,0.0255999994,1
64,5,total_ms,103.5601925,84.91264344999999,1.2196086270824962
64,5,gas_flux_ms,0.32358398999999999,0.38963200149999999,0.83048617350287124
64,5,eulerian_coupling_ms,0.098336000000000007,0.098352000150000007,0.99983731749252081
64,5,injection_ms,0.03225599975,0.031743999600000003,1.0161290371866056
64,5,bin_pre_ms,0.019455999099999999,0.10700799899999999,0.18181817510670395
64,5,pressure_pre_ms,12.75238465,12.867968100000001,0.99101773884565347
64,5,collision_pool_ms,7.3461759099999995,0.98303997499999995,7.4729167651600328
64,5,relax_ms,12.3883519,12.3939843,0.99954555372480181
64,5,track_ms,4.2792961599999995,4.2977278249999999,0.99571130007517394
64,5,bin_post_ms,0.45824000200000004,0.46796798699999997,0.97921228530531956
64,5,moments_ms,14.325248250000001,2.0403200350000001,7.0210790485130925
64,5,pressure_post_ms,15.06201605,15.044096,1.0011911682828931
64,5,compaction_ms,36.639743799999998,36.26854325,1.0102347796943842
64,5,boundary_ms,0.02510399935,0.0255999994,0.98062499759277333
