factor,pair,order_in_pair,state,run_id,restart_sha256,total_ms,gas_flux_ms,eulerian_coupling_ms,injection_ms,bin_pre_ms,pressure_pre_ms,collision_pool_ms,relax_ms,track_ms,bin_post_ms,moments_ms,pressure_post_ms,compaction_ms,boundary_ms,particle_count,occupancy_mean,occupancy_cv,occupancy_p99,occupancy_max,heavy_threshold,heavy_cell_count,heavy_particle_count,heavy_particle_fraction,heavy_task_count_estimate
1,1,1,S1,k1_pair01_o1_S1,bb7eb72ee5e82c70446b27c7a9543662f13d4abde9b03a83b1f0a5a602a9dc86,24.6548481,0.3717119995,0.1064959985,0.0327679999,0.036480000250000005,1.481552005,0.727039993,10.52876805,3.889664055,0.373760015,1.583103955,1.522176025,3.944959995,0.0255999994,3798929.0,499.8590789473684,1.9750548130902637,4500.0,11498.5,0.0,0.0,0.0,0.0,0.0
1,1,2,S2,k1_pair01_o2_S2,bb7eb72ee5e82c70446b27c7a9543662f13d4abde9b03a83b1f0a5a602a9dc86,25.22675225,0.372736007,0.10188799700000001,0.0327679999,0.09371200204999999,1.47814405,0.872960001,10.6419201,3.8481919749999998,0.381951988,1.8206720349999999,1.525759995,3.956224085,0.02465599965,3798929.0,499.8590789473684,1.9750549479108819,4500.0,11498.5,8384.0,19.0,186245.0,0.049022870471078145,38.0
1,2,1,S2,k1_pair02_o1_S2,bb7eb72ee5e82c70446b27c7a9543662f13d4abde9b03a83b1f0a5a602a9dc86,25.3399048,0.3624960035,0.1029119975,0.0327679999,0.08806400005000001,1.4774400550000002,0.872960001,10.711040050000001,3.91577601,0.3834879995,1.8380799849999998,1.526271995,3.945472,0.0255999994,3798929.0,499.8590789473684,1.975055146341195,4500.0,11498.5,8384.0,19.0,186245.0,0.049022870471078145,38.0
1,2,2,S1,k1_pair02_o2_S1,bb7eb72ee5e82c70446b27c7a9543662f13d4abde9b03a83b1f0a5a602a9dc86,25.057791700000003,0.32615999900000003,0.1035199985,0.0327679999,0.019983999449999998,1.482751965,0.739327997,10.822144,3.941888095,0.377855986,1.6235519649999999,1.53958398,3.960832,0.0255999994,3798929.0,499.8590789473684,1.9750549463106375,4500.0,11498.5,0.0,0.0,0.0,0.0,0.0
1,3,1,S1,k1_pair03_o1_S1,bb7eb72ee5e82c70446b27c7a9543662f13d4abde9b03a83b1f0a5a602a9dc86,24.987648,0.32153600449999997,0.104959998,0.03281600025,0.0204799995,1.484287975,0.739327997,10.75711965,3.991551995,0.377855986,1.62559998,1.53139198,3.9449759699999998,0.0255999994,3798929.0,499.8590789473684,1.9750550131208482,4500.0,11498.5,0.0,0.0,0.0,0.0,0.0
1,3,2,S2,k1_pair03_o2_S2,bb7eb72ee5e82c70446b27c7a9543662f13d4abde9b03a83b1f0a5a602a9dc86,25.539071999999997,0.311296001,0.103935998,0.0332800001,0.08668800075,1.4812159550000001,0.88319999,10.8108802,3.9516160449999997,0.385024011,1.86931199,1.533952,3.960319995,0.0245760009,3798929.0,499.8590789473684,1.9750550131208482,4500.0,11498.5,8384.0,19.0,186245.0,0.049022870471078145,38.0
1,4,1,S2,k1_pair04_o1_S2,bb7eb72ee5e82c70446b27c7a9543662f13d4abde9b03a83b1f0a5a602a9dc86,25.515008,0.3681280015,0.103423998,0.0327679999,0.13619199399999998,1.4959680450000001,0.8837119935,10.7299843,3.91936004,0.385024011,1.84985602,1.5329279900000001,3.9562240849999997,0.0255999994,3798929.0,499.8590789473684,1.9750550131208482,4500.0,11498.5,8384.0,19.0,186245.0,0.049022870471078145,38.0
1,4,2,S1,k1_pair04_o2_S1,bb7eb72ee5e82c70446b27c7a9543662f13d4abde9b03a83b1f0a5a602a9dc86,25.2467203,0.360448003,0.1059839985,0.0332800001,0.03020799905,1.4959360350000002,0.741375983,10.83340835,3.98438406,0.377856001,1.626111985,1.53804797,3.948544025,0.0255999994,3798929.0,499.8590789473684,1.975055146341195,4500.0,11498.5,0.0,0.0,0.0,0.0,0.0
1,5,1,S1,k1_pair05_o1_S1,bb7eb72ee5e82c70446b27c7a9543662f13d4abde9b03a83b1f0a5a602a9dc86,25.1550713,0.38092801,0.105471998,0.0327679999,0.0204799995,1.490448,0.740351975,10.86668825,3.9470080149999998,0.377343997,1.613312005,1.536000015,3.969023945,0.0255999994,3798929.0,499.8590789473684,1.9750550128541406,4500.0,11498.5,0.0,0.0,0.0,0.0,0.0
1,5,2,S2,k1_pair05_o2_S2,bb7eb72ee5e82c70446b27c7a9543662f13d4abde9b03a83b1f0a5a602a9dc86,25.811967850000002,0.3394560065,0.104959998,0.0332800001,0.09369600189999999,1.4883360250000002,0.888319999,10.931711700000001,3.98080003,0.386559993,1.888256015,1.53497601,3.955200075,0.0255999994,3798929.0,499.8590789473684,1.9750550797977007,4500.0,11498.5,8384.0,19.0,186245.0,0.049022870471078145,38.0
2,1,1,S1,k2_pair01_o1_S1,50d23cbd990b730960d8094acfa0cb986d8cc2517bf0a1cb4fcc2664dd535e82,25.434623700000003,0.382975996,0.103423998,0.0327679999,0.0194559991,1.50425601,0.751616001,10.797568349999999,3.98694408,0.378879994,1.62252796,1.549311995,4.23782396,0.0255999994,3809929.0,501.30644736842106,2.004800084733676,4500.0,17999.0,0.0,0.0,0.0,0.0,0.0
2,1,2,S2,k2_pair01_o2_S2,50d23cbd990b730960d8094acfa0cb986d8cc2517bf0a1cb4fcc2664dd535e82,25.994239800000003,0.38092801,0.104959998,0.0327679999,0.09420800205,1.502031985,0.889343977,10.82624005,3.96748805,0.387584001,1.8903039700000002,1.5503360050000001,4.233727930000001,0.0255999994,3809929.0,501.30644736842106,2.0047996327879605,4500.0,17999.0,8384.0,20.0,199989.0,0.05248807919533789,40.5
2,2,1,S2,k2_pair02_o1_S2,50d23cbd990b730960d8094acfa0cb986d8cc2517bf0a1cb4fcc2664dd535e82,26.03366375,0.387584001,0.105471998,0.0337920003,0.10193599754999999,1.502719995,0.895488024,10.92454385,3.978240015,0.387071997,1.880576015,1.549824,4.241919995,0.0255999994,3809929.0,501.30644736842106,2.004799951970088,4500.0,17999.0,8384.0,20.0,199989.0,0.05248807919533789,40.5
2,2,2,S1,k2_pair02_o2_S1,50d23cbd990b730960d8094acfa0cb986d8cc2517bf0a1cb4fcc2664dd535e82,25.664000549999997,0.33279998600000005,0.103423998,0.0327679999,0.019967999299999997,1.50681603,0.7505919935,10.88614415,3.99667192,0.379904002,1.6281599999999998,1.55392003,4.247551915,0.0255999994,3809929.0,501.30644736842106,2.0048008014288214,4500.0,17999.0,0.0,0.0,0.0,0.0,0.0
2,3,1,S1,k2_pair03_o1_S1,50d23cbd990b730960d8094acfa0cb986d8cc2517bf0a1cb4fcc2664dd535e82,25.586175949999998,0.3261440095,0.105471998,0.0332800001,0.0194559991,1.5057920249999999,0.753151983,10.966015800000001,4.0115199100000005,0.379904002,1.626111985,1.552448035,4.22809601,0.0255999994,3809929.0,501.30644736842106,2.0048002800613025,4500.0,17999.0,0.0,0.0,0.0,0.0,0.0
2,3,2,S2,k2_pair03_o2_S2,50d23cbd990b730960d8094acfa0cb986d8cc2517bf0a1cb4fcc2664dd535e82,25.967103950000002,0.3353600055,0.1029119975,0.0337920003,0.09627200289999999,1.5052800149999999,0.8883199989999999,10.88921595,3.9818240400000002,0.388096005,1.883135975,1.557504,4.21785593,0.0255999994,3809929.0,501.30644736842106,2.0048004103789636,4500.0,17999.0,8384.0,20.0,199989.0,0.05248807919533789,40.5
2,4,1,S2,k2_pair04_o1_S2,50d23cbd990b730960d8094acfa0cb986d8cc2517bf0a1cb4fcc2664dd535e82,26.138624200000002,0.339455992,0.103423998,0.0337920003,0.08601599935,1.50579202,0.885760009,10.9813762,3.99923217,0.389120013,1.904688,1.549311995,4.244992015,0.0255999994,3809929.0,501.30644736842106,2.004799891115413,4500.0,17999.0,8384.0,20.0,199989.0,0.05248807919533789,40.5
2,4,2,S1,k2_pair04_o2_S1,50d23cbd990b730960d8094acfa0cb986d8cc2517bf0a1cb4fcc2664dd535e82,25.68908785,0.3737599995,0.105471998,0.03430400045,0.028672000399999998,1.50784004,0.752640009,10.92095995,3.9731199750000004,0.3789599985,1.6204800050000001,1.5508480100000002,4.218880179999999,0.0255999994,3809929.0,501.30644736842106,2.0048000227373866,4500.0,17999.0,0.0,0.0,0.0,0.0,0.0
2,5,1,S1,k2_pair05_o1_S1,50d23cbd990b730960d8094acfa0cb986d8cc2517bf0a1cb4fcc2664dd535e82,25.7233925,0.365567997,0.105471998,0.0337920003,0.0204799995,1.5083520400000001,0.758783996,10.923519599999999,3.980288025,0.37942400600000004,1.6327680349999998,1.551872015,4.21484804,0.0255999994,3809929.0,501.30644736842106,2.0048006023015303,4500.0,17999.0,0.0,0.0,0.0,0.0,0.0
2,5,2,S2,k2_pair05_o2_S2,50d23cbd990b730960d8094acfa0cb986d8cc2517bf0a1cb4fcc2664dd535e82,25.97222425,0.33331199,0.104447998,0.0332800001,0.0845439993,1.50835198,0.887296021,10.908159699999999,4.01561594,0.38963200200000003,1.8897919650000001,1.5559680450000002,4.213760135,0.0255999994,3809929.0,501.30644736842106,2.0048004747001915,4500.0,17999.0,8384.0,20.0,199989.0,0.05248807919533789,40.5
4,1,1,S1,k4_pair01_o1_S1,769dd58f21e51d798eaa901177f499c9588cc6f2849b5b96765bf774095a578d,27.63008025,0.384512007,0.103423998,0.03225599975,0.02099199965,1.86419201,0.9646080135,10.71820835,3.951103925,0.381951988,1.86675203,1.98963201,5.26796794,0.0255999994,3831929.0,504.2011842105263,2.1111274438831718,4500.0,32000.0,0.0,0.0,0.0,0.0,0.0
4,1,2,S2,k4_pair01_o2_S2,769dd58f21e51d798eaa901177f499c9588cc6f2849b5b96765bf774095a578d,27.78060815,0.377360001,0.102399997,0.0337920003,0.09684800360000001,1.8846720449999999,0.88064,10.7371521,3.95980811,0.39168000199999997,1.8918399799999999,1.99219203,5.28998399,0.0266239997,3831929.0,504.2011842105263,2.1111276858704335,4500.0,32000.0,8448.0,20.0,221989.0,0.05792761104818106,43.0
4,2,1,S2,k4_pair02_o1_S2,769dd58f21e51d798eaa901177f499c9588cc6f2849b5b96765bf774095a578d,27.886080749999998,0.371712014,0.103423998,0.0327679999,0.0977919996,1.8772000100000001,0.8842239975,10.841599949999999,4.0104959000000004,0.38963200200000003,1.86675203,2.003455995,5.31200004,0.0255999994,3831929.0,504.2011842105263,2.11112725714616,4500.0,32000.0,8448.0,20.0,221989.0,0.05792761104818106,43.0
4,2,2,S1,k4_pair02_o2_S1,769dd58f21e51d798eaa901177f499c9588cc6f2849b5b96765bf774095a578d,27.639216400000002,0.30259199449999996,0.102399997,0.0327679999,0.0194559991,1.872384015,0.962047994,10.7939844,3.93881595,0.38092801,1.86163199,1.99116802,5.298687935,0.0251519997,3831929.0,504.2011842105263,2.1111276843242752,4500.0,32000.0,0.0,0.0,0.0,0.0,0.0
4,3,1,S1,k4_pair03_o1_S1,769dd58f21e51d798eaa901177f499c9588cc6f2849b5b96765bf774095a578d,27.7913599,0.3302399965,0.100863997,0.0327679999,0.0194559991,1.8671680099999999,0.9635840055,10.72691205,3.96902394,0.38246399200000003,1.86419201,2.007552025,5.28486395,0.0255999994,3831929.0,504.2011842105263,2.1111275638470772,4500.0,32000.0,0.0,0.0,0.0,0.0,0.0
4,3,2,S2,k4_pair03_o2_S2,769dd58f21e51d798eaa901177f499c9588cc6f2849b5b96765bf774095a578d,27.7155838,0.30003199,0.101375997,0.0337920003,0.0901280008,1.883648035,0.883711994,10.77811195,3.97824001,0.389120013,1.8780159950000002,1.972224,5.30227208,0.0255999994,3831929.0,504.2011842105263,2.1111271355161216,4500.0,32000.0,8448.0,20.0,221989.0,0.05792761104818106,43.0
4,4,1,S2,k4_pair04_o1_S2,769dd58f21e51d798eaa901177f499c9588cc6f2849b5b96765bf774095a578d,28.013567950000002,0.332287997,0.10188799700000001,0.03225599975,0.09267200155,1.88006401,0.881152004,10.9004803,3.99360001,0.3906559945,1.885696055,2.001920045,5.323776005,0.0255999994,3831929.0,504.2011842105263,2.1111272003978336,4500.0,32000.0,8448.0,20.0,221989.0,0.05792761104818106,43.0
4,4,2,S1,k4_pair04_o2_S1,769dd58f21e51d798eaa901177f499c9588cc6f2849b5b96765bf774095a578d,27.67411235,0.338431999,0.10188799700000001,0.0327679999,0.01999999955,1.883135975,0.968703985,10.7479043,3.98438406,0.381951988,1.86060804,2.00448,5.25875211,0.0255999994,3831929.0,504.2011842105263,2.1111271969192726,4500.0,32000.0,0.0,0.0,0.0,0.0,0.0
4,5,1,S1,k4_pair05_o1_S1,769dd58f21e51d798eaa901177f499c9588cc6f2849b5b96765bf774095a578d,27.7386236,0.32460799799999995,0.102399997,0.0327679999,0.019967999299999997,1.8708480600000001,0.9733119905000001,10.792448,3.94905603,0.38041600600000003,1.863168,1.98963201,5.235744,0.0255999994,3831929.0,504.2011842105263,2.1111275022691283,4500.0,32000.0,0.0,0.0,0.0,0.0,0.0
4,5,2,S2,k4_pair05_o2_S2,769dd58f21e51d798eaa901177f499c9588cc6f2849b5b96765bf774095a578d,27.5942402,0.309312001,0.100351997,0.03225599975,0.0881280005,1.863168,0.877568007,10.73305605,3.935231925,0.389119998,1.887232005,1.98963201,5.280767915,0.0255999994,3831929.0,504.2011842105263,2.1111273800986035,4500.0,32000.0,8448.0,20.0,221989.0,0.05792761104818106,43.0
8,1,1,S1,k8_pair01_o1_S1,1f98894464a6b72dd6fe3799b84d95e00d29836b859aa0e8cfad0ad617260177,32.133632649999996,0.374783993,0.100351997,0.0327679999,0.0194559991,2.5922560700000004,1.3788320449999998,10.67523195,3.897856,0.381951988,2.565631985,2.826751945,7.27244806,0.0245760009,3875929.0,509.99065789473684,2.472172726620415,4500.0,60999.5,0.0,0.0,0.0,0.0,0.0
8,1,2,S2,k8_pair01_o2_S2,1f98894464a6b72dd6fe3799b84d95e00d29836b859aa0e8cfad0ad617260177,31.1623678,0.35175999999999996,0.100863997,0.03179199995,0.1070079985,2.6265599699999997,0.882687986,10.744831999999999,3.9398399599999996,0.392192006,1.85344005,2.830335975,7.2888319500000005,0.0255999994,3875929.0,509.99065789473684,2.472172928772214,4500.0,60999.5,8512.0,15.0,229496.0,0.05920241606774719,38.5
8,2,1,S2,k8_pair02_o1_S2,1f98894464a6b72dd6fe3799b84d95e00d29836b859aa0e8cfad0ad617260177,31.3369598,0.3276799915,0.0993279964,0.0327679999,0.09318400175,2.588672045,0.882687986,10.72230385,3.9157760149999996,0.393728003,1.8652160150000001,2.84159994,7.257087945,0.0245760009,3875929.0,509.99065789473684,2.472172573529982,4500.0,60999.5,8512.0,15.0,229496.0,0.05920241606774719,38.5
8,2,2,S1,k8_pair02_o2_S1,1f98894464a6b72dd6fe3799b84d95e00d29836b859aa0e8cfad0ad617260177,32.357376099999996,0.3194880035,0.0993279964,0.03179199995,0.0194559991,2.612735985,1.387520015,10.661376,3.905023935,0.382975996,2.5861120250000003,2.855424045,7.20947194,0.025088000149999998,3875929.0,509.99065789473684,2.472172775588617,4500.0,60999.5,0.0,0.0,0.0,0.0,0.0
8,3,1,S1,k8_pair03_o1_S1,1f98894464a6b72dd6fe3799b84d95e00d29836b859aa0e8cfad0ad617260177,32.385536200000004,0.31795200700000004,0.0993279964,0.0317439996,0.0204799995,2.57689595,1.379840015,10.6490879,3.89171207,0.381951988,2.658304095,2.8149759750000003,7.37484789,0.025088000149999998,3875929.0,509.99065789473684,2.472173186419843,4500.0,60999.5,0.0,0.0,0.0,0.0,0.0
8,3,2,S2,k8_pair03_o2_S2,1f98894464a6b72dd6fe3799b84d95e00d29836b859aa0e8cfad0ad617260177,31.2340479,0.34150399249999996,0.0993279964,0.0317439996,0.0856320001,2.603520035,0.881663978,10.7371521,3.92806399,0.392192006,1.84627199,2.828799965,7.311872005,0.025088000149999998,3875929.0,509.99065789473684,2.472173186196334,4500.0,60999.5,8512.0,15.0,229496.0,0.05920241606774719,38.5
8,4,1,S2,k8_pair04_o1_S2,1f98894464a6b72dd6fe3799b84d95e00d29836b859aa0e8cfad0ad617260177,31.373824149999997,0.350207999,0.100351997,0.0327679999,0.088064,2.57792008,0.88064,10.75302365,3.889664055,0.392192006,1.842687965,2.82726407,7.2407040600000006,0.0255999994,3875929.0,509.99065789473684,2.4721728256146633,4500.0,60999.5,8512.0,15.0,229496.0,0.05920241606774719,38.5
8,4,2,S1,k8_pair04_o2_S1,1f98894464a6b72dd6fe3799b84d95e00d29836b859aa0e8cfad0ad617260177,32.40192035,0.352256,0.09983999669999999,0.0317439996,0.0194559991,2.59481597,1.37318397,10.670591850000001,3.896319985,0.382975996,2.65014398,2.84415996,7.310847995,0.0247200001,3875929.0,509.99065789473684,2.4721729781623263,4500.0,60999.5,0.0,0.0,0.0,0.0,0.0
8,5,1,S1,k8_pair05_o1_S1,1f98894464a6b72dd6fe3799b84d95e00d29836b859aa0e8cfad0ad617260177,32.4101124,0.321536005,0.100351997,0.0317439996,0.0194559991,2.587648035,1.37267196,10.660863899999999,3.8824959999999997,0.384000003,2.63679993,2.821120025,7.331328155,0.0255999994,3875929.0,509.99065789473684,2.4721731356008414,4500.0,60999.5,0.0,0.0,0.0,0.0,0.0
8,5,2,S2,k8_pair05_o2_S2,1f98894464a6b72dd6fe3799b84d95e00d29836b859aa0e8cfad0ad617260177,31.373312,0.3645439895,0.0993279964,0.03225599975,0.08806400005000001,2.612735985,0.879615992,10.7192321,3.902975915,0.391167998,1.861120045,2.84576011,7.24684787,0.0255999994,3875929.0,509.99065789473684,2.472172879812933,4500.0,60999.5,8512.0,15.0,229496.0,0.05920241606774719,38.5
16,1,1,S1,k16_pair01_o1_S1,87ddac25f6432faae34f83c00df5af2b7d7af53b2c6e3683904cab9cbf00265c,42.352127100000004,0.32614401,0.0983040035,0.0317439996,0.0194559991,4.022783755000001,2.2348799699999997,10.8702717,3.9326719050000003,0.3947840035,4.256256105,4.523519995,11.6792803,0.0245760009,3963929.0,521.5696052631579,3.5074423978610243,4500.0,118994.0,0.0,0.0,0.0,0.0,0.0
16,1,2,S2,k16_pair01_o2_S2,87ddac25f6432faae34f83c00df5af2b7d7af53b2c6e3683904cab9cbf00265c,38.9862404,0.3281919955,0.0993279964,0.0317439996,0.08550399915000001,4.12364793,0.8913919925,10.89075185,3.944447995,0.40448001,1.853439985,4.605952025000001,11.477503800000001,0.0245760009,3963929.0,521.5696052631579,3.5074422954859186,4500.0,118994.0,8704.0,15.0,317496.0,0.08008549073419192,48.0
16,2,1,S2,k16_pair02_o1_S2,87ddac25f6432faae34f83c00df5af2b7d7af53b2c6e3683904cab9cbf00265c,38.58227155,0.324095994,0.0993279964,0.0317439996,0.08920000125,4.07449579,0.8913919925,10.87129595,3.927552105,0.402431995,1.8503680249999999,4.4974081550000005,11.52665615,0.0255999994,3963929.0,521.5696052631579,3.507442328906959,4500.0,118994.0,8704.0,15.0,317496.0,0.08008549073419192,48.0
16,2,2,S1,k16_pair02_o2_S1,87ddac25f6432faae34f83c00df5af2b7d7af53b2c6e3683904cab9cbf00265c,42.42892835,0.3691519945,0.0993279964,0.0317439996,0.0194559991,4.022655725,2.2236160050000002,10.8707838,3.92756796,0.394239992,4.284928085000001,4.578304055,11.472384,0.0245760009,3963929.0,521.5696052631579,3.507442328906959,4500.0,118994.0,0.0,0.0,0.0,0.0,0.0
16,3,1,S1,k16_pair03_o1_S1,87ddac25f6432faae34f83c00df5af2b7d7af53b2c6e3683904cab9cbf00265c,42.10534475,0.3671040085,0.0993279964,0.03225599975,0.0194559991,4.031999825,2.2446079250000004,10.87334395,3.93216002,0.394751996,4.2362880700000005,4.4938240050000005,11.38227225,0.0255999994,3963929.0,521.5696052631579,3.5074423286286898,4500.0,118994.0,0.0,0.0,0.0,0.0,0.0
16,3,2,S2,k16_pair03_o2_S2,87ddac25f6432faae34f83c00df5af2b7d7af53b2c6e3683904cab9cbf00265c,38.654464700000005,0.330239996,0.09881599995,0.0327679999,0.0826239996,4.048896075,0.892928004,10.8718076,3.9423999800000002,0.402431995,1.8447359799999998,4.54809594,11.3233924,0.0255999994,3963929.0,521.5696052631579,3.507442396906029,4500.0,118994.0,8704.0,15.0,317496.0,0.08008549073419192,48.0
16,4,1,S2,k16_pair04_o1_S2,87ddac25f6432faae34f83c00df5af2b7d7af53b2c6e3683904cab9cbf00265c,38.7450867,0.366080001,0.0993279964,0.0317439996,0.08960000055,4.02424002,0.8913919925,10.87744,3.9321599,0.403456002,1.850880025,4.5342719549999995,11.38687995,0.0255999994,3963929.0,521.5696052631579,3.5074424666796187,4500.0,118994.0,8704.0,15.0,317496.0,0.08008549073419192,48.0
16,4,2,S1,k16_pair04_o2_S1,87ddac25f6432faae34f83c00df5af2b7d7af53b2c6e3683904cab9cbf00265c,42.21491245,0.372736007,0.09983999669999999,0.0327679999,0.0194559991,4.05801582,2.2143999350000003,10.8702717,3.93116808,0.394239992,4.257279875,4.574288129999999,11.39148805,0.0245760009,3963929.0,521.5696052631579,3.5074423286286898,4500.0,118994.0,0.0,0.0,0.0,0.0,0.0
16,5,1,S1,k16_pair05_o1_S1,87ddac25f6432faae34f83c00df5af2b7d7af53b2c6e3683904cab9cbf00265c,42.41561695,0.371712014,0.0993279964,0.0317599997,0.0194559991,4.06630385,2.242047905,10.8743682,3.931136015,0.394239992,4.288000105,4.4948480150000005,11.332096100000001,0.0245760009,3963929.0,521.5696052631579,3.507442396906029,4500.0,118994.0,0.0,0.0,0.0,0.0,0.0
16,5,2,S2,k16_pair05_o2_S2,87ddac25f6432faae34f83c00df5af2b7d7af53b2c6e3683904cab9cbf00265c,38.814207100000004,0.3087359965,0.0993279964,0.0327679999,0.09164800125,4.02687979,0.892928004,10.881536,3.938815955,0.40294399849999996,1.833472015,4.54758406,11.5763202,0.0255999994,3963929.0,521.5696052631579,3.5074425349569553,4500.0,118994.0,8704.0,15.0,317496.0,0.08008549073419192,48.0
32,1,1,S1,k32_pair01_o1_S1,c0611e66b30afd0d29331616edec271d89617e064a1f03ec16e9c447e13e5d4d,62.1629429,0.31846399599999997,0.0983040035,0.0317439996,0.0189439999,7.071743965,3.98131204,11.37510395,4.04428792,0.417791992,7.29292798,7.9365119900000005,19.8072319,0.025088000149999998,4139929.0,544.7275,5.872582867734739,4500.0,235001.0,0.0,0.0,0.0,0.0,0.0
32,1,2,S2,k32_pair01_o2_S2,c0611e66b30afd0d29331616edec271d89617e064a1f03ec16e9c447e13e5d4d,53.768703450000004,0.3092480005,0.09883200005,0.0327679999,0.0890880004,7.0625278950000006,0.920575976,11.3894401,4.055039884999999,0.428032011,1.892863985,7.994368075,19.4488316,0.0245760009,4139929.0,544.7275,5.872582792102071,4500.0,235001.0,9088.0,12.0,463248.5,0.11191387363750571,61.0
32,2,1,S2,k32_pair02_o1_S2,c0611e66b30afd0d29331616edec271d89617e064a1f03ec16e9c447e13e5d4d,53.72415925,0.367103994,0.100351997,0.0317439996,0.0887360014,6.9258239249999995,0.921599984,11.381248,4.053503995,0.42956799300000004,1.9143680349999999,7.981056215000001,19.5624962,0.0255999994,4139929.0,544.7275,5.87258282942801,4500.0,235001.0,9088.0,12.0,463248.5,0.11191387363750571,61.0
32,2,2,S1,k32_pair02_o2_S1,c0611e66b30afd0d29331616edec271d89617e064a1f03ec16e9c447e13e5d4d,62.6380806,0.365056008,0.0993279964,0.0327679999,0.0194559991,7.03795195,3.949567915,11.37868785,4.04582405,0.418303996,7.56684804,8.055296185,19.582976350000003,0.025088000149999998,4139929.0,544.7275,5.872582905022484,4500.0,235001.0,0.0,0.0,0.0,0.0,0.0
32,3,1,S1,k32_pair03_o1_S1,c0611e66b30afd0d29331616edec271d89617e064a1f03ec16e9c447e13e5d4d,62.467056299999996,0.325120002,0.0993279964,0.0327679999,0.0194559991,6.996480225,3.95161593,11.37923195,4.04172802,0.417791992,7.400447845,8.103935955,19.6305914,0.0245760009,4139929.0,544.7275,5.872582886321755,4500.0,235001.0,0.0,0.0,0.0,0.0,0.0
32,3,2,S2,k32_pair03_o2_S2,c0611e66b30afd0d29331616edec271d89617e064a1f03ec16e9c447e13e5d4d,53.82963375,0.331775993,0.0993439965,0.0317439996,0.09847999739999999,6.888959885,0.92059201,11.38534405,4.0509438499999995,0.429055989,1.9430400149999998,7.984128,19.44422435,0.0255999994,4139929.0,544.7275,5.87258290498429,4500.0,235001.0,9088.0,12.0,463248.5,0.11191387363750571,61.0
32,4,1,S2,k32_pair04_o1_S2,c0611e66b30afd0d29331616edec271d89617e064a1f03ec16e9c447e13e5d4d,55.0630398,0.3773440125,0.0993279964,0.0317439996,0.09932800005,7.3523199550000005,0.9211199880000001,11.38790415,4.06118393,0.431104004,1.88364804,7.8551042099999995,20.5204477,0.0255999994,4139929.0,544.7275,5.872582829542592,4500.0,235001.0,9088.0,12.0,463248.5,0.11191387363750571,61.0
32,4,2,S1,k32_pair04_o2_S1,c0611e66b30afd0d29331616edec271d89617e064a1f03ec16e9c447e13e5d4d,64.36602975,0.3886080085,0.09884799645,0.0317439996,0.019967999299999997,7.488000155,3.96032,11.3776641,4.050960065,0.417280003,8.083968160000001,8.019968035,19.6945915,0.0255999994,4139929.0,544.7275,5.87258290498429,4500.0,235001.0,0.0,0.0,0.0,0.0,0.0
32,5,1,S1,k32_pair05_o1_S1,c0611e66b30afd0d29331616edec271d89617e064a1f03ec16e9c447e13e5d4d,62.39539335,0.31846399599999997,0.0993279964,0.03177599985,0.0194559991,6.999039885,3.957759975,11.381248,4.04326391,0.418816,7.47571206,7.95443225,19.7278719,0.0245760009,4139929.0,544.7275,5.872582905022484,4500.0,235001.0,0.0,0.0,0.0,0.0,0.0
32,5,2,S2,k32_pair05_o2_S2,c0611e66b30afd0d29331616edec271d89617e064a1f03ec16e9c447e13e5d4d,53.889024750000004,0.3778560015,0.09983999669999999,0.0327679999,0.1122240015,6.974976065,0.9180160165,11.383296,4.055040119999999,0.42854400000000004,1.900063995,8.090656280000001,19.39302445,0.0255999994,4139929.0,544.7275,5.872582867696545,4500.0,235001.0,9088.0,12.0,463248.5,0.11191387363750571,61.0
64,1,1,S1,k64_pair01_o1_S1,6958624016041c5aa3998d5804b10b841860e8bb003b4ab890a0773d864c1088,102.62067400000001,0.3696639985,0.0993279964,0.032288,0.0194559991,12.9515519,7.40761614,12.396544,4.28902411,0.458752006,13.94329595,14.75788785,36.10521695,0.024592000099999997,4491929.0,591.0432894736841,10.359768448230763,4500.0,467016.5,0.0,0.0,0.0,0.0,0.0
64,1,2,S2,k64_pair01_o2_S2,6958624016041c5aa3998d5804b10b841860e8bb003b4ab890a0773d864c1088,85.1297264,0.33177600799999996,0.0993279964,0.0317439996,0.08862400055,12.764160149999999,0.980992019,12.3903999,4.279807805,0.468991995,2.0116480599999997,15.01747225,36.694015500000006,0.0245760009,4491929.0,591.0432894736841,10.359768475833203,4500.0,467016.5,9856.0,8.0,775248.5,0.17256918470454313,85.0
64,2,1,S2,k64_pair02_o1_S2,6958624016041c5aa3998d5804b10b841860e8bb003b4ab890a0773d864c1088,85.08825685,0.37580800049999996,0.0993279964,0.0327039994,0.09830399975,12.94489575,0.9835999904999999,12.39398385,4.287487985,0.467967987,2.003968,15.087103800000001,36.3632641,0.0255999994,4491929.0,591.0432894736841,10.359768466677119,4500.0,467016.5,9856.0,8.0,775248.5,0.17256918470454313,85.0
64,2,2,S1,k64_pair02_o2_S1,6958624016041c5aa3998d5804b10b841860e8bb003b4ab890a0773d864c1088,102.7302395,0.3338239935,0.0993279964,0.0317439996,0.0189439999,12.8414717,7.264767885,12.375040049999999,4.280832054999999,0.458752006,14.003712199999999,14.9575677,36.394495,0.024640000449999998,4491929.0,591.0432894736841,10.359768430295613,4500.0,467016.5,0.0,0.0,0.0,0.0,0.0
64,3,1,S1,k64_pair03_o1_S1,6958624016041c5aa3998d5804b10b841860e8bb003b4ab890a0773d864c1088,104.86015699999999,0.3307520005,0.09881599995,0.0327679999,0.0194559991,12.91878415,7.411200044999999,12.391424149999999,4.277248145,0.461824,14.4737282,14.85875175,37.97299195,0.024640000449999998,4491929.0,591.0432894736841,10.359768466677119,4500.0,467016.5,0.0,0.0,0.0,0.0,0.0
64,3,2,S2,k64_pair03_o2_S2,6958624016041c5aa3998d5804b10b841860e8bb003b4ab890a0773d864c1088,84.98739244999999,0.344063997,0.0983200036,0.0327679999,0.0921600014,13.0882082,0.9855999950000001,12.394496,4.281343939999999,0.468991995,2.019328,14.9836798,36.26547239999999,0.0255999994,4491929.0,591.0432894736841,10.359768430277201,4500.0,467016.5,9856.0,8.0,775248.5,0.17256918470454313,85.0
64,4,1,S2,k64_pair04_o1_S2,6958624016041c5aa3998d5804b10b841860e8bb003b4ab890a0773d864c1088,84.55526735,0.32204800850000004,0.09881599995,0.0327679999,0.09011200075,12.975104349999999,0.980992019,12.394496,4.287487985,0.468991995,2.040832045,14.83929585,36.12620735,0.0255999994,4491929.0,591.0432894736841,10.359768448212353,4500.0,467016.5,9856.0,8.0,775248.5,0.17256918470454313,85.0
64,4,2,S1,k64_pair04_o2_S1,6958624016041c5aa3998d5804b10b841860e8bb003b4ab890a0773d864c1088,103.6487695,0.3845119925,0.118272003,0.03225599975,0.0194559991,12.972544200000002,7.29907203,12.3699198,4.281344175,0.45926401,14.4286718,15.147007949999999,36.40219114999999,0.0255999994,4491929.0,591.0432894736841,10.359768475635718,4500.0,467016.5,0.0,0.0,0.0,0.0,0.0
64,5,1,S1,k64_pair05_o1_S1,6958624016041c5aa3998d5804b10b841860e8bb003b4ab890a0773d864c1088,103.5601925,0.32358399,0.098336,0.03225599975,0.0194559991,12.75238465,7.3461759099999995,12.3883519,4.2792961599999995,0.45824000200000004,14.325248250000001,15.06201605,36.6397438,0.02510399935,4491929.0,591.0432894736841,10.359768475851613,4500.0,467016.5,0.0,0.0,0.0,0.0,0.0
64,5,2,S2,k64_pair05_o2_S2,6958624016041c5aa3998d5804b10b841860e8bb003b4ab890a0773d864c1088,84.91264344999999,0.3896320015,0.09835200015000001,0.0317439996,0.10700799899999999,12.8679681,0.983039975,12.3939843,4.297727825,0.467967987,2.040320035,15.044096,36.26854325,0.0255999994,4491929.0,591.0432894736841,10.359768466677119,4500.0,467016.5,9856.0,8.0,775248.5,0.17256918470454313,85.0
